solid OpenSCAD_Model
  facet normal -1 0 0
    outer loop
      vertex -12.5 -23 0
      vertex -12.5 23 40
      vertex -12.5 23 0
    endloop
  endfacet
  facet normal -1 -0 0
    outer loop
      vertex -12.5 23 40
      vertex -12.5 -23 0
      vertex -12.5 -23 40
    endloop
  endfacet
  facet normal 0 0 1
    outer loop
      vertex 11 -21.5 43
      vertex 6.39505 -23.7867 43
      vertex 6.4 -23.9 43
    endloop
  endfacet
  facet normal 0 0 1
    outer loop
      vertex 11 -21.5 43
      vertex 6.38025 -23.6743 43
      vertex 6.39505 -23.7867 43
    endloop
  endfacet
  facet normal 0 0 1
    outer loop
      vertex 11 -21.5 43
      vertex 6.3557 -23.5635 43
      vertex 6.38025 -23.6743 43
    endloop
  endfacet
  facet normal 0 0 1
    outer loop
      vertex 11 -21.5 43
      vertex 6.3216 -23.4554 43
      vertex 6.3557 -23.5635 43
    endloop
  endfacet
  facet normal 0 0 1
    outer loop
      vertex 11 -21.5 43
      vertex 6.2782 -23.3506 43
      vertex 6.3216 -23.4554 43
    endloop
  endfacet
  facet normal 0 0 1
    outer loop
      vertex 11 -21.5 43
      vertex 6.22583 -23.25 43
      vertex 6.2782 -23.3506 43
    endloop
  endfacet
  facet normal 0 0 1
    outer loop
      vertex 11 -21.5 43
      vertex 6.1649 -23.1544 43
      vertex 6.22583 -23.25 43
    endloop
  endfacet
  facet normal 0 0 1
    outer loop
      vertex 11 -21.5 43
      vertex 6.09586 -23.0644 43
      vertex 6.1649 -23.1544 43
    endloop
  endfacet
  facet normal 0 0 1
    outer loop
      vertex 11 -21.5 43
      vertex 6.01924 -22.9808 43
      vertex 6.09586 -23.0644 43
    endloop
  endfacet
  facet normal 0 0 1
    outer loop
      vertex 11 -21.5 43
      vertex 5.93562 -22.9041 43
      vertex 6.01924 -22.9808 43
    endloop
  endfacet
  facet normal 0 0 1
    outer loop
      vertex 11 -21.5 43
      vertex 5.84565 -22.8351 43
      vertex 5.93562 -22.9041 43
    endloop
  endfacet
  facet normal 0 0 1
    outer loop
      vertex 11 -21.5 43
      vertex 5.75 -22.7742 43
      vertex 5.84565 -22.8351 43
    endloop
  endfacet
  facet normal 0 0 1
    outer loop
      vertex 11 -21.5 43
      vertex 5.6494 -22.7218 43
      vertex 5.75 -22.7742 43
    endloop
  endfacet
  facet normal 0 0 1
    outer loop
      vertex 11 -21.5 43
      vertex 5.54463 -22.6784 43
      vertex 5.6494 -22.7218 43
    endloop
  endfacet
  facet normal 0 0 1
    outer loop
      vertex 11 -21.5 43
      vertex 5.43646 -22.6443 43
      vertex 5.54463 -22.6784 43
    endloop
  endfacet
  facet normal 0 0 1
    outer loop
      vertex 11 -21.5 43
      vertex 5.32574 -22.6197 43
      vertex 5.43646 -22.6443 43
    endloop
  endfacet
  facet normal 0 0 1
    outer loop
      vertex 11 -21.5 43
      vertex 5.2133 -22.6049 43
      vertex 5.32574 -22.6197 43
    endloop
  endfacet
  facet normal 0 0 1
    outer loop
      vertex 11 -21.5 43
      vertex 5.1 -22.6 43
      vertex 5.2133 -22.6049 43
    endloop
  endfacet
  facet normal 0 0 1
    outer loop
      vertex 11 -21.5 43
      vertex 4.9867 -22.6049 43
      vertex 5.1 -22.6 43
    endloop
  endfacet
  facet normal 0 0 1
    outer loop
      vertex -4.9867 -22.6049 43
      vertex 4.9867 -22.6049 43
      vertex 11 -21.5 43
    endloop
  endfacet
  facet normal 0 0 1
    outer loop
      vertex 3.80495 -23.7867 43
      vertex -3.8 -23.9 43
      vertex 3.8 -23.9 43
    endloop
  endfacet
  facet normal 0 0 1
    outer loop
      vertex -3.80495 -23.7867 43
      vertex 3.80495 -23.7867 43
      vertex 3.81975 -23.6743 43
    endloop
  endfacet
  facet normal 0 0 1
    outer loop
      vertex -3.81975 -23.6743 43
      vertex 3.81975 -23.6743 43
      vertex 3.8443 -23.5635 43
    endloop
  endfacet
  facet normal 0 0 1
    outer loop
      vertex -3.8443 -23.5635 43
      vertex 3.8443 -23.5635 43
      vertex 3.8784 -23.4554 43
    endloop
  endfacet
  facet normal 0 0 1
    outer loop
      vertex -3.8784 -23.4554 43
      vertex 3.8784 -23.4554 43
      vertex 3.9218 -23.3506 43
    endloop
  endfacet
  facet normal 0 0 1
    outer loop
      vertex -3.9218 -23.3506 43
      vertex 3.9218 -23.3506 43
      vertex 3.97417 -23.25 43
    endloop
  endfacet
  facet normal 0 0 1
    outer loop
      vertex -3.97417 -23.25 43
      vertex 3.97417 -23.25 43
      vertex 4.0351 -23.1544 43
    endloop
  endfacet
  facet normal 0 0 1
    outer loop
      vertex -4.0351 -23.1544 43
      vertex 4.0351 -23.1544 43
      vertex 4.10414 -23.0644 43
    endloop
  endfacet
  facet normal 0 0 1
    outer loop
      vertex -4.10414 -23.0644 43
      vertex 4.10414 -23.0644 43
      vertex 4.18076 -22.9808 43
    endloop
  endfacet
  facet normal 0 0 1
    outer loop
      vertex -4.18076 -22.9808 43
      vertex 4.18076 -22.9808 43
      vertex 4.26438 -22.9041 43
    endloop
  endfacet
  facet normal 0 0 1
    outer loop
      vertex -4.26438 -22.9041 43
      vertex 4.26438 -22.9041 43
      vertex 4.35435 -22.8351 43
    endloop
  endfacet
  facet normal 0 0 1
    outer loop
      vertex -4.35435 -22.8351 43
      vertex 4.35435 -22.8351 43
      vertex 4.45 -22.7742 43
    endloop
  endfacet
  facet normal 0 0 1
    outer loop
      vertex -4.45 -22.7742 43
      vertex 4.45 -22.7742 43
      vertex 4.5506 -22.7218 43
    endloop
  endfacet
  facet normal 0 0 1
    outer loop
      vertex -4.5506 -22.7218 43
      vertex 4.5506 -22.7218 43
      vertex 4.65537 -22.6784 43
    endloop
  endfacet
  facet normal 0 0 1
    outer loop
      vertex -4.65537 -22.6784 43
      vertex 4.65537 -22.6784 43
      vertex 4.76353 -22.6443 43
    endloop
  endfacet
  facet normal 0 0 1
    outer loop
      vertex -4.76353 -22.6443 43
      vertex 4.76353 -22.6443 43
      vertex 4.87426 -22.6197 43
    endloop
  endfacet
  facet normal 0 0 1
    outer loop
      vertex 4.9867 -22.6049 43
      vertex -4.9867 -22.6049 43
      vertex 4.87426 -22.6197 43
    endloop
  endfacet
  facet normal 0 0 1
    outer loop
      vertex 3.80495 -23.7867 43
      vertex -3.80495 -23.7867 43
      vertex -3.8 -23.9 43
    endloop
  endfacet
  facet normal 0 0 1
    outer loop
      vertex 3.81975 -23.6743 43
      vertex -3.81975 -23.6743 43
      vertex -3.80495 -23.7867 43
    endloop
  endfacet
  facet normal 0 0 1
    outer loop
      vertex 3.8443 -23.5635 43
      vertex -3.8443 -23.5635 43
      vertex -3.81975 -23.6743 43
    endloop
  endfacet
  facet normal 0 0 1
    outer loop
      vertex 3.8784 -23.4554 43
      vertex -3.8784 -23.4554 43
      vertex -3.8443 -23.5635 43
    endloop
  endfacet
  facet normal 0 0 1
    outer loop
      vertex 3.9218 -23.3506 43
      vertex -3.9218 -23.3506 43
      vertex -3.8784 -23.4554 43
    endloop
  endfacet
  facet normal 0 0 1
    outer loop
      vertex 3.97417 -23.25 43
      vertex -3.97417 -23.25 43
      vertex -3.9218 -23.3506 43
    endloop
  endfacet
  facet normal 0 0 1
    outer loop
      vertex 4.0351 -23.1544 43
      vertex -4.0351 -23.1544 43
      vertex -3.97417 -23.25 43
    endloop
  endfacet
  facet normal 0 0 1
    outer loop
      vertex 4.10414 -23.0644 43
      vertex -4.10414 -23.0644 43
      vertex -4.0351 -23.1544 43
    endloop
  endfacet
  facet normal 0 0 1
    outer loop
      vertex 4.18076 -22.9808 43
      vertex -4.18076 -22.9808 43
      vertex -4.10414 -23.0644 43
    endloop
  endfacet
  facet normal 0 0 1
    outer loop
      vertex 4.26438 -22.9041 43
      vertex -4.26438 -22.9041 43
      vertex -4.18076 -22.9808 43
    endloop
  endfacet
  facet normal 0 0 1
    outer loop
      vertex 4.35435 -22.8351 43
      vertex -4.35435 -22.8351 43
      vertex -4.26438 -22.9041 43
    endloop
  endfacet
  facet normal 0 0 1
    outer loop
      vertex 4.45 -22.7742 43
      vertex -4.45 -22.7742 43
      vertex -4.35435 -22.8351 43
    endloop
  endfacet
  facet normal 0 0 1
    outer loop
      vertex 4.5506 -22.7218 43
      vertex -4.5506 -22.7218 43
      vertex -4.45 -22.7742 43
    endloop
  endfacet
  facet normal 0 0 1
    outer loop
      vertex 4.65537 -22.6784 43
      vertex -4.65537 -22.6784 43
      vertex -4.5506 -22.7218 43
    endloop
  endfacet
  facet normal 0 0 1
    outer loop
      vertex 4.76353 -22.6443 43
      vertex -4.76353 -22.6443 43
      vertex -4.65537 -22.6784 43
    endloop
  endfacet
  facet normal 0 0 1
    outer loop
      vertex 4.87426 -22.6197 43
      vertex -4.87426 -22.6197 43
      vertex -4.76353 -22.6443 43
    endloop
  endfacet
  facet normal 0 0 1
    outer loop
      vertex 4.87426 -22.6197 43
      vertex -4.9867 -22.6049 43
      vertex -4.87426 -22.6197 43
    endloop
  endfacet
  facet normal -0 0 1
    outer loop
      vertex -11 -21.5 43
      vertex -4.9867 -22.6049 43
      vertex 11 -21.5 43
    endloop
  endfacet
  facet normal 0 0 1
    outer loop
      vertex -4.9867 -22.6049 43
      vertex -11 -21.5 43
      vertex -5.1 -22.6 43
    endloop
  endfacet
  facet normal 0 0 1
    outer loop
      vertex -6.39505 -23.7867 43
      vertex -11 -21.5 43
      vertex -6.4 -23.9 43
    endloop
  endfacet
  facet normal 0 0 1
    outer loop
      vertex -6.38025 -23.6743 43
      vertex -11 -21.5 43
      vertex -6.39505 -23.7867 43
    endloop
  endfacet
  facet normal 0 0 1
    outer loop
      vertex -6.3557 -23.5635 43
      vertex -11 -21.5 43
      vertex -6.38025 -23.6743 43
    endloop
  endfacet
  facet normal 0 0 1
    outer loop
      vertex -6.3216 -23.4554 43
      vertex -11 -21.5 43
      vertex -6.3557 -23.5635 43
    endloop
  endfacet
  facet normal 0 0 1
    outer loop
      vertex -6.2782 -23.3506 43
      vertex -11 -21.5 43
      vertex -6.3216 -23.4554 43
    endloop
  endfacet
  facet normal 0 0 1
    outer loop
      vertex -6.22583 -23.25 43
      vertex -11 -21.5 43
      vertex -6.2782 -23.3506 43
    endloop
  endfacet
  facet normal 0 0 1
    outer loop
      vertex -6.1649 -23.1544 43
      vertex -11 -21.5 43
      vertex -6.22583 -23.25 43
    endloop
  endfacet
  facet normal 0 0 1
    outer loop
      vertex -6.09586 -23.0644 43
      vertex -11 -21.5 43
      vertex -6.1649 -23.1544 43
    endloop
  endfacet
  facet normal 0 0 1
    outer loop
      vertex -6.01924 -22.9808 43
      vertex -11 -21.5 43
      vertex -6.09586 -23.0644 43
    endloop
  endfacet
  facet normal 0 0 1
    outer loop
      vertex -5.93562 -22.9041 43
      vertex -11 -21.5 43
      vertex -6.01924 -22.9808 43
    endloop
  endfacet
  facet normal 0 0 1
    outer loop
      vertex -5.84565 -22.8351 43
      vertex -11 -21.5 43
      vertex -5.93562 -22.9041 43
    endloop
  endfacet
  facet normal 0 0 1
    outer loop
      vertex -5.75 -22.7742 43
      vertex -11 -21.5 43
      vertex -5.84565 -22.8351 43
    endloop
  endfacet
  facet normal 0 0 1
    outer loop
      vertex -5.6494 -22.7218 43
      vertex -11 -21.5 43
      vertex -5.75 -22.7742 43
    endloop
  endfacet
  facet normal 0 0 1
    outer loop
      vertex -5.54463 -22.6784 43
      vertex -11 -21.5 43
      vertex -5.6494 -22.7218 43
    endloop
  endfacet
  facet normal 0 0 1
    outer loop
      vertex -5.43646 -22.6443 43
      vertex -11 -21.5 43
      vertex -5.54463 -22.6784 43
    endloop
  endfacet
  facet normal 0 0 1
    outer loop
      vertex -5.32574 -22.6197 43
      vertex -11 -21.5 43
      vertex -5.43646 -22.6443 43
    endloop
  endfacet
  facet normal 0 0 1
    outer loop
      vertex -5.2133 -22.6049 43
      vertex -11 -21.5 43
      vertex -5.32574 -22.6197 43
    endloop
  endfacet
  facet normal 0 0 1
    outer loop
      vertex -5.1 -22.6 43
      vertex -11 -21.5 43
      vertex -5.2133 -22.6049 43
    endloop
  endfacet
  facet normal 0 0 1
    outer loop
      vertex 17 29 43
      vertex 11 21.5 43
      vertex 17 -29 43
    endloop
  endfacet
  facet normal -0 0 1
    outer loop
      vertex 6.22583 24.55 43
      vertex 11 21.5 43
      vertex 17 29 43
    endloop
  endfacet
  facet normal 0 0 1
    outer loop
      vertex 11 21.5 43
      vertex 6.39505 24.0133 43
      vertex 6.4 23.9 43
    endloop
  endfacet
  facet normal 0 0 1
    outer loop
      vertex 11 21.5 43
      vertex 6.38025 24.1257 43
      vertex 6.39505 24.0133 43
    endloop
  endfacet
  facet normal 0 0 1
    outer loop
      vertex 11 21.5 43
      vertex 6.3557 24.2365 43
      vertex 6.38025 24.1257 43
    endloop
  endfacet
  facet normal 0 0 1
    outer loop
      vertex 11 21.5 43
      vertex 6.3216 24.3446 43
      vertex 6.3557 24.2365 43
    endloop
  endfacet
  facet normal 0 0 1
    outer loop
      vertex 11 21.5 43
      vertex 6.2782 24.4494 43
      vertex 6.3216 24.3446 43
    endloop
  endfacet
  facet normal 0 0 1
    outer loop
      vertex 11 21.5 43
      vertex 6.22583 24.55 43
      vertex 6.2782 24.4494 43
    endloop
  endfacet
  facet normal 0 0 1
    outer loop
      vertex 17 29 43
      vertex 6.1649 24.6456 43
      vertex 6.22583 24.55 43
    endloop
  endfacet
  facet normal 0 0 1
    outer loop
      vertex 17 29 43
      vertex 6.09586 24.7356 43
      vertex 6.1649 24.6456 43
    endloop
  endfacet
  facet normal 0 0 1
    outer loop
      vertex 17 29 43
      vertex 6.01924 24.8192 43
      vertex 6.09586 24.7356 43
    endloop
  endfacet
  facet normal 0 0 1
    outer loop
      vertex 17 29 43
      vertex 5.93562 24.8959 43
      vertex 6.01924 24.8192 43
    endloop
  endfacet
  facet normal 0 0 1
    outer loop
      vertex 17 29 43
      vertex 5.84565 24.9649 43
      vertex 5.93562 24.8959 43
    endloop
  endfacet
  facet normal 0 0 1
    outer loop
      vertex 17 29 43
      vertex 5.75 25.0258 43
      vertex 5.84565 24.9649 43
    endloop
  endfacet
  facet normal 0 0 1
    outer loop
      vertex 17 29 43
      vertex 5.6494 25.0782 43
      vertex 5.75 25.0258 43
    endloop
  endfacet
  facet normal 0 0 1
    outer loop
      vertex 17 29 43
      vertex 5.54463 25.1216 43
      vertex 5.6494 25.0782 43
    endloop
  endfacet
  facet normal 0 0 1
    outer loop
      vertex 17 29 43
      vertex 5.43646 25.1557 43
      vertex 5.54463 25.1216 43
    endloop
  endfacet
  facet normal 0 0 1
    outer loop
      vertex 17 29 43
      vertex 5.32574 25.1802 43
      vertex 5.43646 25.1557 43
    endloop
  endfacet
  facet normal 0 0 1
    outer loop
      vertex 17 29 43
      vertex 5.2133 25.1951 43
      vertex 5.32574 25.1802 43
    endloop
  endfacet
  facet normal 0 0 1
    outer loop
      vertex 17 29 43
      vertex 5.1 25.2 43
      vertex 5.2133 25.1951 43
    endloop
  endfacet
  facet normal 0 0 1
    outer loop
      vertex 17 29 43
      vertex 4.9867 25.1951 43
      vertex 5.1 25.2 43
    endloop
  endfacet
  facet normal 0 0 1
    outer loop
      vertex 17 29 43
      vertex 4.87426 25.1802 43
      vertex 4.9867 25.1951 43
    endloop
  endfacet
  facet normal 0 0 1
    outer loop
      vertex -4.87426 25.1802 43
      vertex 4.87426 25.1802 43
      vertex 17 29 43
    endloop
  endfacet
  facet normal 0 0 1
    outer loop
      vertex 3.80495 24.0133 43
      vertex -3.8 23.9 43
      vertex 3.8 23.9 43
    endloop
  endfacet
  facet normal 0 0 1
    outer loop
      vertex -3.80495 24.0133 43
      vertex 3.80495 24.0133 43
      vertex 3.81975 24.1257 43
    endloop
  endfacet
  facet normal 0 0 1
    outer loop
      vertex -3.81975 24.1257 43
      vertex 3.81975 24.1257 43
      vertex 3.8443 24.2365 43
    endloop
  endfacet
  facet normal 0 0 1
    outer loop
      vertex -3.8443 24.2365 43
      vertex 3.8443 24.2365 43
      vertex 3.8784 24.3446 43
    endloop
  endfacet
  facet normal 0 0 1
    outer loop
      vertex -3.8784 24.3446 43
      vertex 3.8784 24.3446 43
      vertex 3.9218 24.4494 43
    endloop
  endfacet
  facet normal 0 0 1
    outer loop
      vertex -3.9218 24.4494 43
      vertex 3.9218 24.4494 43
      vertex 3.97417 24.55 43
    endloop
  endfacet
  facet normal 0 0 1
    outer loop
      vertex -3.97417 24.55 43
      vertex 3.97417 24.55 43
      vertex 4.0351 24.6456 43
    endloop
  endfacet
  facet normal 0 0 1
    outer loop
      vertex -4.0351 24.6456 43
      vertex 4.0351 24.6456 43
      vertex 4.10414 24.7356 43
    endloop
  endfacet
  facet normal 0 0 1
    outer loop
      vertex -4.10414 24.7356 43
      vertex 4.10414 24.7356 43
      vertex 4.18076 24.8192 43
    endloop
  endfacet
  facet normal 0 0 1
    outer loop
      vertex -4.18076 24.8192 43
      vertex 4.18076 24.8192 43
      vertex 4.26438 24.8959 43
    endloop
  endfacet
  facet normal 0 0 1
    outer loop
      vertex -4.26438 24.8959 43
      vertex 4.26438 24.8959 43
      vertex 4.35435 24.9649 43
    endloop
  endfacet
  facet normal 0 0 1
    outer loop
      vertex -4.35435 24.9649 43
      vertex 4.35435 24.9649 43
      vertex 4.45 25.0258 43
    endloop
  endfacet
  facet normal 0 0 1
    outer loop
      vertex -4.45 25.0258 43
      vertex 4.45 25.0258 43
      vertex 4.5506 25.0782 43
    endloop
  endfacet
  facet normal 0 0 1
    outer loop
      vertex -4.5506 25.0782 43
      vertex 4.5506 25.0782 43
      vertex 4.65537 25.1216 43
    endloop
  endfacet
  facet normal 0 0 1
    outer loop
      vertex -4.65537 25.1216 43
      vertex 4.65537 25.1216 43
      vertex 4.76353 25.1557 43
    endloop
  endfacet
  facet normal 0 0 1
    outer loop
      vertex 4.87426 25.1802 43
      vertex -4.87426 25.1802 43
      vertex 4.76353 25.1557 43
    endloop
  endfacet
  facet normal 0 0 1
    outer loop
      vertex 3.80495 24.0133 43
      vertex -3.80495 24.0133 43
      vertex -3.8 23.9 43
    endloop
  endfacet
  facet normal 0 0 1
    outer loop
      vertex 3.81975 24.1257 43
      vertex -3.81975 24.1257 43
      vertex -3.80495 24.0133 43
    endloop
  endfacet
  facet normal 0 0 1
    outer loop
      vertex 3.8443 24.2365 43
      vertex -3.8443 24.2365 43
      vertex -3.81975 24.1257 43
    endloop
  endfacet
  facet normal 0 0 1
    outer loop
      vertex 3.8784 24.3446 43
      vertex -3.8784 24.3446 43
      vertex -3.8443 24.2365 43
    endloop
  endfacet
  facet normal 0 0 1
    outer loop
      vertex 3.9218 24.4494 43
      vertex -3.9218 24.4494 43
      vertex -3.8784 24.3446 43
    endloop
  endfacet
  facet normal 0 0 1
    outer loop
      vertex 3.97417 24.55 43
      vertex -3.97417 24.55 43
      vertex -3.9218 24.4494 43
    endloop
  endfacet
  facet normal 0 0 1
    outer loop
      vertex 4.0351 24.6456 43
      vertex -4.0351 24.6456 43
      vertex -3.97417 24.55 43
    endloop
  endfacet
  facet normal 0 0 1
    outer loop
      vertex 4.10414 24.7356 43
      vertex -4.10414 24.7356 43
      vertex -4.0351 24.6456 43
    endloop
  endfacet
  facet normal 0 0 1
    outer loop
      vertex 4.18076 24.8192 43
      vertex -4.18076 24.8192 43
      vertex -4.10414 24.7356 43
    endloop
  endfacet
  facet normal 0 0 1
    outer loop
      vertex 4.26438 24.8959 43
      vertex -4.26438 24.8959 43
      vertex -4.18076 24.8192 43
    endloop
  endfacet
  facet normal 0 0 1
    outer loop
      vertex 4.35435 24.9649 43
      vertex -4.35435 24.9649 43
      vertex -4.26438 24.8959 43
    endloop
  endfacet
  facet normal 0 0 1
    outer loop
      vertex 4.45 25.0258 43
      vertex -4.45 25.0258 43
      vertex -4.35435 24.9649 43
    endloop
  endfacet
  facet normal 0 0 1
    outer loop
      vertex 4.5506 25.0782 43
      vertex -4.5506 25.0782 43
      vertex -4.45 25.0258 43
    endloop
  endfacet
  facet normal 0 0 1
    outer loop
      vertex 4.65537 25.1216 43
      vertex -4.65537 25.1216 43
      vertex -4.5506 25.0782 43
    endloop
  endfacet
  facet normal 0 0 1
    outer loop
      vertex 4.76353 25.1557 43
      vertex -4.76353 25.1557 43
      vertex -4.65537 25.1216 43
    endloop
  endfacet
  facet normal 0 0 1
    outer loop
      vertex 4.76353 25.1557 43
      vertex -4.87426 25.1802 43
      vertex -4.76353 25.1557 43
    endloop
  endfacet
  facet normal 0 0 1
    outer loop
      vertex 17 29 43
      vertex -4.9867 25.1951 43
      vertex -4.87426 25.1802 43
    endloop
  endfacet
  facet normal -0 0 1
    outer loop
      vertex -17 29 43
      vertex -4.9867 25.1951 43
      vertex 17 29 43
    endloop
  endfacet
  facet normal 0 0 1
    outer loop
      vertex -4.9867 25.1951 43
      vertex -17 29 43
      vertex -5.1 25.2 43
    endloop
  endfacet
  facet normal 0 0 1
    outer loop
      vertex -5.1 25.2 43
      vertex -17 29 43
      vertex -5.2133 25.1951 43
    endloop
  endfacet
  facet normal 0 0 1
    outer loop
      vertex -6.39505 24.0133 43
      vertex -11 21.5 43
      vertex -6.4 23.9 43
    endloop
  endfacet
  facet normal 0 0 1
    outer loop
      vertex -6.38025 24.1257 43
      vertex -11 21.5 43
      vertex -6.39505 24.0133 43
    endloop
  endfacet
  facet normal 0 0 1
    outer loop
      vertex -6.3557 24.2365 43
      vertex -11 21.5 43
      vertex -6.38025 24.1257 43
    endloop
  endfacet
  facet normal 0 0 1
    outer loop
      vertex -6.3216 24.3446 43
      vertex -11 21.5 43
      vertex -6.3557 24.2365 43
    endloop
  endfacet
  facet normal 0 0 1
    outer loop
      vertex -6.2782 24.4494 43
      vertex -11 21.5 43
      vertex -6.3216 24.3446 43
    endloop
  endfacet
  facet normal 0 0 1
    outer loop
      vertex -6.22583 24.55 43
      vertex -11 21.5 43
      vertex -6.2782 24.4494 43
    endloop
  endfacet
  facet normal 0 0 1
    outer loop
      vertex -17 29 43
      vertex -6.22583 24.55 43
      vertex -6.1649 24.6456 43
    endloop
  endfacet
  facet normal 0 0 1
    outer loop
      vertex -17 29 43
      vertex -6.1649 24.6456 43
      vertex -6.09586 24.7356 43
    endloop
  endfacet
  facet normal 0 0 1
    outer loop
      vertex -17 29 43
      vertex -6.09586 24.7356 43
      vertex -6.01924 24.8192 43
    endloop
  endfacet
  facet normal 0 0 1
    outer loop
      vertex -17 29 43
      vertex -6.01924 24.8192 43
      vertex -5.93562 24.8959 43
    endloop
  endfacet
  facet normal 0 0 1
    outer loop
      vertex -17 29 43
      vertex -5.93562 24.8959 43
      vertex -5.84565 24.9649 43
    endloop
  endfacet
  facet normal 0 0 1
    outer loop
      vertex -11 21.5 43
      vertex -17 29 43
      vertex -11 -21.5 43
    endloop
  endfacet
  facet normal 0 0 1
    outer loop
      vertex -6.22583 24.55 43
      vertex -17 29 43
      vertex -11 21.5 43
    endloop
  endfacet
  facet normal 0 0 1
    outer loop
      vertex -5.75 25.0258 43
      vertex -17 29 43
      vertex -5.84565 24.9649 43
    endloop
  endfacet
  facet normal 0 0 1
    outer loop
      vertex -5.6494 25.0782 43
      vertex -17 29 43
      vertex -5.75 25.0258 43
    endloop
  endfacet
  facet normal 0 0 1
    outer loop
      vertex -5.54463 25.1216 43
      vertex -17 29 43
      vertex -5.6494 25.0782 43
    endloop
  endfacet
  facet normal 0 0 1
    outer loop
      vertex -5.43646 25.1557 43
      vertex -17 29 43
      vertex -5.54463 25.1216 43
    endloop
  endfacet
  facet normal 0 0 1
    outer loop
      vertex -5.32574 25.1802 43
      vertex -17 29 43
      vertex -5.43646 25.1557 43
    endloop
  endfacet
  facet normal 0 0 1
    outer loop
      vertex -5.2133 25.1951 43
      vertex -17 29 43
      vertex -5.32574 25.1802 43
    endloop
  endfacet
  facet normal -0 0 1
    outer loop
      vertex 11 -21.5 43
      vertex 17 -29 43
      vertex 11 21.5 43
    endloop
  endfacet
  facet normal 0 0 1
    outer loop
      vertex 6.39505 -24.0133 43
      vertex 11 -21.5 43
      vertex 6.4 -23.9 43
    endloop
  endfacet
  facet normal 0 0 1
    outer loop
      vertex 6.38025 -24.1257 43
      vertex 11 -21.5 43
      vertex 6.39505 -24.0133 43
    endloop
  endfacet
  facet normal 0 0 1
    outer loop
      vertex 6.3557 -24.2365 43
      vertex 11 -21.5 43
      vertex 6.38025 -24.1257 43
    endloop
  endfacet
  facet normal 0 0 1
    outer loop
      vertex 6.3216 -24.3446 43
      vertex 11 -21.5 43
      vertex 6.3557 -24.2365 43
    endloop
  endfacet
  facet normal 0 0 1
    outer loop
      vertex 6.2782 -24.4494 43
      vertex 11 -21.5 43
      vertex 6.3216 -24.3446 43
    endloop
  endfacet
  facet normal 0 0 1
    outer loop
      vertex 6.22583 -24.55 43
      vertex 11 -21.5 43
      vertex 6.2782 -24.4494 43
    endloop
  endfacet
  facet normal 0 0 1
    outer loop
      vertex 11 -21.5 43
      vertex 6.22583 -24.55 43
      vertex 17 -29 43
    endloop
  endfacet
  facet normal -0 0 1
    outer loop
      vertex 6.1649 -24.6456 43
      vertex 17 -29 43
      vertex 6.22583 -24.55 43
    endloop
  endfacet
  facet normal -0 0 1
    outer loop
      vertex 6.09586 -24.7356 43
      vertex 17 -29 43
      vertex 6.1649 -24.6456 43
    endloop
  endfacet
  facet normal -0 0 1
    outer loop
      vertex 6.01924 -24.8192 43
      vertex 17 -29 43
      vertex 6.09586 -24.7356 43
    endloop
  endfacet
  facet normal -0 0 1
    outer loop
      vertex 5.93562 -24.8959 43
      vertex 17 -29 43
      vertex 6.01924 -24.8192 43
    endloop
  endfacet
  facet normal -0 0 1
    outer loop
      vertex 5.84565 -24.9649 43
      vertex 17 -29 43
      vertex 5.93562 -24.8959 43
    endloop
  endfacet
  facet normal -0 0 1
    outer loop
      vertex 5.75 -25.0258 43
      vertex 17 -29 43
      vertex 5.84565 -24.9649 43
    endloop
  endfacet
  facet normal -0 0 1
    outer loop
      vertex 5.6494 -25.0782 43
      vertex 17 -29 43
      vertex 5.75 -25.0258 43
    endloop
  endfacet
  facet normal -0 0 1
    outer loop
      vertex 5.54463 -25.1216 43
      vertex 17 -29 43
      vertex 5.6494 -25.0782 43
    endloop
  endfacet
  facet normal -0 0 1
    outer loop
      vertex 5.43646 -25.1557 43
      vertex 17 -29 43
      vertex 5.54463 -25.1216 43
    endloop
  endfacet
  facet normal -0 0 1
    outer loop
      vertex 5.32574 -25.1802 43
      vertex 17 -29 43
      vertex 5.43646 -25.1557 43
    endloop
  endfacet
  facet normal -0 0 1
    outer loop
      vertex 5.2133 -25.1951 43
      vertex 17 -29 43
      vertex 5.32574 -25.1802 43
    endloop
  endfacet
  facet normal -0 0 1
    outer loop
      vertex 5.1 -25.2 43
      vertex 17 -29 43
      vertex 5.2133 -25.1951 43
    endloop
  endfacet
  facet normal 0 0 1
    outer loop
      vertex 4.9867 -25.1951 43
      vertex 17 -29 43
      vertex 5.1 -25.2 43
    endloop
  endfacet
  facet normal 0 0 1
    outer loop
      vertex 4.87426 -25.1802 43
      vertex 17 -29 43
      vertex 4.9867 -25.1951 43
    endloop
  endfacet
  facet normal 0 0 1
    outer loop
      vertex -4.87426 -25.1802 43
      vertex 4.87426 -25.1802 43
      vertex 4.76353 -25.1557 43
    endloop
  endfacet
  facet normal -0 0 1
    outer loop
      vertex -3.8 -23.9 43
      vertex 3.80495 -24.0133 43
      vertex 3.8 -23.9 43
    endloop
  endfacet
  facet normal 0 0 1
    outer loop
      vertex -3.80495 -24.0133 43
      vertex 3.80495 -24.0133 43
      vertex -3.8 -23.9 43
    endloop
  endfacet
  facet normal 0 0 1
    outer loop
      vertex 3.80495 -24.0133 43
      vertex -3.80495 -24.0133 43
      vertex 3.81975 -24.1257 43
    endloop
  endfacet
  facet normal 0 0 1
    outer loop
      vertex -3.81975 -24.1257 43
      vertex 3.81975 -24.1257 43
      vertex -3.80495 -24.0133 43
    endloop
  endfacet
  facet normal 0 0 1
    outer loop
      vertex 3.81975 -24.1257 43
      vertex -3.81975 -24.1257 43
      vertex 3.8443 -24.2365 43
    endloop
  endfacet
  facet normal 0 0 1
    outer loop
      vertex -3.8443 -24.2365 43
      vertex 3.8443 -24.2365 43
      vertex -3.81975 -24.1257 43
    endloop
  endfacet
  facet normal 0 0 1
    outer loop
      vertex 3.8443 -24.2365 43
      vertex -3.8443 -24.2365 43
      vertex 3.8784 -24.3446 43
    endloop
  endfacet
  facet normal 0 0 1
    outer loop
      vertex -3.8784 -24.3446 43
      vertex 3.8784 -24.3446 43
      vertex -3.8443 -24.2365 43
    endloop
  endfacet
  facet normal 0 0 1
    outer loop
      vertex 3.8784 -24.3446 43
      vertex -3.8784 -24.3446 43
      vertex 3.9218 -24.4494 43
    endloop
  endfacet
  facet normal 0 0 1
    outer loop
      vertex -3.9218 -24.4494 43
      vertex 3.9218 -24.4494 43
      vertex -3.8784 -24.3446 43
    endloop
  endfacet
  facet normal 0 0 1
    outer loop
      vertex 3.9218 -24.4494 43
      vertex -3.9218 -24.4494 43
      vertex 3.97417 -24.55 43
    endloop
  endfacet
  facet normal 0 0 1
    outer loop
      vertex -3.97417 -24.55 43
      vertex 3.97417 -24.55 43
      vertex -3.9218 -24.4494 43
    endloop
  endfacet
  facet normal 0 0 1
    outer loop
      vertex 3.97417 -24.55 43
      vertex -3.97417 -24.55 43
      vertex 4.0351 -24.6456 43
    endloop
  endfacet
  facet normal 0 0 1
    outer loop
      vertex -4.0351 -24.6456 43
      vertex 4.0351 -24.6456 43
      vertex -3.97417 -24.55 43
    endloop
  endfacet
  facet normal 0 0 1
    outer loop
      vertex 4.0351 -24.6456 43
      vertex -4.0351 -24.6456 43
      vertex 4.10414 -24.7356 43
    endloop
  endfacet
  facet normal 0 0 1
    outer loop
      vertex -4.10414 -24.7356 43
      vertex 4.10414 -24.7356 43
      vertex -4.0351 -24.6456 43
    endloop
  endfacet
  facet normal 0 0 1
    outer loop
      vertex 4.10414 -24.7356 43
      vertex -4.10414 -24.7356 43
      vertex 4.18076 -24.8192 43
    endloop
  endfacet
  facet normal 0 0 1
    outer loop
      vertex -4.18076 -24.8192 43
      vertex 4.18076 -24.8192 43
      vertex -4.10414 -24.7356 43
    endloop
  endfacet
  facet normal 0 0 1
    outer loop
      vertex 4.18076 -24.8192 43
      vertex -4.18076 -24.8192 43
      vertex 4.26438 -24.8959 43
    endloop
  endfacet
  facet normal 0 0 1
    outer loop
      vertex -4.26438 -24.8959 43
      vertex 4.26438 -24.8959 43
      vertex -4.18076 -24.8192 43
    endloop
  endfacet
  facet normal 0 0 1
    outer loop
      vertex 4.26438 -24.8959 43
      vertex -4.26438 -24.8959 43
      vertex 4.35435 -24.9649 43
    endloop
  endfacet
  facet normal 0 0 1
    outer loop
      vertex -4.35435 -24.9649 43
      vertex 4.35435 -24.9649 43
      vertex -4.26438 -24.8959 43
    endloop
  endfacet
  facet normal 0 0 1
    outer loop
      vertex 4.35435 -24.9649 43
      vertex -4.35435 -24.9649 43
      vertex 4.45 -25.0258 43
    endloop
  endfacet
  facet normal 0 0 1
    outer loop
      vertex -4.45 -25.0258 43
      vertex 4.45 -25.0258 43
      vertex -4.35435 -24.9649 43
    endloop
  endfacet
  facet normal 0 0 1
    outer loop
      vertex 4.45 -25.0258 43
      vertex -4.45 -25.0258 43
      vertex 4.5506 -25.0782 43
    endloop
  endfacet
  facet normal 0 0 1
    outer loop
      vertex -4.5506 -25.0782 43
      vertex 4.5506 -25.0782 43
      vertex -4.45 -25.0258 43
    endloop
  endfacet
  facet normal 0 0 1
    outer loop
      vertex 4.5506 -25.0782 43
      vertex -4.5506 -25.0782 43
      vertex 4.65537 -25.1216 43
    endloop
  endfacet
  facet normal 0 0 1
    outer loop
      vertex -4.65537 -25.1216 43
      vertex 4.65537 -25.1216 43
      vertex -4.5506 -25.0782 43
    endloop
  endfacet
  facet normal 0 0 1
    outer loop
      vertex 4.65537 -25.1216 43
      vertex -4.65537 -25.1216 43
      vertex 4.76353 -25.1557 43
    endloop
  endfacet
  facet normal 0 0 1
    outer loop
      vertex -4.76353 -25.1557 43
      vertex 4.76353 -25.1557 43
      vertex -4.65537 -25.1216 43
    endloop
  endfacet
  facet normal 0 0 1
    outer loop
      vertex -4.87426 -25.1802 43
      vertex 4.76353 -25.1557 43
      vertex -4.76353 -25.1557 43
    endloop
  endfacet
  facet normal 0 0 1
    outer loop
      vertex 4.87426 -25.1802 43
      vertex -4.87426 -25.1802 43
      vertex 17 -29 43
    endloop
  endfacet
  facet normal -0 0 1
    outer loop
      vertex -4.9867 -25.1951 43
      vertex 17 -29 43
      vertex -4.87426 -25.1802 43
    endloop
  endfacet
  facet normal 0 0 1
    outer loop
      vertex -17 -29 43
      vertex -4.9867 -25.1951 43
      vertex -5.1 -25.2 43
    endloop
  endfacet
  facet normal 0 0 1
    outer loop
      vertex -17 -29 43
      vertex -5.1 -25.2 43
      vertex -5.2133 -25.1951 43
    endloop
  endfacet
  facet normal 0 0 1
    outer loop
      vertex -17 -29 43
      vertex -5.2133 -25.1951 43
      vertex -5.32574 -25.1802 43
    endloop
  endfacet
  facet normal 0 0 1
    outer loop
      vertex -11 -21.5 43
      vertex -6.39505 -24.0133 43
      vertex -6.4 -23.9 43
    endloop
  endfacet
  facet normal 0 0 1
    outer loop
      vertex -11 -21.5 43
      vertex -6.38025 -24.1257 43
      vertex -6.39505 -24.0133 43
    endloop
  endfacet
  facet normal 0 0 1
    outer loop
      vertex -11 -21.5 43
      vertex -6.3557 -24.2365 43
      vertex -6.38025 -24.1257 43
    endloop
  endfacet
  facet normal 0 0 1
    outer loop
      vertex -11 -21.5 43
      vertex -6.3216 -24.3446 43
      vertex -6.3557 -24.2365 43
    endloop
  endfacet
  facet normal 0 0 1
    outer loop
      vertex -11 -21.5 43
      vertex -6.2782 -24.4494 43
      vertex -6.3216 -24.3446 43
    endloop
  endfacet
  facet normal 0 0 1
    outer loop
      vertex -11 -21.5 43
      vertex -6.22583 -24.55 43
      vertex -6.2782 -24.4494 43
    endloop
  endfacet
  facet normal 0 0 1
    outer loop
      vertex -17 -29 43
      vertex -6.22583 -24.55 43
      vertex -11 -21.5 43
    endloop
  endfacet
  facet normal 0 0 1
    outer loop
      vertex -6.22583 -24.55 43
      vertex -17 -29 43
      vertex -6.1649 -24.6456 43
    endloop
  endfacet
  facet normal 0 0 1
    outer loop
      vertex -6.1649 -24.6456 43
      vertex -17 -29 43
      vertex -6.09586 -24.7356 43
    endloop
  endfacet
  facet normal 0 0 1
    outer loop
      vertex -6.09586 -24.7356 43
      vertex -17 -29 43
      vertex -6.01924 -24.8192 43
    endloop
  endfacet
  facet normal 0 0 1
    outer loop
      vertex -6.01924 -24.8192 43
      vertex -17 -29 43
      vertex -5.93562 -24.8959 43
    endloop
  endfacet
  facet normal 0 0 1
    outer loop
      vertex -4.9867 -25.1951 43
      vertex -17 -29 43
      vertex 17 -29 43
    endloop
  endfacet
  facet normal 0 0 1
    outer loop
      vertex -5.43646 -25.1557 43
      vertex -17 -29 43
      vertex -5.32574 -25.1802 43
    endloop
  endfacet
  facet normal 0 0 1
    outer loop
      vertex -5.54463 -25.1216 43
      vertex -17 -29 43
      vertex -5.43646 -25.1557 43
    endloop
  endfacet
  facet normal 0 0 1
    outer loop
      vertex -5.6494 -25.0782 43
      vertex -17 -29 43
      vertex -5.54463 -25.1216 43
    endloop
  endfacet
  facet normal 0 0 1
    outer loop
      vertex -5.75 -25.0258 43
      vertex -17 -29 43
      vertex -5.6494 -25.0782 43
    endloop
  endfacet
  facet normal 0 0 1
    outer loop
      vertex -5.84565 -24.9649 43
      vertex -17 -29 43
      vertex -5.75 -25.0258 43
    endloop
  endfacet
  facet normal 0 0 1
    outer loop
      vertex -5.93562 -24.8959 43
      vertex -17 -29 43
      vertex -5.84565 -24.9649 43
    endloop
  endfacet
  facet normal 0 0 1
    outer loop
      vertex -17 -29 43
      vertex -11 -21.5 43
      vertex -17 29 43
    endloop
  endfacet
  facet normal -0 0 1
    outer loop
      vertex 6.39505 23.7867 43
      vertex 11 21.5 43
      vertex 6.4 23.9 43
    endloop
  endfacet
  facet normal -0 0 1
    outer loop
      vertex 6.38025 23.6743 43
      vertex 11 21.5 43
      vertex 6.39505 23.7867 43
    endloop
  endfacet
  facet normal -0 0 1
    outer loop
      vertex 6.3557 23.5635 43
      vertex 11 21.5 43
      vertex 6.38025 23.6743 43
    endloop
  endfacet
  facet normal -0 0 1
    outer loop
      vertex 6.3216 23.4554 43
      vertex 11 21.5 43
      vertex 6.3557 23.5635 43
    endloop
  endfacet
  facet normal -0 0 1
    outer loop
      vertex 6.2782 23.3506 43
      vertex 11 21.5 43
      vertex 6.3216 23.4554 43
    endloop
  endfacet
  facet normal -0 0 1
    outer loop
      vertex 6.22583 23.25 43
      vertex 11 21.5 43
      vertex 6.2782 23.3506 43
    endloop
  endfacet
  facet normal -0 0 1
    outer loop
      vertex 6.1649 23.1544 43
      vertex 11 21.5 43
      vertex 6.22583 23.25 43
    endloop
  endfacet
  facet normal -0 0 1
    outer loop
      vertex 6.09586 23.0644 43
      vertex 11 21.5 43
      vertex 6.1649 23.1544 43
    endloop
  endfacet
  facet normal -0 0 1
    outer loop
      vertex 6.01924 22.9808 43
      vertex 11 21.5 43
      vertex 6.09586 23.0644 43
    endloop
  endfacet
  facet normal -0 0 1
    outer loop
      vertex 5.93562 22.9041 43
      vertex 11 21.5 43
      vertex 6.01924 22.9808 43
    endloop
  endfacet
  facet normal -0 0 1
    outer loop
      vertex 5.84565 22.8351 43
      vertex 11 21.5 43
      vertex 5.93562 22.9041 43
    endloop
  endfacet
  facet normal -0 0 1
    outer loop
      vertex 5.75 22.7742 43
      vertex 11 21.5 43
      vertex 5.84565 22.8351 43
    endloop
  endfacet
  facet normal -0 0 1
    outer loop
      vertex 5.6494 22.7218 43
      vertex 11 21.5 43
      vertex 5.75 22.7742 43
    endloop
  endfacet
  facet normal -0 0 1
    outer loop
      vertex 5.54463 22.6784 43
      vertex 11 21.5 43
      vertex 5.6494 22.7218 43
    endloop
  endfacet
  facet normal -0 0 1
    outer loop
      vertex 5.43646 22.6443 43
      vertex 11 21.5 43
      vertex 5.54463 22.6784 43
    endloop
  endfacet
  facet normal -0 0 1
    outer loop
      vertex 5.32574 22.6197 43
      vertex 11 21.5 43
      vertex 5.43646 22.6443 43
    endloop
  endfacet
  facet normal -0 0 1
    outer loop
      vertex 5.2133 22.6049 43
      vertex 11 21.5 43
      vertex 5.32574 22.6197 43
    endloop
  endfacet
  facet normal -0 0 1
    outer loop
      vertex 5.1 22.6 43
      vertex 11 21.5 43
      vertex 5.2133 22.6049 43
    endloop
  endfacet
  facet normal 0 0 1
    outer loop
      vertex 4.9867 22.6049 43
      vertex 11 21.5 43
      vertex 5.1 22.6 43
    endloop
  endfacet
  facet normal 0 0 1
    outer loop
      vertex -4.9867 22.6049 43
      vertex 4.9867 22.6049 43
      vertex 4.87426 22.6197 43
    endloop
  endfacet
  facet normal -0 0 1
    outer loop
      vertex -3.8 23.9 43
      vertex 3.80495 23.7867 43
      vertex 3.8 23.9 43
    endloop
  endfacet
  facet normal 0 0 1
    outer loop
      vertex -3.80495 23.7867 43
      vertex 3.80495 23.7867 43
      vertex -3.8 23.9 43
    endloop
  endfacet
  facet normal 0 0 1
    outer loop
      vertex 3.80495 23.7867 43
      vertex -3.80495 23.7867 43
      vertex 3.81975 23.6743 43
    endloop
  endfacet
  facet normal 0 0 1
    outer loop
      vertex -3.81975 23.6743 43
      vertex 3.81975 23.6743 43
      vertex -3.80495 23.7867 43
    endloop
  endfacet
  facet normal 0 0 1
    outer loop
      vertex 3.81975 23.6743 43
      vertex -3.81975 23.6743 43
      vertex 3.8443 23.5635 43
    endloop
  endfacet
  facet normal 0 0 1
    outer loop
      vertex -3.8443 23.5635 43
      vertex 3.8443 23.5635 43
      vertex -3.81975 23.6743 43
    endloop
  endfacet
  facet normal 0 0 1
    outer loop
      vertex 3.8443 23.5635 43
      vertex -3.8443 23.5635 43
      vertex 3.8784 23.4554 43
    endloop
  endfacet
  facet normal 0 0 1
    outer loop
      vertex -3.8784 23.4554 43
      vertex 3.8784 23.4554 43
      vertex -3.8443 23.5635 43
    endloop
  endfacet
  facet normal 0 0 1
    outer loop
      vertex 3.8784 23.4554 43
      vertex -3.8784 23.4554 43
      vertex 3.9218 23.3506 43
    endloop
  endfacet
  facet normal 0 0 1
    outer loop
      vertex -3.9218 23.3506 43
      vertex 3.9218 23.3506 43
      vertex -3.8784 23.4554 43
    endloop
  endfacet
  facet normal 0 0 1
    outer loop
      vertex 3.9218 23.3506 43
      vertex -3.9218 23.3506 43
      vertex 3.97417 23.25 43
    endloop
  endfacet
  facet normal 0 0 1
    outer loop
      vertex -3.97417 23.25 43
      vertex 3.97417 23.25 43
      vertex -3.9218 23.3506 43
    endloop
  endfacet
  facet normal 0 0 1
    outer loop
      vertex 3.97417 23.25 43
      vertex -3.97417 23.25 43
      vertex 4.0351 23.1544 43
    endloop
  endfacet
  facet normal 0 0 1
    outer loop
      vertex -4.0351 23.1544 43
      vertex 4.0351 23.1544 43
      vertex -3.97417 23.25 43
    endloop
  endfacet
  facet normal 0 0 1
    outer loop
      vertex 4.0351 23.1544 43
      vertex -4.0351 23.1544 43
      vertex 4.10414 23.0644 43
    endloop
  endfacet
  facet normal 0 0 1
    outer loop
      vertex -4.10414 23.0644 43
      vertex 4.10414 23.0644 43
      vertex -4.0351 23.1544 43
    endloop
  endfacet
  facet normal 0 0 1
    outer loop
      vertex 4.10414 23.0644 43
      vertex -4.10414 23.0644 43
      vertex 4.18076 22.9808 43
    endloop
  endfacet
  facet normal 0 0 1
    outer loop
      vertex -4.18076 22.9808 43
      vertex 4.18076 22.9808 43
      vertex -4.10414 23.0644 43
    endloop
  endfacet
  facet normal 0 0 1
    outer loop
      vertex 4.18076 22.9808 43
      vertex -4.18076 22.9808 43
      vertex 4.26438 22.9041 43
    endloop
  endfacet
  facet normal 0 0 1
    outer loop
      vertex -4.26438 22.9041 43
      vertex 4.26438 22.9041 43
      vertex -4.18076 22.9808 43
    endloop
  endfacet
  facet normal 0 0 1
    outer loop
      vertex 4.26438 22.9041 43
      vertex -4.26438 22.9041 43
      vertex 4.35435 22.8351 43
    endloop
  endfacet
  facet normal 0 0 1
    outer loop
      vertex -4.35435 22.8351 43
      vertex 4.35435 22.8351 43
      vertex -4.26438 22.9041 43
    endloop
  endfacet
  facet normal 0 0 1
    outer loop
      vertex 4.35435 22.8351 43
      vertex -4.35435 22.8351 43
      vertex 4.45 22.7742 43
    endloop
  endfacet
  facet normal 0 0 1
    outer loop
      vertex -4.45 22.7742 43
      vertex 4.45 22.7742 43
      vertex -4.35435 22.8351 43
    endloop
  endfacet
  facet normal 0 0 1
    outer loop
      vertex 4.45 22.7742 43
      vertex -4.45 22.7742 43
      vertex 4.5506 22.7218 43
    endloop
  endfacet
  facet normal 0 0 1
    outer loop
      vertex -4.5506 22.7218 43
      vertex 4.5506 22.7218 43
      vertex -4.45 22.7742 43
    endloop
  endfacet
  facet normal 0 0 1
    outer loop
      vertex 4.5506 22.7218 43
      vertex -4.5506 22.7218 43
      vertex 4.65537 22.6784 43
    endloop
  endfacet
  facet normal 0 0 1
    outer loop
      vertex -4.65537 22.6784 43
      vertex 4.65537 22.6784 43
      vertex -4.5506 22.7218 43
    endloop
  endfacet
  facet normal 0 0 1
    outer loop
      vertex 4.65537 22.6784 43
      vertex -4.65537 22.6784 43
      vertex 4.76353 22.6443 43
    endloop
  endfacet
  facet normal 0 0 1
    outer loop
      vertex -4.76353 22.6443 43
      vertex 4.76353 22.6443 43
      vertex -4.65537 22.6784 43
    endloop
  endfacet
  facet normal 0 0 1
    outer loop
      vertex 4.76353 22.6443 43
      vertex -4.76353 22.6443 43
      vertex 4.87426 22.6197 43
    endloop
  endfacet
  facet normal 0 0 1
    outer loop
      vertex -4.87426 22.6197 43
      vertex 4.87426 22.6197 43
      vertex -4.76353 22.6443 43
    endloop
  endfacet
  facet normal 0 0 1
    outer loop
      vertex -4.9867 22.6049 43
      vertex 4.87426 22.6197 43
      vertex -4.87426 22.6197 43
    endloop
  endfacet
  facet normal 0 0 1
    outer loop
      vertex 4.9867 22.6049 43
      vertex -4.9867 22.6049 43
      vertex 11 21.5 43
    endloop
  endfacet
  facet normal 0 0 1
    outer loop
      vertex -11 21.5 43
      vertex -4.9867 22.6049 43
      vertex -5.1 22.6 43
    endloop
  endfacet
  facet normal 0 0 1
    outer loop
      vertex -11 21.5 43
      vertex -5.1 22.6 43
      vertex -5.2133 22.6049 43
    endloop
  endfacet
  facet normal 0 0 1
    outer loop
      vertex -4.9867 22.6049 43
      vertex -11 21.5 43
      vertex 11 21.5 43
    endloop
  endfacet
  facet normal 0 0 1
    outer loop
      vertex -5.32574 22.6197 43
      vertex -11 21.5 43
      vertex -5.2133 22.6049 43
    endloop
  endfacet
  facet normal 0 0 1
    outer loop
      vertex -5.43646 22.6443 43
      vertex -11 21.5 43
      vertex -5.32574 22.6197 43
    endloop
  endfacet
  facet normal 0 0 1
    outer loop
      vertex -5.54463 22.6784 43
      vertex -11 21.5 43
      vertex -5.43646 22.6443 43
    endloop
  endfacet
  facet normal 0 0 1
    outer loop
      vertex -5.6494 22.7218 43
      vertex -11 21.5 43
      vertex -5.54463 22.6784 43
    endloop
  endfacet
  facet normal 0 0 1
    outer loop
      vertex -5.75 22.7742 43
      vertex -11 21.5 43
      vertex -5.6494 22.7218 43
    endloop
  endfacet
  facet normal 0 0 1
    outer loop
      vertex -5.84565 22.8351 43
      vertex -11 21.5 43
      vertex -5.75 22.7742 43
    endloop
  endfacet
  facet normal 0 0 1
    outer loop
      vertex -5.93562 22.9041 43
      vertex -11 21.5 43
      vertex -5.84565 22.8351 43
    endloop
  endfacet
  facet normal 0 0 1
    outer loop
      vertex -6.01924 22.9808 43
      vertex -11 21.5 43
      vertex -5.93562 22.9041 43
    endloop
  endfacet
  facet normal 0 0 1
    outer loop
      vertex -6.09586 23.0644 43
      vertex -11 21.5 43
      vertex -6.01924 22.9808 43
    endloop
  endfacet
  facet normal 0 0 1
    outer loop
      vertex -6.1649 23.1544 43
      vertex -11 21.5 43
      vertex -6.09586 23.0644 43
    endloop
  endfacet
  facet normal 0 0 1
    outer loop
      vertex -6.22583 23.25 43
      vertex -11 21.5 43
      vertex -6.1649 23.1544 43
    endloop
  endfacet
  facet normal 0 0 1
    outer loop
      vertex -6.2782 23.3506 43
      vertex -11 21.5 43
      vertex -6.22583 23.25 43
    endloop
  endfacet
  facet normal 0 0 1
    outer loop
      vertex -6.3216 23.4554 43
      vertex -11 21.5 43
      vertex -6.2782 23.3506 43
    endloop
  endfacet
  facet normal 0 0 1
    outer loop
      vertex -6.3557 23.5635 43
      vertex -11 21.5 43
      vertex -6.3216 23.4554 43
    endloop
  endfacet
  facet normal 0 0 1
    outer loop
      vertex -6.38025 23.6743 43
      vertex -11 21.5 43
      vertex -6.3557 23.5635 43
    endloop
  endfacet
  facet normal 0 0 1
    outer loop
      vertex -6.39505 23.7867 43
      vertex -11 21.5 43
      vertex -6.38025 23.6743 43
    endloop
  endfacet
  facet normal 0 0 1
    outer loop
      vertex -11 21.5 43
      vertex -6.39505 23.7867 43
      vertex -6.4 23.9 43
    endloop
  endfacet
  facet normal 1 -0 0
    outer loop
      vertex 12.5 -23 40
      vertex 12.5 23 0
      vertex 12.5 23 40
    endloop
  endfacet
  facet normal 1 0 0
    outer loop
      vertex 12.5 23 0
      vertex 12.5 -23 40
      vertex 12.5 -23 0
    endloop
  endfacet
  facet normal 0 0 -1
    outer loop
      vertex -12.5 -23 0
      vertex 12.5 23 0
      vertex 12.5 -23 0
    endloop
  endfacet
  facet normal -0 0 -1
    outer loop
      vertex 12.5 23 0
      vertex -12.5 -23 0
      vertex -12.5 23 0
    endloop
  endfacet
  facet normal 0 -1 0
    outer loop
      vertex -12.5 -23 40
      vertex -6.03687 -23 39
      vertex -6.03687 -23 40
    endloop
  endfacet
  facet normal 0 -1 0
    outer loop
      vertex -12.5 -23 0
      vertex -4.16313 -23 39
      vertex -6.03687 -23 39
    endloop
  endfacet
  facet normal 0 -1 -0
    outer loop
      vertex -4.16313 -23 39
      vertex -12.5 -23 0
      vertex 4.16313 -23 39
    endloop
  endfacet
  facet normal 0 -1 0
    outer loop
      vertex 12.5 -23 0
      vertex 4.16313 -23 39
      vertex -12.5 -23 0
    endloop
  endfacet
  facet normal 0 -1 0
    outer loop
      vertex -12.5 -23 0
      vertex -6.03687 -23 39
      vertex -12.5 -23 40
    endloop
  endfacet
  facet normal 0 -1 0
    outer loop
      vertex -4.16313 -23 39
      vertex 4.16313 -23 40
      vertex -4.16313 -23 40
    endloop
  endfacet
  facet normal 0 -1 -0
    outer loop
      vertex 4.16313 -23 40
      vertex -4.16313 -23 39
      vertex 4.16313 -23 39
    endloop
  endfacet
  facet normal 0 -1 0
    outer loop
      vertex 6.03687 -23 39
      vertex 12.5 -23 40
      vertex 6.03687 -23 40
    endloop
  endfacet
  facet normal 0 -1 0
    outer loop
      vertex 4.16313 -23 39
      vertex 12.5 -23 0
      vertex 6.03687 -23 39
    endloop
  endfacet
  facet normal 0 -1 0
    outer loop
      vertex 6.03687 -23 39
      vertex 12.5 -23 0
      vertex 12.5 -23 40
    endloop
  endfacet
  facet normal 0 1 0
    outer loop
      vertex 12.5 23 40
      vertex 6.03687 23 39
      vertex 6.03687 23 40
    endloop
  endfacet
  facet normal 0 1 0
    outer loop
      vertex 6.03687 23 39
      vertex 5 23 4
      vertex 5 23 39
    endloop
  endfacet
  facet normal 0 1 0
    outer loop
      vertex 12.5 23 40
      vertex 5 23 4
      vertex 6.03687 23 39
    endloop
  endfacet
  facet normal 0 1 0
    outer loop
      vertex 5 23 4
      vertex 12.5 23 0
      vertex -5 23 4
    endloop
  endfacet
  facet normal 0 1 -0
    outer loop
      vertex 12.5 23 0
      vertex 5 23 4
      vertex 12.5 23 40
    endloop
  endfacet
  facet normal 0 1 0
    outer loop
      vertex -5 23 39
      vertex -5 23 4
      vertex -6.03687 23 39
    endloop
  endfacet
  facet normal 0 1 -0
    outer loop
      vertex -6.03687 23 39
      vertex -12.5 23 40
      vertex -6.03687 23 40
    endloop
  endfacet
  facet normal 0 1 0
    outer loop
      vertex -5 23 4
      vertex -12.5 23 40
      vertex -6.03687 23 39
    endloop
  endfacet
  facet normal 0 1 0
    outer loop
      vertex -5 23 4
      vertex -12.5 23 0
      vertex -12.5 23 40
    endloop
  endfacet
  facet normal 0 1 0
    outer loop
      vertex -12.5 23 0
      vertex -5 23 4
      vertex 12.5 23 0
    endloop
  endfacet
  facet normal -1 0 0
    outer loop
      vertex -17 -29 40
      vertex -17 29 43
      vertex -17 29 40
    endloop
  endfacet
  facet normal -1 -0 0
    outer loop
      vertex -17 29 43
      vertex -17 -29 40
      vertex -17 -29 43
    endloop
  endfacet
  facet normal 1 -0 0
    outer loop
      vertex 17 -29 43
      vertex 17 29 40
      vertex 17 29 43
    endloop
  endfacet
  facet normal 1 0 0
    outer loop
      vertex 17 29 40
      vertex 17 -29 43
      vertex 17 -29 40
    endloop
  endfacet
  facet normal -0 0 -1
    outer loop
      vertex -6.39505 23.7867 40
      vertex -12.5 23 40
      vertex -6.4 23.9 40
    endloop
  endfacet
  facet normal -0 0 -1
    outer loop
      vertex -6.38025 23.6743 40
      vertex -12.5 23 40
      vertex -6.39505 23.7867 40
    endloop
  endfacet
  facet normal -0 0 -1
    outer loop
      vertex -6.3557 23.5635 40
      vertex -12.5 23 40
      vertex -6.38025 23.6743 40
    endloop
  endfacet
  facet normal -0 0 -1
    outer loop
      vertex -6.3216 23.4554 40
      vertex -12.5 23 40
      vertex -6.3557 23.5635 40
    endloop
  endfacet
  facet normal -0 0 -1
    outer loop
      vertex -6.2782 23.3506 40
      vertex -12.5 23 40
      vertex -6.3216 23.4554 40
    endloop
  endfacet
  facet normal -0 0 -1
    outer loop
      vertex -6.22583 23.25 40
      vertex -12.5 23 40
      vertex -6.2782 23.3506 40
    endloop
  endfacet
  facet normal -0 0 -1
    outer loop
      vertex -6.1649 23.1544 40
      vertex -12.5 23 40
      vertex -6.22583 23.25 40
    endloop
  endfacet
  facet normal -0 0 -1
    outer loop
      vertex -6.09586 23.0644 40
      vertex -12.5 23 40
      vertex -6.1649 23.1544 40
    endloop
  endfacet
  facet normal 0 0 -1
    outer loop
      vertex -12.5 23 40
      vertex -6.09586 23.0644 40
      vertex -6.03687 23 40
    endloop
  endfacet
  facet normal 0 0 -1
    outer loop
      vertex -5 25.1956 40
      vertex -5.1 25.2 40
      vertex -5 27 40
    endloop
  endfacet
  facet normal 0 0 -1
    outer loop
      vertex 12.5 23 40
      vertex 6.39505 23.7867 40
      vertex 6.4 23.9 40
    endloop
  endfacet
  facet normal 0 0 -1
    outer loop
      vertex 12.5 23 40
      vertex 6.38025 23.6743 40
      vertex 6.39505 23.7867 40
    endloop
  endfacet
  facet normal 0 0 -1
    outer loop
      vertex 12.5 23 40
      vertex 6.3557 23.5635 40
      vertex 6.38025 23.6743 40
    endloop
  endfacet
  facet normal 0 0 -1
    outer loop
      vertex 12.5 23 40
      vertex 6.3216 23.4554 40
      vertex 6.3557 23.5635 40
    endloop
  endfacet
  facet normal 0 0 -1
    outer loop
      vertex 12.5 23 40
      vertex 6.2782 23.3506 40
      vertex 6.3216 23.4554 40
    endloop
  endfacet
  facet normal 0 0 -1
    outer loop
      vertex 12.5 23 40
      vertex 6.22583 23.25 40
      vertex 6.2782 23.3506 40
    endloop
  endfacet
  facet normal 0 0 -1
    outer loop
      vertex 12.5 23 40
      vertex 6.1649 23.1544 40
      vertex 6.22583 23.25 40
    endloop
  endfacet
  facet normal 0 0 -1
    outer loop
      vertex 12.5 23 40
      vertex 6.09586 23.0644 40
      vertex 6.1649 23.1544 40
    endloop
  endfacet
  facet normal 0 -0 -1
    outer loop
      vertex 6.09586 23.0644 40
      vertex 12.5 23 40
      vertex 6.03687 23 40
    endloop
  endfacet
  facet normal 0 0 -1
    outer loop
      vertex 17 -29 40
      vertex 12.5 -23 40
      vertex 17 29 40
    endloop
  endfacet
  facet normal 0 0 -1
    outer loop
      vertex 6.09586 -24.7356 40
      vertex 12.5 -23 40
      vertex 17 -29 40
    endloop
  endfacet
  facet normal 0 0 -1
    outer loop
      vertex 12.5 -23 40
      vertex 6.39505 -24.0133 40
      vertex 6.4 -23.9 40
    endloop
  endfacet
  facet normal 0 0 -1
    outer loop
      vertex 12.5 -23 40
      vertex 6.38025 -24.1257 40
      vertex 6.39505 -24.0133 40
    endloop
  endfacet
  facet normal 0 0 -1
    outer loop
      vertex 12.5 -23 40
      vertex 6.3557 -24.2365 40
      vertex 6.38025 -24.1257 40
    endloop
  endfacet
  facet normal 0 0 -1
    outer loop
      vertex 12.5 -23 40
      vertex 6.3216 -24.3446 40
      vertex 6.3557 -24.2365 40
    endloop
  endfacet
  facet normal 0 0 -1
    outer loop
      vertex 12.5 -23 40
      vertex 6.2782 -24.4494 40
      vertex 6.3216 -24.3446 40
    endloop
  endfacet
  facet normal 0 0 -1
    outer loop
      vertex 12.5 -23 40
      vertex 6.22583 -24.55 40
      vertex 6.2782 -24.4494 40
    endloop
  endfacet
  facet normal 0 0 -1
    outer loop
      vertex 12.5 -23 40
      vertex 6.1649 -24.6456 40
      vertex 6.22583 -24.55 40
    endloop
  endfacet
  facet normal 0 0 -1
    outer loop
      vertex 12.5 -23 40
      vertex 6.09586 -24.7356 40
      vertex 6.1649 -24.6456 40
    endloop
  endfacet
  facet normal 0 0 -1
    outer loop
      vertex 17 -29 40
      vertex 6.01924 -24.8192 40
      vertex 6.09586 -24.7356 40
    endloop
  endfacet
  facet normal 0 0 -1
    outer loop
      vertex 17 -29 40
      vertex 5.93562 -24.8959 40
      vertex 6.01924 -24.8192 40
    endloop
  endfacet
  facet normal 0 0 -1
    outer loop
      vertex 17 -29 40
      vertex 5.84565 -24.9649 40
      vertex 5.93562 -24.8959 40
    endloop
  endfacet
  facet normal 0 0 -1
    outer loop
      vertex 17 -29 40
      vertex 5.75 -25.0258 40
      vertex 5.84565 -24.9649 40
    endloop
  endfacet
  facet normal 0 0 -1
    outer loop
      vertex 17 -29 40
      vertex 5.6494 -25.0782 40
      vertex 5.75 -25.0258 40
    endloop
  endfacet
  facet normal 0 0 -1
    outer loop
      vertex 17 -29 40
      vertex 5.54463 -25.1216 40
      vertex 5.6494 -25.0782 40
    endloop
  endfacet
  facet normal 0 0 -1
    outer loop
      vertex 17 -29 40
      vertex 5.43646 -25.1557 40
      vertex 5.54463 -25.1216 40
    endloop
  endfacet
  facet normal 0 0 -1
    outer loop
      vertex 17 -29 40
      vertex 5.32574 -25.1802 40
      vertex 5.43646 -25.1557 40
    endloop
  endfacet
  facet normal 0 0 -1
    outer loop
      vertex 17 -29 40
      vertex 5.2133 -25.1951 40
      vertex 5.32574 -25.1802 40
    endloop
  endfacet
  facet normal 0 0 -1
    outer loop
      vertex 17 -29 40
      vertex 5.1 -25.2 40
      vertex 5.2133 -25.1951 40
    endloop
  endfacet
  facet normal 0 0 -1
    outer loop
      vertex 17 -29 40
      vertex 4.9867 -25.1951 40
      vertex 5.1 -25.2 40
    endloop
  endfacet
  facet normal 0 0 -1
    outer loop
      vertex 17 -29 40
      vertex 4.87426 -25.1802 40
      vertex 4.9867 -25.1951 40
    endloop
  endfacet
  facet normal 0 0 -1
    outer loop
      vertex -4.87426 -25.1802 40
      vertex 4.87426 -25.1802 40
      vertex 17 -29 40
    endloop
  endfacet
  facet normal 0 0 -1
    outer loop
      vertex 3.80495 -24.0133 40
      vertex -3.8 -23.9 40
      vertex 3.8 -23.9 40
    endloop
  endfacet
  facet normal 0 0 -1
    outer loop
      vertex -3.80495 -24.0133 40
      vertex 3.80495 -24.0133 40
      vertex 3.81975 -24.1257 40
    endloop
  endfacet
  facet normal 0 0 -1
    outer loop
      vertex -3.81975 -24.1257 40
      vertex 3.81975 -24.1257 40
      vertex 3.8443 -24.2365 40
    endloop
  endfacet
  facet normal 0 0 -1
    outer loop
      vertex -3.8443 -24.2365 40
      vertex 3.8443 -24.2365 40
      vertex 3.8784 -24.3446 40
    endloop
  endfacet
  facet normal 0 0 -1
    outer loop
      vertex -3.8784 -24.3446 40
      vertex 3.8784 -24.3446 40
      vertex 3.9218 -24.4494 40
    endloop
  endfacet
  facet normal 0 0 -1
    outer loop
      vertex -3.9218 -24.4494 40
      vertex 3.9218 -24.4494 40
      vertex 3.97417 -24.55 40
    endloop
  endfacet
  facet normal 0 0 -1
    outer loop
      vertex -3.97417 -24.55 40
      vertex 3.97417 -24.55 40
      vertex 4.0351 -24.6456 40
    endloop
  endfacet
  facet normal 0 0 -1
    outer loop
      vertex -4.0351 -24.6456 40
      vertex 4.0351 -24.6456 40
      vertex 4.10414 -24.7356 40
    endloop
  endfacet
  facet normal 0 0 -1
    outer loop
      vertex -4.10414 -24.7356 40
      vertex 4.10414 -24.7356 40
      vertex 4.18076 -24.8192 40
    endloop
  endfacet
  facet normal 0 0 -1
    outer loop
      vertex -4.18076 -24.8192 40
      vertex 4.18076 -24.8192 40
      vertex 4.26438 -24.8959 40
    endloop
  endfacet
  facet normal 0 0 -1
    outer loop
      vertex -4.26438 -24.8959 40
      vertex 4.26438 -24.8959 40
      vertex 4.35435 -24.9649 40
    endloop
  endfacet
  facet normal 0 0 -1
    outer loop
      vertex -4.35435 -24.9649 40
      vertex 4.35435 -24.9649 40
      vertex 4.45 -25.0258 40
    endloop
  endfacet
  facet normal 0 0 -1
    outer loop
      vertex -4.45 -25.0258 40
      vertex 4.45 -25.0258 40
      vertex 4.5506 -25.0782 40
    endloop
  endfacet
  facet normal 0 0 -1
    outer loop
      vertex -4.5506 -25.0782 40
      vertex 4.5506 -25.0782 40
      vertex 4.65537 -25.1216 40
    endloop
  endfacet
  facet normal 0 0 -1
    outer loop
      vertex -4.65537 -25.1216 40
      vertex 4.65537 -25.1216 40
      vertex 4.76353 -25.1557 40
    endloop
  endfacet
  facet normal 0 0 -1
    outer loop
      vertex 4.87426 -25.1802 40
      vertex -4.87426 -25.1802 40
      vertex 4.76353 -25.1557 40
    endloop
  endfacet
  facet normal 0 0 -1
    outer loop
      vertex 3.80495 -24.0133 40
      vertex -3.80495 -24.0133 40
      vertex -3.8 -23.9 40
    endloop
  endfacet
  facet normal 0 0 -1
    outer loop
      vertex 3.81975 -24.1257 40
      vertex -3.81975 -24.1257 40
      vertex -3.80495 -24.0133 40
    endloop
  endfacet
  facet normal 0 0 -1
    outer loop
      vertex 3.8443 -24.2365 40
      vertex -3.8443 -24.2365 40
      vertex -3.81975 -24.1257 40
    endloop
  endfacet
  facet normal 0 0 -1
    outer loop
      vertex 3.8784 -24.3446 40
      vertex -3.8784 -24.3446 40
      vertex -3.8443 -24.2365 40
    endloop
  endfacet
  facet normal 0 0 -1
    outer loop
      vertex 3.9218 -24.4494 40
      vertex -3.9218 -24.4494 40
      vertex -3.8784 -24.3446 40
    endloop
  endfacet
  facet normal 0 0 -1
    outer loop
      vertex 3.97417 -24.55 40
      vertex -3.97417 -24.55 40
      vertex -3.9218 -24.4494 40
    endloop
  endfacet
  facet normal 0 0 -1
    outer loop
      vertex 4.0351 -24.6456 40
      vertex -4.0351 -24.6456 40
      vertex -3.97417 -24.55 40
    endloop
  endfacet
  facet normal 0 0 -1
    outer loop
      vertex 4.10414 -24.7356 40
      vertex -4.10414 -24.7356 40
      vertex -4.0351 -24.6456 40
    endloop
  endfacet
  facet normal 0 0 -1
    outer loop
      vertex 4.18076 -24.8192 40
      vertex -4.18076 -24.8192 40
      vertex -4.10414 -24.7356 40
    endloop
  endfacet
  facet normal 0 0 -1
    outer loop
      vertex 4.26438 -24.8959 40
      vertex -4.26438 -24.8959 40
      vertex -4.18076 -24.8192 40
    endloop
  endfacet
  facet normal 0 0 -1
    outer loop
      vertex 4.35435 -24.9649 40
      vertex -4.35435 -24.9649 40
      vertex -4.26438 -24.8959 40
    endloop
  endfacet
  facet normal 0 0 -1
    outer loop
      vertex 4.45 -25.0258 40
      vertex -4.45 -25.0258 40
      vertex -4.35435 -24.9649 40
    endloop
  endfacet
  facet normal 0 0 -1
    outer loop
      vertex 4.5506 -25.0782 40
      vertex -4.5506 -25.0782 40
      vertex -4.45 -25.0258 40
    endloop
  endfacet
  facet normal 0 0 -1
    outer loop
      vertex 4.65537 -25.1216 40
      vertex -4.65537 -25.1216 40
      vertex -4.5506 -25.0782 40
    endloop
  endfacet
  facet normal 0 0 -1
    outer loop
      vertex 4.76353 -25.1557 40
      vertex -4.76353 -25.1557 40
      vertex -4.65537 -25.1216 40
    endloop
  endfacet
  facet normal -0 0 -1
    outer loop
      vertex 4.76353 -25.1557 40
      vertex -4.87426 -25.1802 40
      vertex -4.76353 -25.1557 40
    endloop
  endfacet
  facet normal 0 0 -1
    outer loop
      vertex 17 -29 40
      vertex -4.9867 -25.1951 40
      vertex -4.87426 -25.1802 40
    endloop
  endfacet
  facet normal 0 0 -1
    outer loop
      vertex -17 -29 40
      vertex -4.9867 -25.1951 40
      vertex 17 -29 40
    endloop
  endfacet
  facet normal 0 0 -1
    outer loop
      vertex -4.9867 -25.1951 40
      vertex -17 -29 40
      vertex -5.1 -25.2 40
    endloop
  endfacet
  facet normal -0 0 -1
    outer loop
      vertex -5.1 -25.2 40
      vertex -17 -29 40
      vertex -5.2133 -25.1951 40
    endloop
  endfacet
  facet normal 0 0 -1
    outer loop
      vertex -6.39505 -24.0133 40
      vertex -12.5 -23 40
      vertex -6.4 -23.9 40
    endloop
  endfacet
  facet normal 0 0 -1
    outer loop
      vertex -6.38025 -24.1257 40
      vertex -12.5 -23 40
      vertex -6.39505 -24.0133 40
    endloop
  endfacet
  facet normal 0 0 -1
    outer loop
      vertex -6.3557 -24.2365 40
      vertex -12.5 -23 40
      vertex -6.38025 -24.1257 40
    endloop
  endfacet
  facet normal 0 0 -1
    outer loop
      vertex -6.3216 -24.3446 40
      vertex -12.5 -23 40
      vertex -6.3557 -24.2365 40
    endloop
  endfacet
  facet normal 0 0 -1
    outer loop
      vertex -6.2782 -24.4494 40
      vertex -12.5 -23 40
      vertex -6.3216 -24.3446 40
    endloop
  endfacet
  facet normal 0 0 -1
    outer loop
      vertex -6.22583 -24.55 40
      vertex -12.5 -23 40
      vertex -6.2782 -24.4494 40
    endloop
  endfacet
  facet normal 0 0 -1
    outer loop
      vertex -6.1649 -24.6456 40
      vertex -12.5 -23 40
      vertex -6.22583 -24.55 40
    endloop
  endfacet
  facet normal 0 0 -1
    outer loop
      vertex -6.09586 -24.7356 40
      vertex -12.5 -23 40
      vertex -6.1649 -24.6456 40
    endloop
  endfacet
  facet normal 0 0 -1
    outer loop
      vertex -6.01924 -24.8192 40
      vertex -12.5 -23 40
      vertex -6.09586 -24.7356 40
    endloop
  endfacet
  facet normal 0 0 -1
    outer loop
      vertex -17 -29 40
      vertex -6.01924 -24.8192 40
      vertex -5.93562 -24.8959 40
    endloop
  endfacet
  facet normal 0 0 -1
    outer loop
      vertex -17 -29 40
      vertex -5.93562 -24.8959 40
      vertex -5.84565 -24.9649 40
    endloop
  endfacet
  facet normal 0 0 -1
    outer loop
      vertex -17 -29 40
      vertex -5.84565 -24.9649 40
      vertex -5.75 -25.0258 40
    endloop
  endfacet
  facet normal 0 0 -1
    outer loop
      vertex -17 -29 40
      vertex -5.75 -25.0258 40
      vertex -5.6494 -25.0782 40
    endloop
  endfacet
  facet normal 0 0 -1
    outer loop
      vertex -17 -29 40
      vertex -5.6494 -25.0782 40
      vertex -5.54463 -25.1216 40
    endloop
  endfacet
  facet normal 0 0 -1
    outer loop
      vertex -17 -29 40
      vertex -5.54463 -25.1216 40
      vertex -5.43646 -25.1557 40
    endloop
  endfacet
  facet normal -0 0 -1
    outer loop
      vertex -12.5 -23 40
      vertex -17 -29 40
      vertex -12.5 23 40
    endloop
  endfacet
  facet normal -0 0 -1
    outer loop
      vertex -6.01924 -24.8192 40
      vertex -17 -29 40
      vertex -12.5 -23 40
    endloop
  endfacet
  facet normal -0 0 -1
    outer loop
      vertex -5.32574 -25.1802 40
      vertex -17 -29 40
      vertex -5.43646 -25.1557 40
    endloop
  endfacet
  facet normal -0 0 -1
    outer loop
      vertex -5.2133 -25.1951 40
      vertex -17 -29 40
      vertex -5.32574 -25.1802 40
    endloop
  endfacet
  facet normal 0 0 -1
    outer loop
      vertex 12.5 23 40
      vertex 17 29 40
      vertex 12.5 -23 40
    endloop
  endfacet
  facet normal 0 0 -1
    outer loop
      vertex 6.39505 24.0133 40
      vertex 12.5 23 40
      vertex 6.4 23.9 40
    endloop
  endfacet
  facet normal 0 0 -1
    outer loop
      vertex 6.38025 24.1257 40
      vertex 12.5 23 40
      vertex 6.39505 24.0133 40
    endloop
  endfacet
  facet normal 0 0 -1
    outer loop
      vertex 6.3557 24.2365 40
      vertex 12.5 23 40
      vertex 6.38025 24.1257 40
    endloop
  endfacet
  facet normal 0 0 -1
    outer loop
      vertex 6.3216 24.3446 40
      vertex 12.5 23 40
      vertex 6.3557 24.2365 40
    endloop
  endfacet
  facet normal 0 0 -1
    outer loop
      vertex 6.2782 24.4494 40
      vertex 12.5 23 40
      vertex 6.3216 24.3446 40
    endloop
  endfacet
  facet normal 0 0 -1
    outer loop
      vertex 6.22583 24.55 40
      vertex 12.5 23 40
      vertex 6.2782 24.4494 40
    endloop
  endfacet
  facet normal 0 0 -1
    outer loop
      vertex 6.1649 24.6456 40
      vertex 12.5 23 40
      vertex 6.22583 24.55 40
    endloop
  endfacet
  facet normal 0 0 -1
    outer loop
      vertex 6.09586 24.7356 40
      vertex 12.5 23 40
      vertex 6.1649 24.6456 40
    endloop
  endfacet
  facet normal 0 0 -1
    outer loop
      vertex 5 27 40
      vertex 12.5 23 40
      vertex 6.09586 24.7356 40
    endloop
  endfacet
  facet normal 0 0 -1
    outer loop
      vertex 5 27 40
      vertex 6.09586 24.7356 40
      vertex 6.01924 24.8192 40
    endloop
  endfacet
  facet normal 0 0 -1
    outer loop
      vertex 5 27 40
      vertex 6.01924 24.8192 40
      vertex 5.93562 24.8959 40
    endloop
  endfacet
  facet normal 0 0 -1
    outer loop
      vertex 5 27 40
      vertex 5.93562 24.8959 40
      vertex 5.84565 24.9649 40
    endloop
  endfacet
  facet normal 0 0 -1
    outer loop
      vertex 5 27 40
      vertex 5.84565 24.9649 40
      vertex 5.75 25.0258 40
    endloop
  endfacet
  facet normal 0 0 -1
    outer loop
      vertex 5 27 40
      vertex 5.75 25.0258 40
      vertex 5.6494 25.0782 40
    endloop
  endfacet
  facet normal 0 0 -1
    outer loop
      vertex 5 27 40
      vertex 5.6494 25.0782 40
      vertex 5.54463 25.1216 40
    endloop
  endfacet
  facet normal 0 0 -1
    outer loop
      vertex 5 27 40
      vertex 5.54463 25.1216 40
      vertex 5.43646 25.1557 40
    endloop
  endfacet
  facet normal 0 0 -1
    outer loop
      vertex 5 27 40
      vertex 5.43646 25.1557 40
      vertex 5.32574 25.1802 40
    endloop
  endfacet
  facet normal 0 0 -1
    outer loop
      vertex 5 27 40
      vertex 5.32574 25.1802 40
      vertex 5.2133 25.1951 40
    endloop
  endfacet
  facet normal 0 0 -1
    outer loop
      vertex 5 27 40
      vertex 5.2133 25.1951 40
      vertex 5.1 25.2 40
    endloop
  endfacet
  facet normal 0 0 -1
    outer loop
      vertex 5 27 40
      vertex 5.1 25.2 40
      vertex 5 25.1956 40
    endloop
  endfacet
  facet normal 0 0 -1
    outer loop
      vertex 12.5 23 40
      vertex 5 27 40
      vertex 17 29 40
    endloop
  endfacet
  facet normal 0 0 -1
    outer loop
      vertex -5 27 40
      vertex 17 29 40
      vertex 5 27 40
    endloop
  endfacet
  facet normal 0 0 -1
    outer loop
      vertex -5.2133 25.1951 40
      vertex -5 27 40
      vertex -5.1 25.2 40
    endloop
  endfacet
  facet normal 0 0 -1
    outer loop
      vertex -5.32574 25.1802 40
      vertex -5 27 40
      vertex -5.2133 25.1951 40
    endloop
  endfacet
  facet normal 0 0 -1
    outer loop
      vertex -5.43646 25.1557 40
      vertex -5 27 40
      vertex -5.32574 25.1802 40
    endloop
  endfacet
  facet normal 0 0 -1
    outer loop
      vertex -5.54463 25.1216 40
      vertex -5 27 40
      vertex -5.43646 25.1557 40
    endloop
  endfacet
  facet normal 0 0 -1
    outer loop
      vertex -5.6494 25.0782 40
      vertex -5 27 40
      vertex -5.54463 25.1216 40
    endloop
  endfacet
  facet normal 0 0 -1
    outer loop
      vertex -5.75 25.0258 40
      vertex -5 27 40
      vertex -5.6494 25.0782 40
    endloop
  endfacet
  facet normal 0 0 -1
    outer loop
      vertex -5.84565 24.9649 40
      vertex -5 27 40
      vertex -5.75 25.0258 40
    endloop
  endfacet
  facet normal 0 0 -1
    outer loop
      vertex -5.93562 24.8959 40
      vertex -5 27 40
      vertex -5.84565 24.9649 40
    endloop
  endfacet
  facet normal 0 0 -1
    outer loop
      vertex -6.01924 24.8192 40
      vertex -5 27 40
      vertex -5.93562 24.8959 40
    endloop
  endfacet
  facet normal 0 0 -1
    outer loop
      vertex -6.09586 24.7356 40
      vertex -5 27 40
      vertex -6.01924 24.8192 40
    endloop
  endfacet
  facet normal 0 0 -1
    outer loop
      vertex -12.5 23 40
      vertex -6.09586 24.7356 40
      vertex -6.1649 24.6456 40
    endloop
  endfacet
  facet normal 0 0 -1
    outer loop
      vertex -12.5 23 40
      vertex -6.1649 24.6456 40
      vertex -6.22583 24.55 40
    endloop
  endfacet
  facet normal 0 0 -1
    outer loop
      vertex -12.5 23 40
      vertex -6.22583 24.55 40
      vertex -6.2782 24.4494 40
    endloop
  endfacet
  facet normal 0 0 -1
    outer loop
      vertex -12.5 23 40
      vertex -6.39505 24.0133 40
      vertex -6.4 23.9 40
    endloop
  endfacet
  facet normal 0 0 -1
    outer loop
      vertex -12.5 23 40
      vertex -6.38025 24.1257 40
      vertex -6.39505 24.0133 40
    endloop
  endfacet
  facet normal 0 0 -1
    outer loop
      vertex -12.5 23 40
      vertex -6.3557 24.2365 40
      vertex -6.38025 24.1257 40
    endloop
  endfacet
  facet normal 0 0 -1
    outer loop
      vertex -12.5 23 40
      vertex -6.3216 24.3446 40
      vertex -6.3557 24.2365 40
    endloop
  endfacet
  facet normal 0 0 -1
    outer loop
      vertex -12.5 23 40
      vertex -6.2782 24.4494 40
      vertex -6.3216 24.3446 40
    endloop
  endfacet
  facet normal -0 0 -1
    outer loop
      vertex -6.09586 24.7356 40
      vertex -12.5 23 40
      vertex -5 27 40
    endloop
  endfacet
  facet normal 0 0 -1
    outer loop
      vertex -5 27 40
      vertex -17 29 40
      vertex 17 29 40
    endloop
  endfacet
  facet normal 0 0 -1
    outer loop
      vertex -12.5 23 40
      vertex -17 29 40
      vertex -5 27 40
    endloop
  endfacet
  facet normal 0 0 -1
    outer loop
      vertex -17 29 40
      vertex -12.5 23 40
      vertex -17 -29 40
    endloop
  endfacet
  facet normal 0 0 -1
    outer loop
      vertex 6.39505 -23.7867 40
      vertex 12.5 -23 40
      vertex 6.4 -23.9 40
    endloop
  endfacet
  facet normal 0 0 -1
    outer loop
      vertex 6.38025 -23.6743 40
      vertex 12.5 -23 40
      vertex 6.39505 -23.7867 40
    endloop
  endfacet
  facet normal 0 0 -1
    outer loop
      vertex 6.3557 -23.5635 40
      vertex 12.5 -23 40
      vertex 6.38025 -23.6743 40
    endloop
  endfacet
  facet normal 0 0 -1
    outer loop
      vertex 6.3216 -23.4554 40
      vertex 12.5 -23 40
      vertex 6.3557 -23.5635 40
    endloop
  endfacet
  facet normal 0 0 -1
    outer loop
      vertex 6.2782 -23.3506 40
      vertex 12.5 -23 40
      vertex 6.3216 -23.4554 40
    endloop
  endfacet
  facet normal 0 0 -1
    outer loop
      vertex 6.22583 -23.25 40
      vertex 12.5 -23 40
      vertex 6.2782 -23.3506 40
    endloop
  endfacet
  facet normal 0 0 -1
    outer loop
      vertex 6.1649 -23.1544 40
      vertex 12.5 -23 40
      vertex 6.22583 -23.25 40
    endloop
  endfacet
  facet normal 0 0 -1
    outer loop
      vertex 6.09586 -23.0644 40
      vertex 12.5 -23 40
      vertex 6.1649 -23.1544 40
    endloop
  endfacet
  facet normal -0 0 -1
    outer loop
      vertex 12.5 -23 40
      vertex 6.09586 -23.0644 40
      vertex 6.03687 -23 40
    endloop
  endfacet
  facet normal 0 0 -1
    outer loop
      vertex -3.8 -23.9 40
      vertex 3.80495 -23.7867 40
      vertex 3.8 -23.9 40
    endloop
  endfacet
  facet normal 0 0 -1
    outer loop
      vertex -3.80495 -23.7867 40
      vertex 3.80495 -23.7867 40
      vertex -3.8 -23.9 40
    endloop
  endfacet
  facet normal 0 0 -1
    outer loop
      vertex 3.80495 -23.7867 40
      vertex -3.80495 -23.7867 40
      vertex 3.81975 -23.6743 40
    endloop
  endfacet
  facet normal 0 0 -1
    outer loop
      vertex -3.81975 -23.6743 40
      vertex 3.81975 -23.6743 40
      vertex -3.80495 -23.7867 40
    endloop
  endfacet
  facet normal 0 0 -1
    outer loop
      vertex 3.81975 -23.6743 40
      vertex -3.81975 -23.6743 40
      vertex 3.8443 -23.5635 40
    endloop
  endfacet
  facet normal 0 0 -1
    outer loop
      vertex -3.8443 -23.5635 40
      vertex 3.8443 -23.5635 40
      vertex -3.81975 -23.6743 40
    endloop
  endfacet
  facet normal 0 0 -1
    outer loop
      vertex 3.8443 -23.5635 40
      vertex -3.8443 -23.5635 40
      vertex 3.8784 -23.4554 40
    endloop
  endfacet
  facet normal 0 0 -1
    outer loop
      vertex -3.8784 -23.4554 40
      vertex 3.8784 -23.4554 40
      vertex -3.8443 -23.5635 40
    endloop
  endfacet
  facet normal 0 0 -1
    outer loop
      vertex 3.8784 -23.4554 40
      vertex -3.8784 -23.4554 40
      vertex 3.9218 -23.3506 40
    endloop
  endfacet
  facet normal 0 0 -1
    outer loop
      vertex -3.9218 -23.3506 40
      vertex 3.9218 -23.3506 40
      vertex -3.8784 -23.4554 40
    endloop
  endfacet
  facet normal 0 0 -1
    outer loop
      vertex 3.9218 -23.3506 40
      vertex -3.9218 -23.3506 40
      vertex 3.97417 -23.25 40
    endloop
  endfacet
  facet normal 0 0 -1
    outer loop
      vertex -3.97417 -23.25 40
      vertex 3.97417 -23.25 40
      vertex -3.9218 -23.3506 40
    endloop
  endfacet
  facet normal 0 0 -1
    outer loop
      vertex 3.97417 -23.25 40
      vertex -3.97417 -23.25 40
      vertex 4.0351 -23.1544 40
    endloop
  endfacet
  facet normal 0 0 -1
    outer loop
      vertex -4.0351 -23.1544 40
      vertex 4.0351 -23.1544 40
      vertex -3.97417 -23.25 40
    endloop
  endfacet
  facet normal 0 0 -1
    outer loop
      vertex 4.0351 -23.1544 40
      vertex -4.0351 -23.1544 40
      vertex 4.10414 -23.0644 40
    endloop
  endfacet
  facet normal 0 0 -1
    outer loop
      vertex -4.10414 -23.0644 40
      vertex 4.10414 -23.0644 40
      vertex -4.0351 -23.1544 40
    endloop
  endfacet
  facet normal 0 0 -1
    outer loop
      vertex 4.10414 -23.0644 40
      vertex -4.10414 -23.0644 40
      vertex 4.16313 -23 40
    endloop
  endfacet
  facet normal -0 0 -1
    outer loop
      vertex 4.16313 -23 40
      vertex -4.10414 -23.0644 40
      vertex -4.16313 -23 40
    endloop
  endfacet
  facet normal 0 0 -1
    outer loop
      vertex -6.09586 -23.0644 40
      vertex -12.5 -23 40
      vertex -6.03687 -23 40
    endloop
  endfacet
  facet normal 0 0 -1
    outer loop
      vertex -6.1649 -23.1544 40
      vertex -12.5 -23 40
      vertex -6.09586 -23.0644 40
    endloop
  endfacet
  facet normal 0 0 -1
    outer loop
      vertex -6.22583 -23.25 40
      vertex -12.5 -23 40
      vertex -6.1649 -23.1544 40
    endloop
  endfacet
  facet normal 0 0 -1
    outer loop
      vertex -6.2782 -23.3506 40
      vertex -12.5 -23 40
      vertex -6.22583 -23.25 40
    endloop
  endfacet
  facet normal 0 0 -1
    outer loop
      vertex -6.3216 -23.4554 40
      vertex -12.5 -23 40
      vertex -6.2782 -23.3506 40
    endloop
  endfacet
  facet normal 0 0 -1
    outer loop
      vertex -6.3557 -23.5635 40
      vertex -12.5 -23 40
      vertex -6.3216 -23.4554 40
    endloop
  endfacet
  facet normal 0 0 -1
    outer loop
      vertex -6.38025 -23.6743 40
      vertex -12.5 -23 40
      vertex -6.3557 -23.5635 40
    endloop
  endfacet
  facet normal 0 0 -1
    outer loop
      vertex -6.39505 -23.7867 40
      vertex -12.5 -23 40
      vertex -6.38025 -23.6743 40
    endloop
  endfacet
  facet normal 0 0 -1
    outer loop
      vertex -12.5 -23 40
      vertex -6.39505 -23.7867 40
      vertex -6.4 -23.9 40
    endloop
  endfacet
  facet normal 0 0 -1
    outer loop
      vertex 5 21.5 40
      vertex 4.9867 22.6049 40
      vertex 5 22.6044 40
    endloop
  endfacet
  facet normal 0 0 -1
    outer loop
      vertex 5 21.5 40
      vertex 4.87426 22.6197 40
      vertex 4.9867 22.6049 40
    endloop
  endfacet
  facet normal 0 0 -1
    outer loop
      vertex 5 21.5 40
      vertex 4.76353 22.6443 40
      vertex 4.87426 22.6197 40
    endloop
  endfacet
  facet normal 0 0 -1
    outer loop
      vertex 5 21.5 40
      vertex 4.65537 22.6784 40
      vertex 4.76353 22.6443 40
    endloop
  endfacet
  facet normal 0 0 -1
    outer loop
      vertex 5 21.5 40
      vertex 4.5506 22.7218 40
      vertex 4.65537 22.6784 40
    endloop
  endfacet
  facet normal 0 0 -1
    outer loop
      vertex 5 21.5 40
      vertex 4.45 22.7742 40
      vertex 4.5506 22.7218 40
    endloop
  endfacet
  facet normal 0 0 -1
    outer loop
      vertex 5 21.5 40
      vertex 4.35435 22.8351 40
      vertex 4.45 22.7742 40
    endloop
  endfacet
  facet normal 0 0 -1
    outer loop
      vertex 5 21.5 40
      vertex 4.26438 22.9041 40
      vertex 4.35435 22.8351 40
    endloop
  endfacet
  facet normal 0 0 -1
    outer loop
      vertex 5 21.5 40
      vertex 4.18076 22.9808 40
      vertex 4.26438 22.9041 40
    endloop
  endfacet
  facet normal 0 0 -1
    outer loop
      vertex 5 21.5 40
      vertex 4.10414 23.0644 40
      vertex 4.18076 22.9808 40
    endloop
  endfacet
  facet normal 0 0 -1
    outer loop
      vertex -4.10414 23.0644 40
      vertex 4.10414 23.0644 40
      vertex 5 21.5 40
    endloop
  endfacet
  facet normal 0 0 -1
    outer loop
      vertex 4.10414 23.0644 40
      vertex -4.10414 23.0644 40
      vertex 4.0351 23.1544 40
    endloop
  endfacet
  facet normal 0 0 -1
    outer loop
      vertex 3.80495 23.7867 40
      vertex -3.8 23.9 40
      vertex 3.8 23.9 40
    endloop
  endfacet
  facet normal 0 0 -1
    outer loop
      vertex -3.80495 23.7867 40
      vertex 3.80495 23.7867 40
      vertex 3.81975 23.6743 40
    endloop
  endfacet
  facet normal 0 0 -1
    outer loop
      vertex -3.81975 23.6743 40
      vertex 3.81975 23.6743 40
      vertex 3.8443 23.5635 40
    endloop
  endfacet
  facet normal 0 0 -1
    outer loop
      vertex -3.8443 23.5635 40
      vertex 3.8443 23.5635 40
      vertex 3.8784 23.4554 40
    endloop
  endfacet
  facet normal 0 0 -1
    outer loop
      vertex -3.8784 23.4554 40
      vertex 3.8784 23.4554 40
      vertex 3.9218 23.3506 40
    endloop
  endfacet
  facet normal 0 0 -1
    outer loop
      vertex -3.9218 23.3506 40
      vertex 3.9218 23.3506 40
      vertex 3.97417 23.25 40
    endloop
  endfacet
  facet normal 0 -0 -1
    outer loop
      vertex -4.0351 23.1544 40
      vertex 4.0351 23.1544 40
      vertex -4.10414 23.0644 40
    endloop
  endfacet
  facet normal 0 0 -1
    outer loop
      vertex 3.80495 23.7867 40
      vertex -3.80495 23.7867 40
      vertex -3.8 23.9 40
    endloop
  endfacet
  facet normal 0 0 -1
    outer loop
      vertex 3.81975 23.6743 40
      vertex -3.81975 23.6743 40
      vertex -3.80495 23.7867 40
    endloop
  endfacet
  facet normal 0 0 -1
    outer loop
      vertex 3.8443 23.5635 40
      vertex -3.8443 23.5635 40
      vertex -3.81975 23.6743 40
    endloop
  endfacet
  facet normal 0 0 -1
    outer loop
      vertex 3.8784 23.4554 40
      vertex -3.8784 23.4554 40
      vertex -3.8443 23.5635 40
    endloop
  endfacet
  facet normal 0 0 -1
    outer loop
      vertex 3.9218 23.3506 40
      vertex -3.9218 23.3506 40
      vertex -3.8784 23.4554 40
    endloop
  endfacet
  facet normal 0 0 -1
    outer loop
      vertex 3.97417 23.25 40
      vertex -3.97417 23.25 40
      vertex -3.9218 23.3506 40
    endloop
  endfacet
  facet normal -0 0 -1
    outer loop
      vertex 3.97417 23.25 40
      vertex -4.0351 23.1544 40
      vertex -3.97417 23.25 40
    endloop
  endfacet
  facet normal 0 0 -1
    outer loop
      vertex 4.0351 23.1544 40
      vertex -4.0351 23.1544 40
      vertex 3.97417 23.25 40
    endloop
  endfacet
  facet normal 0 0 -1
    outer loop
      vertex -5 21.5 40
      vertex -4.10414 23.0644 40
      vertex 5 21.5 40
    endloop
  endfacet
  facet normal 0 0 -1
    outer loop
      vertex -4.10414 23.0644 40
      vertex -5 21.5 40
      vertex -4.18076 22.9808 40
    endloop
  endfacet
  facet normal 0 0 -1
    outer loop
      vertex -4.18076 22.9808 40
      vertex -5 21.5 40
      vertex -4.26438 22.9041 40
    endloop
  endfacet
  facet normal 0 0 -1
    outer loop
      vertex -4.26438 22.9041 40
      vertex -5 21.5 40
      vertex -4.35435 22.8351 40
    endloop
  endfacet
  facet normal 0 0 -1
    outer loop
      vertex -4.35435 22.8351 40
      vertex -5 21.5 40
      vertex -4.45 22.7742 40
    endloop
  endfacet
  facet normal 0 0 -1
    outer loop
      vertex -4.45 22.7742 40
      vertex -5 21.5 40
      vertex -4.5506 22.7218 40
    endloop
  endfacet
  facet normal 0 0 -1
    outer loop
      vertex -4.5506 22.7218 40
      vertex -5 21.5 40
      vertex -4.65537 22.6784 40
    endloop
  endfacet
  facet normal 0 0 -1
    outer loop
      vertex -4.65537 22.6784 40
      vertex -5 21.5 40
      vertex -4.76353 22.6443 40
    endloop
  endfacet
  facet normal 0 0 -1
    outer loop
      vertex -4.76353 22.6443 40
      vertex -5 21.5 40
      vertex -4.87426 22.6197 40
    endloop
  endfacet
  facet normal 0 0 -1
    outer loop
      vertex -4.87426 22.6197 40
      vertex -5 21.5 40
      vertex -4.9867 22.6049 40
    endloop
  endfacet
  facet normal 0 0 -1
    outer loop
      vertex -4.9867 22.6049 40
      vertex -5 21.5 40
      vertex -5 22.6044 40
    endloop
  endfacet
  facet normal 0 0 -1
    outer loop
      vertex 4.9867 25.1951 40
      vertex 5 27 40
      vertex 5 25.1956 40
    endloop
  endfacet
  facet normal 0 0 -1
    outer loop
      vertex 4.87426 25.1802 40
      vertex 5 27 40
      vertex 4.9867 25.1951 40
    endloop
  endfacet
  facet normal 0 0 -1
    outer loop
      vertex 4.76353 25.1557 40
      vertex 5 27 40
      vertex 4.87426 25.1802 40
    endloop
  endfacet
  facet normal 0 0 -1
    outer loop
      vertex 4.65537 25.1216 40
      vertex 5 27 40
      vertex 4.76353 25.1557 40
    endloop
  endfacet
  facet normal 0 0 -1
    outer loop
      vertex 4.5506 25.0782 40
      vertex 5 27 40
      vertex 4.65537 25.1216 40
    endloop
  endfacet
  facet normal 0 0 -1
    outer loop
      vertex 4.45 25.0258 40
      vertex 5 27 40
      vertex 4.5506 25.0782 40
    endloop
  endfacet
  facet normal 0 0 -1
    outer loop
      vertex 4.35435 24.9649 40
      vertex 5 27 40
      vertex 4.45 25.0258 40
    endloop
  endfacet
  facet normal 0 0 -1
    outer loop
      vertex 4.26438 24.8959 40
      vertex 5 27 40
      vertex 4.35435 24.9649 40
    endloop
  endfacet
  facet normal 0 0 -1
    outer loop
      vertex 4.18076 24.8192 40
      vertex 5 27 40
      vertex 4.26438 24.8959 40
    endloop
  endfacet
  facet normal 0 0 -1
    outer loop
      vertex 4.10414 24.7356 40
      vertex 5 27 40
      vertex 4.18076 24.8192 40
    endloop
  endfacet
  facet normal 0 0 -1
    outer loop
      vertex 4.0351 24.6456 40
      vertex 5 27 40
      vertex 4.10414 24.7356 40
    endloop
  endfacet
  facet normal 0 0 -1
    outer loop
      vertex -4.0351 24.6456 40
      vertex 4.0351 24.6456 40
      vertex 3.97417 24.55 40
    endloop
  endfacet
  facet normal 0 0 -1
    outer loop
      vertex -3.97417 24.55 40
      vertex 3.97417 24.55 40
      vertex 3.9218 24.4494 40
    endloop
  endfacet
  facet normal 0 0 -1
    outer loop
      vertex -3.8 23.9 40
      vertex 3.80495 24.0133 40
      vertex 3.8 23.9 40
    endloop
  endfacet
  facet normal 0 0 -1
    outer loop
      vertex -3.80495 24.0133 40
      vertex 3.80495 24.0133 40
      vertex -3.8 23.9 40
    endloop
  endfacet
  facet normal 0 0 -1
    outer loop
      vertex 3.80495 24.0133 40
      vertex -3.80495 24.0133 40
      vertex 3.81975 24.1257 40
    endloop
  endfacet
  facet normal 0 0 -1
    outer loop
      vertex -3.81975 24.1257 40
      vertex 3.81975 24.1257 40
      vertex -3.80495 24.0133 40
    endloop
  endfacet
  facet normal 0 0 -1
    outer loop
      vertex 3.81975 24.1257 40
      vertex -3.81975 24.1257 40
      vertex 3.8443 24.2365 40
    endloop
  endfacet
  facet normal 0 0 -1
    outer loop
      vertex -3.8443 24.2365 40
      vertex 3.8443 24.2365 40
      vertex -3.81975 24.1257 40
    endloop
  endfacet
  facet normal 0 0 -1
    outer loop
      vertex 3.8443 24.2365 40
      vertex -3.8443 24.2365 40
      vertex 3.8784 24.3446 40
    endloop
  endfacet
  facet normal 0 0 -1
    outer loop
      vertex -3.8784 24.3446 40
      vertex 3.8784 24.3446 40
      vertex -3.8443 24.2365 40
    endloop
  endfacet
  facet normal 0 0 -1
    outer loop
      vertex 3.8784 24.3446 40
      vertex -3.8784 24.3446 40
      vertex 3.9218 24.4494 40
    endloop
  endfacet
  facet normal 0 0 -1
    outer loop
      vertex -3.9218 24.4494 40
      vertex 3.9218 24.4494 40
      vertex -3.8784 24.3446 40
    endloop
  endfacet
  facet normal 0 0 -1
    outer loop
      vertex -3.97417 24.55 40
      vertex 3.9218 24.4494 40
      vertex -3.9218 24.4494 40
    endloop
  endfacet
  facet normal 0 0 -1
    outer loop
      vertex 3.97417 24.55 40
      vertex -3.97417 24.55 40
      vertex -4.0351 24.6456 40
    endloop
  endfacet
  facet normal 0 0 -1
    outer loop
      vertex 4.0351 24.6456 40
      vertex -4.0351 24.6456 40
      vertex 5 27 40
    endloop
  endfacet
  facet normal 0 0 -1
    outer loop
      vertex -5 27 40
      vertex -4.0351 24.6456 40
      vertex -4.10414 24.7356 40
    endloop
  endfacet
  facet normal 0 0 -1
    outer loop
      vertex -5 27 40
      vertex -4.10414 24.7356 40
      vertex -4.18076 24.8192 40
    endloop
  endfacet
  facet normal 0 0 -1
    outer loop
      vertex -5 27 40
      vertex -4.18076 24.8192 40
      vertex -4.26438 24.8959 40
    endloop
  endfacet
  facet normal 0 0 -1
    outer loop
      vertex -5 27 40
      vertex -4.26438 24.8959 40
      vertex -4.35435 24.9649 40
    endloop
  endfacet
  facet normal 0 0 -1
    outer loop
      vertex -5 27 40
      vertex -4.35435 24.9649 40
      vertex -4.45 25.0258 40
    endloop
  endfacet
  facet normal 0 0 -1
    outer loop
      vertex -5 27 40
      vertex -4.45 25.0258 40
      vertex -4.5506 25.0782 40
    endloop
  endfacet
  facet normal 0 0 -1
    outer loop
      vertex -5 27 40
      vertex -4.5506 25.0782 40
      vertex -4.65537 25.1216 40
    endloop
  endfacet
  facet normal 0 0 -1
    outer loop
      vertex -5 27 40
      vertex -4.65537 25.1216 40
      vertex -4.76353 25.1557 40
    endloop
  endfacet
  facet normal 0 0 -1
    outer loop
      vertex -5 27 40
      vertex -4.76353 25.1557 40
      vertex -4.87426 25.1802 40
    endloop
  endfacet
  facet normal 0 0 -1
    outer loop
      vertex -5 27 40
      vertex -4.87426 25.1802 40
      vertex -4.9867 25.1951 40
    endloop
  endfacet
  facet normal 0 0 -1
    outer loop
      vertex -5 27 40
      vertex -4.9867 25.1951 40
      vertex -5 25.1956 40
    endloop
  endfacet
  facet normal 0 0 -1
    outer loop
      vertex -4.0351 24.6456 40
      vertex -5 27 40
      vertex 5 27 40
    endloop
  endfacet
  facet normal 0 -1 0
    outer loop
      vertex -17 -29 40
      vertex 17 -29 43
      vertex -17 -29 43
    endloop
  endfacet
  facet normal 0 -1 -0
    outer loop
      vertex 17 -29 43
      vertex -17 -29 40
      vertex 17 -29 40
    endloop
  endfacet
  facet normal 0 1 -0
    outer loop
      vertex 17 29 40
      vertex -17 29 43
      vertex 17 29 43
    endloop
  endfacet
  facet normal 0 1 0
    outer loop
      vertex -17 29 43
      vertex 17 29 40
      vertex -17 29 40
    endloop
  endfacet
  facet normal -0.887007 -0.461755 0
    outer loop
      vertex -3.9218 -23.3506 40
      vertex -3.97417 -23.25 43
      vertex -3.97417 -23.25 40
    endloop
  endfacet
  facet normal -0.887007 -0.461755 0
    outer loop
      vertex -3.97417 -23.25 43
      vertex -3.9218 -23.3506 40
      vertex -3.9218 -23.3506 43
    endloop
  endfacet
  facet normal -0.300684 -0.953724 0
    outer loop
      vertex -4.76353 -22.6443 39
      vertex -4.65537 -22.6784 43
      vertex -4.76353 -22.6443 43
    endloop
  endfacet
  facet normal -0.300684 -0.953724 -0
    outer loop
      vertex -4.65537 -22.6784 43
      vertex -4.76353 -22.6443 39
      vertex -4.65537 -22.6784 39
    endloop
  endfacet
  facet normal 0.382705 -0.923871 0
    outer loop
      vertex -5.6494 -22.7218 39
      vertex -5.54463 -22.6784 43
      vertex -5.6494 -22.7218 43
    endloop
  endfacet
  facet normal 0.382705 -0.923871 0
    outer loop
      vertex -5.54463 -22.6784 43
      vertex -5.6494 -22.7218 39
      vertex -5.54463 -22.6784 39
    endloop
  endfacet
  facet normal 0.923909 -0.382611 0
    outer loop
      vertex -6.3216 -23.4554 43
      vertex -6.2782 -23.3506 40
      vertex -6.2782 -23.3506 43
    endloop
  endfacet
  facet normal 0.923909 -0.382611 0
    outer loop
      vertex -6.2782 -23.3506 40
      vertex -6.3216 -23.4554 43
      vertex -6.3216 -23.4554 40
    endloop
  endfacet
  facet normal -0.999047 0.0436477 0
    outer loop
      vertex -3.80495 -24.0133 40
      vertex -3.8 -23.9 43
      vertex -3.8 -23.9 40
    endloop
  endfacet
  facet normal -0.999047 0.0436477 0
    outer loop
      vertex -3.8 -23.9 43
      vertex -3.80495 -24.0133 40
      vertex -3.80495 -24.0133 43
    endloop
  endfacet
  facet normal -0.537075 -0.843534 0
    outer loop
      vertex -4.45 -22.7742 39
      vertex -4.35435 -22.8351 43
      vertex -4.45 -22.7742 43
    endloop
  endfacet
  facet normal -0.537075 -0.843534 -0
    outer loop
      vertex -4.35435 -22.8351 43
      vertex -4.45 -22.7742 39
      vertex -4.35435 -22.8351 39
    endloop
  endfacet
  facet normal 0.736581 -0.67635 0
    outer loop
      vertex -6.01924 -22.9808 43
      vertex -6.03687 -23 40
      vertex -6.01924 -22.9808 39
    endloop
  endfacet
  facet normal 0.737213 -0.675661 -8.12462e-06
    outer loop
      vertex -6.09586 -23.0644 43
      vertex -6.03687 -23 40
      vertex -6.01924 -22.9808 43
    endloop
  endfacet
  facet normal 0.737401 -0.675455 0
    outer loop
      vertex -6.03687 -23 40
      vertex -6.09586 -23.0644 43
      vertex -6.09586 -23.0644 40
    endloop
  endfacet
  facet normal 0.736581 -0.67635 0
    outer loop
      vertex -6.01924 -22.9808 39
      vertex -6.03687 -23 40
      vertex -6.03687 -23 39
    endloop
  endfacet
  facet normal 0.216893 -0.976195 0
    outer loop
      vertex -5.43646 -22.6443 39
      vertex -5.32574 -22.6197 43
      vertex -5.43646 -22.6443 43
    endloop
  endfacet
  facet normal 0.216893 -0.976195 0
    outer loop
      vertex -5.32574 -22.6197 43
      vertex -5.43646 -22.6443 39
      vertex -5.32574 -22.6197 39
    endloop
  endfacet
  facet normal 0.675956 0.736942 -0
    outer loop
      vertex -5.93562 -24.8959 40
      vertex -6.01924 -24.8192 43
      vertex -5.93562 -24.8959 43
    endloop
  endfacet
  facet normal 0.675956 0.736942 0
    outer loop
      vertex -6.01924 -24.8192 43
      vertex -5.93562 -24.8959 40
      vertex -6.01924 -24.8192 40
    endloop
  endfacet
  facet normal -0.843287 -0.537463 0
    outer loop
      vertex -3.97417 -23.25 40
      vertex -4.0351 -23.1544 43
      vertex -4.0351 -23.1544 40
    endloop
  endfacet
  facet normal -0.843287 -0.537463 0
    outer loop
      vertex -4.0351 -23.1544 43
      vertex -3.97417 -23.25 40
      vertex -3.97417 -23.25 43
    endloop
  endfacet
  facet normal -0.675956 -0.736942 0
    outer loop
      vertex -4.26438 -22.9041 39
      vertex -4.18076 -22.9808 43
      vertex -4.26438 -22.9041 43
    endloop
  endfacet
  facet normal -0.675956 -0.736942 -0
    outer loop
      vertex -4.18076 -22.9808 43
      vertex -4.26438 -22.9041 39
      vertex -4.18076 -22.9808 39
    endloop
  endfacet
  facet normal 0.0432076 -0.999066 0
    outer loop
      vertex -5.2133 -22.6049 39
      vertex -5.1 -22.6 43
      vertex -5.2133 -22.6049 43
    endloop
  endfacet
  facet normal 0.0432076 -0.999066 0
    outer loop
      vertex -5.1 -22.6 43
      vertex -5.2133 -22.6049 39
      vertex -5.1 -22.6 39
    endloop
  endfacet
  facet normal -0.216874 -0.9762 0
    outer loop
      vertex -4.87426 -22.6197 39
      vertex -4.76353 -22.6443 43
      vertex -4.87426 -22.6197 43
    endloop
  endfacet
  facet normal -0.216874 -0.9762 -0
    outer loop
      vertex -4.76353 -22.6443 43
      vertex -4.87426 -22.6197 39
      vertex -4.76353 -22.6443 39
    endloop
  endfacet
  facet normal -0.1305 -0.991448 0
    outer loop
      vertex -4.9867 -22.6049 39
      vertex -4.87426 -22.6197 43
      vertex -4.9867 -22.6049 43
    endloop
  endfacet
  facet normal -0.1305 -0.991448 -0
    outer loop
      vertex -4.87426 -22.6197 43
      vertex -4.9867 -22.6049 39
      vertex -4.87426 -22.6197 39
    endloop
  endfacet
  facet normal -0.608559 -0.793508 0
    outer loop
      vertex -4.35435 -22.8351 39
      vertex -4.26438 -22.9041 43
      vertex -4.35435 -22.8351 43
    endloop
  endfacet
  facet normal -0.608559 -0.793508 -0
    outer loop
      vertex -4.26438 -22.9041 43
      vertex -4.35435 -22.8351 39
      vertex -4.26438 -22.9041 39
    endloop
  endfacet
  facet normal 0.999047 -0.0436477 0
    outer loop
      vertex -6.4 -23.9 43
      vertex -6.39505 -23.7867 40
      vertex -6.39505 -23.7867 43
    endloop
  endfacet
  facet normal 0.999047 -0.0436477 0
    outer loop
      vertex -6.39505 -23.7867 40
      vertex -6.4 -23.9 43
      vertex -6.4 -23.9 40
    endloop
  endfacet
  facet normal 0.953676 -0.300836 0
    outer loop
      vertex -6.3557 -23.5635 43
      vertex -6.3216 -23.4554 40
      vertex -6.3216 -23.4554 43
    endloop
  endfacet
  facet normal 0.953676 -0.300836 0
    outer loop
      vertex -6.3216 -23.4554 40
      vertex -6.3557 -23.5635 43
      vertex -6.3557 -23.5635 40
    endloop
  endfacet
  facet normal 0.976322 -0.216324 0
    outer loop
      vertex -6.38025 -23.6743 43
      vertex -6.3557 -23.5635 40
      vertex -6.3557 -23.5635 43
    endloop
  endfacet
  facet normal 0.976322 -0.216324 0
    outer loop
      vertex -6.3557 -23.5635 40
      vertex -6.38025 -23.6743 43
      vertex -6.38025 -23.6743 40
    endloop
  endfacet
  facet normal 0.887007 -0.461755 0
    outer loop
      vertex -6.2782 -23.3506 43
      vertex -6.22583 -23.25 40
      vertex -6.22583 -23.25 43
    endloop
  endfacet
  facet normal 0.887007 -0.461755 0
    outer loop
      vertex -6.22583 -23.25 40
      vertex -6.2782 -23.3506 43
      vertex -6.2782 -23.3506 40
    endloop
  endfacet
  facet normal 0.843287 -0.537463 0
    outer loop
      vertex -6.22583 -23.25 43
      vertex -6.1649 -23.1544 40
      vertex -6.1649 -23.1544 43
    endloop
  endfacet
  facet normal 0.843287 -0.537463 0
    outer loop
      vertex -6.1649 -23.1544 40
      vertex -6.22583 -23.25 43
      vertex -6.22583 -23.25 40
    endloop
  endfacet
  facet normal 0.300659 -0.953732 0
    outer loop
      vertex -5.54463 -22.6784 39
      vertex -5.43646 -22.6443 43
      vertex -5.54463 -22.6784 43
    endloop
  endfacet
  facet normal 0.300659 -0.953732 0
    outer loop
      vertex -5.43646 -22.6443 43
      vertex -5.54463 -22.6784 39
      vertex -5.43646 -22.6443 39
    endloop
  endfacet
  facet normal 0.1305 -0.991448 0
    outer loop
      vertex -5.32574 -22.6197 39
      vertex -5.2133 -22.6049 43
      vertex -5.32574 -22.6197 43
    endloop
  endfacet
  facet normal 0.1305 -0.991448 0
    outer loop
      vertex -5.2133 -22.6049 43
      vertex -5.32574 -22.6197 39
      vertex -5.2133 -22.6049 39
    endloop
  endfacet
  facet normal 0.537075 -0.843534 0
    outer loop
      vertex -5.84565 -22.8351 39
      vertex -5.75 -22.7742 43
      vertex -5.84565 -22.8351 43
    endloop
  endfacet
  facet normal 0.537075 -0.843534 0
    outer loop
      vertex -5.75 -22.7742 43
      vertex -5.84565 -22.8351 39
      vertex -5.75 -22.7742 39
    endloop
  endfacet
  facet normal 0.608559 -0.793508 0
    outer loop
      vertex -5.93562 -22.9041 39
      vertex -5.84565 -22.8351 43
      vertex -5.93562 -22.9041 43
    endloop
  endfacet
  facet normal 0.608559 -0.793508 0
    outer loop
      vertex -5.84565 -22.8351 43
      vertex -5.93562 -22.9041 39
      vertex -5.84565 -22.8351 39
    endloop
  endfacet
  facet normal 0.461963 -0.886899 0
    outer loop
      vertex -5.75 -22.7742 39
      vertex -5.6494 -22.7218 43
      vertex -5.75 -22.7742 43
    endloop
  endfacet
  facet normal 0.461963 -0.886899 0
    outer loop
      vertex -5.6494 -22.7218 43
      vertex -5.75 -22.7742 39
      vertex -5.6494 -22.7218 39
    endloop
  endfacet
  facet normal 0.675956 -0.736942 0
    outer loop
      vertex -6.01924 -22.9808 39
      vertex -5.93562 -22.9041 43
      vertex -6.01924 -22.9808 43
    endloop
  endfacet
  facet normal 0.675956 -0.736942 0
    outer loop
      vertex -5.93562 -22.9041 43
      vertex -6.01924 -22.9808 39
      vertex -5.93562 -22.9041 39
    endloop
  endfacet
  facet normal -0.999047 -0.0436477 0
    outer loop
      vertex -3.8 -23.9 40
      vertex -3.80495 -23.7867 43
      vertex -3.80495 -23.7867 40
    endloop
  endfacet
  facet normal -0.999047 -0.0436477 0
    outer loop
      vertex -3.80495 -23.7867 43
      vertex -3.8 -23.9 40
      vertex -3.8 -23.9 43
    endloop
  endfacet
  facet normal -0.976322 0.216324 0
    outer loop
      vertex -3.8443 -24.2365 40
      vertex -3.81975 -24.1257 43
      vertex -3.81975 -24.1257 40
    endloop
  endfacet
  facet normal -0.976322 0.216324 0
    outer loop
      vertex -3.81975 -24.1257 43
      vertex -3.8443 -24.2365 40
      vertex -3.8443 -24.2365 43
    endloop
  endfacet
  facet normal -0.923909 -0.382611 0
    outer loop
      vertex -3.8784 -23.4554 40
      vertex -3.9218 -23.3506 43
      vertex -3.9218 -23.3506 40
    endloop
  endfacet
  facet normal -0.923909 -0.382611 0
    outer loop
      vertex -3.9218 -23.3506 43
      vertex -3.8784 -23.4554 40
      vertex -3.8784 -23.4554 43
    endloop
  endfacet
  facet normal -0.953676 -0.300836 0
    outer loop
      vertex -3.8443 -23.5635 40
      vertex -3.8784 -23.4554 43
      vertex -3.8784 -23.4554 40
    endloop
  endfacet
  facet normal -0.953676 -0.300836 0
    outer loop
      vertex -3.8784 -23.4554 43
      vertex -3.8443 -23.5635 40
      vertex -3.8443 -23.5635 43
    endloop
  endfacet
  facet normal -0.976322 -0.216324 0
    outer loop
      vertex -3.81975 -23.6743 40
      vertex -3.8443 -23.5635 43
      vertex -3.8443 -23.5635 40
    endloop
  endfacet
  facet normal -0.976322 -0.216324 0
    outer loop
      vertex -3.8443 -23.5635 43
      vertex -3.81975 -23.6743 40
      vertex -3.81975 -23.6743 43
    endloop
  endfacet
  facet normal -0.793436 -0.608654 0
    outer loop
      vertex -4.0351 -23.1544 40
      vertex -4.10414 -23.0644 43
      vertex -4.10414 -23.0644 40
    endloop
  endfacet
  facet normal -0.793436 -0.608654 0
    outer loop
      vertex -4.10414 -23.0644 43
      vertex -4.0351 -23.1544 40
      vertex -4.0351 -23.1544 43
    endloop
  endfacet
  facet normal -0.736581 -0.67635 -0
    outer loop
      vertex -4.16313 -23 40
      vertex -4.18076 -22.9808 39
      vertex -4.16313 -23 39
    endloop
  endfacet
  facet normal -0.736581 -0.67635 0
    outer loop
      vertex -4.18076 -22.9808 39
      vertex -4.16313 -23 40
      vertex -4.18076 -22.9808 43
    endloop
  endfacet
  facet normal -0.737401 -0.675455 -1.05496e-05
    outer loop
      vertex -4.10414 -23.0644 40
      vertex -4.18076 -22.9808 43
      vertex -4.16313 -23 40
    endloop
  endfacet
  facet normal -0.737213 -0.675661 0
    outer loop
      vertex -4.18076 -22.9808 43
      vertex -4.10414 -23.0644 40
      vertex -4.10414 -23.0644 43
    endloop
  endfacet
  facet normal -0.0432076 -0.999066 0
    outer loop
      vertex -5.1 -22.6 39
      vertex -4.9867 -22.6049 43
      vertex -5.1 -22.6 43
    endloop
  endfacet
  facet normal -0.0432076 -0.999066 -0
    outer loop
      vertex -4.9867 -22.6049 43
      vertex -5.1 -22.6 39
      vertex -4.9867 -22.6049 39
    endloop
  endfacet
  facet normal -0.461963 -0.886899 0
    outer loop
      vertex -4.5506 -22.7218 39
      vertex -4.45 -22.7742 43
      vertex -4.5506 -22.7218 43
    endloop
  endfacet
  facet normal -0.461963 -0.886899 -0
    outer loop
      vertex -4.45 -22.7742 43
      vertex -4.5506 -22.7218 39
      vertex -4.45 -22.7742 39
    endloop
  endfacet
  facet normal -0.382705 -0.923871 0
    outer loop
      vertex -4.65537 -22.6784 39
      vertex -4.5506 -22.7218 43
      vertex -4.65537 -22.6784 43
    endloop
  endfacet
  facet normal -0.382705 -0.923871 -0
    outer loop
      vertex -4.5506 -22.7218 43
      vertex -4.65537 -22.6784 39
      vertex -4.5506 -22.7218 39
    endloop
  endfacet
  facet normal 0.991442 -0.130546 0
    outer loop
      vertex -6.39505 -23.7867 43
      vertex -6.38025 -23.6743 40
      vertex -6.38025 -23.6743 43
    endloop
  endfacet
  facet normal 0.991442 -0.130546 0
    outer loop
      vertex -6.38025 -23.6743 40
      vertex -6.39505 -23.7867 43
      vertex -6.39505 -23.7867 40
    endloop
  endfacet
  facet normal 0.793436 -0.608654 0
    outer loop
      vertex -6.1649 -23.1544 43
      vertex -6.09586 -23.0644 40
      vertex -6.09586 -23.0644 43
    endloop
  endfacet
  facet normal 0.793436 -0.608654 0
    outer loop
      vertex -6.09586 -23.0644 40
      vertex -6.1649 -23.1544 43
      vertex -6.1649 -23.1544 40
    endloop
  endfacet
  facet normal -0.737213 0.675661 0
    outer loop
      vertex -4.18076 -24.8192 40
      vertex -4.10414 -24.7356 43
      vertex -4.10414 -24.7356 40
    endloop
  endfacet
  facet normal -0.737213 0.675661 0
    outer loop
      vertex -4.10414 -24.7356 43
      vertex -4.18076 -24.8192 40
      vertex -4.18076 -24.8192 43
    endloop
  endfacet
  facet normal -0.843287 0.537463 0
    outer loop
      vertex -4.0351 -24.6456 40
      vertex -3.97417 -24.55 43
      vertex -3.97417 -24.55 40
    endloop
  endfacet
  facet normal -0.843287 0.537463 0
    outer loop
      vertex -3.97417 -24.55 43
      vertex -4.0351 -24.6456 40
      vertex -4.0351 -24.6456 43
    endloop
  endfacet
  facet normal -0.887007 0.461755 0
    outer loop
      vertex -3.97417 -24.55 40
      vertex -3.9218 -24.4494 43
      vertex -3.9218 -24.4494 40
    endloop
  endfacet
  facet normal -0.887007 0.461755 0
    outer loop
      vertex -3.9218 -24.4494 43
      vertex -3.97417 -24.55 40
      vertex -3.97417 -24.55 43
    endloop
  endfacet
  facet normal -0.0432076 0.999066 0
    outer loop
      vertex -4.9867 -25.1951 40
      vertex -5.1 -25.2 43
      vertex -4.9867 -25.1951 43
    endloop
  endfacet
  facet normal -0.0432076 0.999066 0
    outer loop
      vertex -5.1 -25.2 43
      vertex -4.9867 -25.1951 40
      vertex -5.1 -25.2 40
    endloop
  endfacet
  facet normal 0 0 1
    outer loop
      vertex -4.26438 -22.9041 39
      vertex -4.16313 -23 39
      vertex -4.18076 -22.9808 39
    endloop
  endfacet
  facet normal 0 0 1
    outer loop
      vertex -4.35435 -22.8351 39
      vertex -4.16313 -23 39
      vertex -4.26438 -22.9041 39
    endloop
  endfacet
  facet normal 0 0 1
    outer loop
      vertex -4.45 -22.7742 39
      vertex -4.16313 -23 39
      vertex -4.35435 -22.8351 39
    endloop
  endfacet
  facet normal 0 0 1
    outer loop
      vertex -4.5506 -22.7218 39
      vertex -4.16313 -23 39
      vertex -4.45 -22.7742 39
    endloop
  endfacet
  facet normal 0 0 1
    outer loop
      vertex -4.65537 -22.6784 39
      vertex -4.16313 -23 39
      vertex -4.5506 -22.7218 39
    endloop
  endfacet
  facet normal 0 0 1
    outer loop
      vertex -4.76353 -22.6443 39
      vertex -4.16313 -23 39
      vertex -4.65537 -22.6784 39
    endloop
  endfacet
  facet normal 0 0 1
    outer loop
      vertex -4.87426 -22.6197 39
      vertex -4.16313 -23 39
      vertex -4.76353 -22.6443 39
    endloop
  endfacet
  facet normal 0 0 1
    outer loop
      vertex -4.9867 -22.6049 39
      vertex -4.16313 -23 39
      vertex -4.87426 -22.6197 39
    endloop
  endfacet
  facet normal 0 0 1
    outer loop
      vertex -5.1 -22.6 39
      vertex -4.16313 -23 39
      vertex -4.9867 -22.6049 39
    endloop
  endfacet
  facet normal -0 0 1
    outer loop
      vertex -5.2133 -22.6049 39
      vertex -4.16313 -23 39
      vertex -5.1 -22.6 39
    endloop
  endfacet
  facet normal -0 0 1
    outer loop
      vertex -5.32574 -22.6197 39
      vertex -4.16313 -23 39
      vertex -5.2133 -22.6049 39
    endloop
  endfacet
  facet normal -0 0 1
    outer loop
      vertex -5.43646 -22.6443 39
      vertex -4.16313 -23 39
      vertex -5.32574 -22.6197 39
    endloop
  endfacet
  facet normal -0 0 1
    outer loop
      vertex -5.54463 -22.6784 39
      vertex -4.16313 -23 39
      vertex -5.43646 -22.6443 39
    endloop
  endfacet
  facet normal -0 0 1
    outer loop
      vertex -5.6494 -22.7218 39
      vertex -4.16313 -23 39
      vertex -5.54463 -22.6784 39
    endloop
  endfacet
  facet normal -0 0 1
    outer loop
      vertex -5.75 -22.7742 39
      vertex -4.16313 -23 39
      vertex -5.6494 -22.7218 39
    endloop
  endfacet
  facet normal -0 0 1
    outer loop
      vertex -5.84565 -22.8351 39
      vertex -4.16313 -23 39
      vertex -5.75 -22.7742 39
    endloop
  endfacet
  facet normal -0 0 1
    outer loop
      vertex -5.93562 -22.9041 39
      vertex -4.16313 -23 39
      vertex -5.84565 -22.8351 39
    endloop
  endfacet
  facet normal 0 0 1
    outer loop
      vertex -6.03687 -23 39
      vertex -5.93562 -22.9041 39
      vertex -6.01924 -22.9808 39
    endloop
  endfacet
  facet normal 0 0 1
    outer loop
      vertex -5.93562 -22.9041 39
      vertex -6.03687 -23 39
      vertex -4.16313 -23 39
    endloop
  endfacet
  facet normal 0.953676 0.300836 0
    outer loop
      vertex -6.3216 -24.3446 43
      vertex -6.3557 -24.2365 40
      vertex -6.3557 -24.2365 43
    endloop
  endfacet
  facet normal 0.953676 0.300836 0
    outer loop
      vertex -6.3557 -24.2365 40
      vertex -6.3216 -24.3446 43
      vertex -6.3216 -24.3446 40
    endloop
  endfacet
  facet normal 0.976322 0.216324 0
    outer loop
      vertex -6.3557 -24.2365 43
      vertex -6.38025 -24.1257 40
      vertex -6.38025 -24.1257 43
    endloop
  endfacet
  facet normal 0.976322 0.216324 0
    outer loop
      vertex -6.38025 -24.1257 40
      vertex -6.3557 -24.2365 43
      vertex -6.3557 -24.2365 40
    endloop
  endfacet
  facet normal 0.737213 0.675661 0
    outer loop
      vertex -6.01924 -24.8192 43
      vertex -6.09586 -24.7356 40
      vertex -6.09586 -24.7356 43
    endloop
  endfacet
  facet normal 0.737213 0.675661 0
    outer loop
      vertex -6.09586 -24.7356 40
      vertex -6.01924 -24.8192 43
      vertex -6.01924 -24.8192 40
    endloop
  endfacet
  facet normal -0.382705 0.923871 0
    outer loop
      vertex -4.5506 -25.0782 40
      vertex -4.65537 -25.1216 43
      vertex -4.5506 -25.0782 43
    endloop
  endfacet
  facet normal -0.382705 0.923871 0
    outer loop
      vertex -4.65537 -25.1216 43
      vertex -4.5506 -25.0782 40
      vertex -4.65537 -25.1216 40
    endloop
  endfacet
  facet normal -0.300684 0.953724 0
    outer loop
      vertex -4.65537 -25.1216 40
      vertex -4.76353 -25.1557 43
      vertex -4.65537 -25.1216 43
    endloop
  endfacet
  facet normal -0.300684 0.953724 0
    outer loop
      vertex -4.76353 -25.1557 43
      vertex -4.65537 -25.1216 40
      vertex -4.76353 -25.1557 40
    endloop
  endfacet
  facet normal -0.991442 -0.130546 0
    outer loop
      vertex -3.80495 -23.7867 40
      vertex -3.81975 -23.6743 43
      vertex -3.81975 -23.6743 40
    endloop
  endfacet
  facet normal -0.991442 -0.130546 0
    outer loop
      vertex -3.81975 -23.6743 43
      vertex -3.80495 -23.7867 40
      vertex -3.80495 -23.7867 43
    endloop
  endfacet
  facet normal -0.991442 0.130546 0
    outer loop
      vertex -3.81975 -24.1257 40
      vertex -3.80495 -24.0133 43
      vertex -3.80495 -24.0133 40
    endloop
  endfacet
  facet normal -0.991442 0.130546 0
    outer loop
      vertex -3.80495 -24.0133 43
      vertex -3.81975 -24.1257 40
      vertex -3.81975 -24.1257 43
    endloop
  endfacet
  facet normal -0.675956 0.736942 0
    outer loop
      vertex -4.18076 -24.8192 40
      vertex -4.26438 -24.8959 43
      vertex -4.18076 -24.8192 43
    endloop
  endfacet
  facet normal -0.675956 0.736942 0
    outer loop
      vertex -4.26438 -24.8959 43
      vertex -4.18076 -24.8192 40
      vertex -4.26438 -24.8959 40
    endloop
  endfacet
  facet normal -0.608559 0.793508 0
    outer loop
      vertex -4.26438 -24.8959 40
      vertex -4.35435 -24.9649 43
      vertex -4.26438 -24.8959 43
    endloop
  endfacet
  facet normal -0.608559 0.793508 0
    outer loop
      vertex -4.35435 -24.9649 43
      vertex -4.26438 -24.8959 40
      vertex -4.35435 -24.9649 40
    endloop
  endfacet
  facet normal -0.537075 0.843534 0
    outer loop
      vertex -4.35435 -24.9649 40
      vertex -4.45 -25.0258 43
      vertex -4.35435 -24.9649 43
    endloop
  endfacet
  facet normal -0.537075 0.843534 0
    outer loop
      vertex -4.45 -25.0258 43
      vertex -4.35435 -24.9649 40
      vertex -4.45 -25.0258 40
    endloop
  endfacet
  facet normal -0.793436 0.608654 0
    outer loop
      vertex -4.10414 -24.7356 40
      vertex -4.0351 -24.6456 43
      vertex -4.0351 -24.6456 40
    endloop
  endfacet
  facet normal -0.793436 0.608654 0
    outer loop
      vertex -4.0351 -24.6456 43
      vertex -4.10414 -24.7356 40
      vertex -4.10414 -24.7356 43
    endloop
  endfacet
  facet normal -0.953676 0.300836 0
    outer loop
      vertex -3.8784 -24.3446 40
      vertex -3.8443 -24.2365 43
      vertex -3.8443 -24.2365 40
    endloop
  endfacet
  facet normal -0.953676 0.300836 0
    outer loop
      vertex -3.8443 -24.2365 43
      vertex -3.8784 -24.3446 40
      vertex -3.8784 -24.3446 43
    endloop
  endfacet
  facet normal 0.461963 0.886899 -0
    outer loop
      vertex -5.6494 -25.0782 40
      vertex -5.75 -25.0258 43
      vertex -5.6494 -25.0782 43
    endloop
  endfacet
  facet normal 0.461963 0.886899 0
    outer loop
      vertex -5.75 -25.0258 43
      vertex -5.6494 -25.0782 40
      vertex -5.75 -25.0258 40
    endloop
  endfacet
  facet normal 0.300659 0.953732 -0
    outer loop
      vertex -5.43646 -25.1557 40
      vertex -5.54463 -25.1216 43
      vertex -5.43646 -25.1557 43
    endloop
  endfacet
  facet normal 0.300659 0.953732 0
    outer loop
      vertex -5.54463 -25.1216 43
      vertex -5.43646 -25.1557 40
      vertex -5.54463 -25.1216 40
    endloop
  endfacet
  facet normal 0.991442 0.130546 0
    outer loop
      vertex -6.38025 -24.1257 43
      vertex -6.39505 -24.0133 40
      vertex -6.39505 -24.0133 43
    endloop
  endfacet
  facet normal 0.991442 0.130546 0
    outer loop
      vertex -6.39505 -24.0133 40
      vertex -6.38025 -24.1257 43
      vertex -6.38025 -24.1257 40
    endloop
  endfacet
  facet normal 0.999047 0.0436477 0
    outer loop
      vertex -6.39505 -24.0133 43
      vertex -6.4 -23.9 40
      vertex -6.4 -23.9 43
    endloop
  endfacet
  facet normal 0.999047 0.0436477 0
    outer loop
      vertex -6.4 -23.9 40
      vertex -6.39505 -24.0133 43
      vertex -6.39505 -24.0133 40
    endloop
  endfacet
  facet normal 0.887007 0.461755 0
    outer loop
      vertex -6.22583 -24.55 43
      vertex -6.2782 -24.4494 40
      vertex -6.2782 -24.4494 43
    endloop
  endfacet
  facet normal 0.887007 0.461755 0
    outer loop
      vertex -6.2782 -24.4494 40
      vertex -6.22583 -24.55 43
      vertex -6.22583 -24.55 40
    endloop
  endfacet
  facet normal 0.923909 0.382611 0
    outer loop
      vertex -6.2782 -24.4494 43
      vertex -6.3216 -24.3446 40
      vertex -6.3216 -24.3446 43
    endloop
  endfacet
  facet normal 0.923909 0.382611 0
    outer loop
      vertex -6.3216 -24.3446 40
      vertex -6.2782 -24.4494 43
      vertex -6.2782 -24.4494 40
    endloop
  endfacet
  facet normal -0.216034 0.976386 0
    outer loop
      vertex -4.76353 -25.1557 40
      vertex -4.87426 -25.1802 43
      vertex -4.76353 -25.1557 43
    endloop
  endfacet
  facet normal -0.216034 0.976386 0
    outer loop
      vertex -4.87426 -25.1802 43
      vertex -4.76353 -25.1557 40
      vertex -4.87426 -25.1802 40
    endloop
  endfacet
  facet normal -0.131367 0.991334 0
    outer loop
      vertex -4.87426 -25.1802 40
      vertex -4.9867 -25.1951 43
      vertex -4.87426 -25.1802 43
    endloop
  endfacet
  facet normal -0.131367 0.991334 0
    outer loop
      vertex -4.9867 -25.1951 43
      vertex -4.87426 -25.1802 40
      vertex -4.9867 -25.1951 40
    endloop
  endfacet
  facet normal -0.461963 0.886899 0
    outer loop
      vertex -4.45 -25.0258 40
      vertex -4.5506 -25.0782 43
      vertex -4.45 -25.0258 43
    endloop
  endfacet
  facet normal -0.461963 0.886899 0
    outer loop
      vertex -4.5506 -25.0782 43
      vertex -4.45 -25.0258 40
      vertex -4.5506 -25.0782 40
    endloop
  endfacet
  facet normal -0.923909 0.382611 0
    outer loop
      vertex -3.9218 -24.4494 40
      vertex -3.8784 -24.3446 43
      vertex -3.8784 -24.3446 40
    endloop
  endfacet
  facet normal -0.923909 0.382611 0
    outer loop
      vertex -3.8784 -24.3446 43
      vertex -3.9218 -24.4494 40
      vertex -3.9218 -24.4494 43
    endloop
  endfacet
  facet normal 0.537075 0.843534 -0
    outer loop
      vertex -5.75 -25.0258 40
      vertex -5.84565 -24.9649 43
      vertex -5.75 -25.0258 43
    endloop
  endfacet
  facet normal 0.537075 0.843534 0
    outer loop
      vertex -5.84565 -24.9649 43
      vertex -5.75 -25.0258 40
      vertex -5.84565 -24.9649 40
    endloop
  endfacet
  facet normal 0.382705 0.923871 -0
    outer loop
      vertex -5.54463 -25.1216 40
      vertex -5.6494 -25.0782 43
      vertex -5.54463 -25.1216 43
    endloop
  endfacet
  facet normal 0.382705 0.923871 0
    outer loop
      vertex -5.6494 -25.0782 43
      vertex -5.54463 -25.1216 40
      vertex -5.6494 -25.0782 40
    endloop
  endfacet
  facet normal 0.131367 0.991334 -0
    outer loop
      vertex -5.2133 -25.1951 40
      vertex -5.32574 -25.1802 43
      vertex -5.2133 -25.1951 43
    endloop
  endfacet
  facet normal 0.131367 0.991334 0
    outer loop
      vertex -5.32574 -25.1802 43
      vertex -5.2133 -25.1951 40
      vertex -5.32574 -25.1802 40
    endloop
  endfacet
  facet normal 0.793436 0.608654 0
    outer loop
      vertex -6.09586 -24.7356 43
      vertex -6.1649 -24.6456 40
      vertex -6.1649 -24.6456 43
    endloop
  endfacet
  facet normal 0.793436 0.608654 0
    outer loop
      vertex -6.1649 -24.6456 40
      vertex -6.09586 -24.7356 43
      vertex -6.09586 -24.7356 40
    endloop
  endfacet
  facet normal 0.843287 0.537463 0
    outer loop
      vertex -6.1649 -24.6456 43
      vertex -6.22583 -24.55 40
      vertex -6.22583 -24.55 43
    endloop
  endfacet
  facet normal 0.843287 0.537463 0
    outer loop
      vertex -6.22583 -24.55 40
      vertex -6.1649 -24.6456 43
      vertex -6.1649 -24.6456 40
    endloop
  endfacet
  facet normal 0.608559 0.793508 -0
    outer loop
      vertex -5.84565 -24.9649 40
      vertex -5.93562 -24.8959 43
      vertex -5.84565 -24.9649 43
    endloop
  endfacet
  facet normal 0.608559 0.793508 0
    outer loop
      vertex -5.93562 -24.8959 43
      vertex -5.84565 -24.9649 40
      vertex -5.93562 -24.8959 40
    endloop
  endfacet
  facet normal 0.216053 0.976382 -0
    outer loop
      vertex -5.32574 -25.1802 40
      vertex -5.43646 -25.1557 43
      vertex -5.32574 -25.1802 43
    endloop
  endfacet
  facet normal 0.216053 0.976382 0
    outer loop
      vertex -5.43646 -25.1557 43
      vertex -5.32574 -25.1802 40
      vertex -5.43646 -25.1557 40
    endloop
  endfacet
  facet normal 0.0432076 0.999066 -0
    outer loop
      vertex -5.1 -25.2 40
      vertex -5.2133 -25.1951 43
      vertex -5.1 -25.2 43
    endloop
  endfacet
  facet normal 0.0432076 0.999066 0
    outer loop
      vertex -5.2133 -25.1951 43
      vertex -5.1 -25.2 40
      vertex -5.2133 -25.1951 40
    endloop
  endfacet
  facet normal -0.999047 -0.0436477 0
    outer loop
      vertex -3.8 23.9 40
      vertex -3.80495 24.0133 43
      vertex -3.80495 24.0133 40
    endloop
  endfacet
  facet normal -0.999047 -0.0436477 0
    outer loop
      vertex -3.80495 24.0133 43
      vertex -3.8 23.9 40
      vertex -3.8 23.9 43
    endloop
  endfacet
  facet normal 0.999047 -0.0436477 0
    outer loop
      vertex -6.4 23.9 43
      vertex -6.39505 24.0133 40
      vertex -6.39505 24.0133 43
    endloop
  endfacet
  facet normal 0.999047 -0.0436477 0
    outer loop
      vertex -6.39505 24.0133 40
      vertex -6.4 23.9 43
      vertex -6.4 23.9 40
    endloop
  endfacet
  facet normal 0.0432076 -0.999066 0
    outer loop
      vertex -5.2133 25.1951 40
      vertex -5.1 25.2 43
      vertex -5.2133 25.1951 43
    endloop
  endfacet
  facet normal 0.0432076 -0.999066 0
    outer loop
      vertex -5.1 25.2 43
      vertex -5.2133 25.1951 40
      vertex -5.1 25.2 40
    endloop
  endfacet
  facet normal -0.675956 -0.736942 0
    outer loop
      vertex -4.26438 24.8959 40
      vertex -4.18076 24.8192 43
      vertex -4.26438 24.8959 43
    endloop
  endfacet
  facet normal -0.675956 -0.736942 -0
    outer loop
      vertex -4.18076 24.8192 43
      vertex -4.26438 24.8959 40
      vertex -4.18076 24.8192 40
    endloop
  endfacet
  facet normal 0.675956 -0.736942 0
    outer loop
      vertex -6.01924 24.8192 40
      vertex -5.93562 24.8959 43
      vertex -6.01924 24.8192 43
    endloop
  endfacet
  facet normal 0.675956 -0.736942 0
    outer loop
      vertex -5.93562 24.8959 43
      vertex -6.01924 24.8192 40
      vertex -5.93562 24.8959 40
    endloop
  endfacet
  facet normal 0.382705 -0.923871 0
    outer loop
      vertex -5.6494 25.0782 40
      vertex -5.54463 25.1216 43
      vertex -5.6494 25.0782 43
    endloop
  endfacet
  facet normal 0.382705 -0.923871 0
    outer loop
      vertex -5.54463 25.1216 43
      vertex -5.6494 25.0782 40
      vertex -5.54463 25.1216 40
    endloop
  endfacet
  facet normal -0.887007 -0.461755 0
    outer loop
      vertex -3.9218 24.4494 40
      vertex -3.97417 24.55 43
      vertex -3.97417 24.55 40
    endloop
  endfacet
  facet normal -0.887007 -0.461755 0
    outer loop
      vertex -3.97417 24.55 43
      vertex -3.9218 24.4494 40
      vertex -3.9218 24.4494 43
    endloop
  endfacet
  facet normal -0.300684 -0.953724 0
    outer loop
      vertex -4.76353 25.1557 40
      vertex -4.65537 25.1216 43
      vertex -4.76353 25.1557 43
    endloop
  endfacet
  facet normal -0.300684 -0.953724 -0
    outer loop
      vertex -4.65537 25.1216 43
      vertex -4.76353 25.1557 40
      vertex -4.65537 25.1216 40
    endloop
  endfacet
  facet normal -0.537075 -0.843534 0
    outer loop
      vertex -4.45 25.0258 40
      vertex -4.35435 24.9649 43
      vertex -4.45 25.0258 43
    endloop
  endfacet
  facet normal -0.537075 -0.843534 -0
    outer loop
      vertex -4.35435 24.9649 43
      vertex -4.45 25.0258 40
      vertex -4.35435 24.9649 40
    endloop
  endfacet
  facet normal 0.923909 -0.382611 0
    outer loop
      vertex -6.3216 24.3446 43
      vertex -6.2782 24.4494 40
      vertex -6.2782 24.4494 43
    endloop
  endfacet
  facet normal 0.923909 -0.382611 0
    outer loop
      vertex -6.2782 24.4494 40
      vertex -6.3216 24.3446 43
      vertex -6.3216 24.3446 40
    endloop
  endfacet
  facet normal 0.216053 -0.976382 0
    outer loop
      vertex -5.43646 25.1557 40
      vertex -5.32574 25.1802 43
      vertex -5.43646 25.1557 43
    endloop
  endfacet
  facet normal 0.216053 -0.976382 0
    outer loop
      vertex -5.32574 25.1802 43
      vertex -5.43646 25.1557 40
      vertex -5.32574 25.1802 40
    endloop
  endfacet
  facet normal 0.1305 0.991448 -0
    outer loop
      vertex -5.2133 22.6049 39
      vertex -5.32574 22.6197 43
      vertex -5.2133 22.6049 43
    endloop
  endfacet
  facet normal 0.1305 0.991448 0
    outer loop
      vertex -5.32574 22.6197 43
      vertex -5.2133 22.6049 39
      vertex -5.32574 22.6197 39
    endloop
  endfacet
  facet normal 0 0 1
    outer loop
      vertex -5 23 39
      vertex -5.1 22.6 39
      vertex -5 22.6044 39
    endloop
  endfacet
  facet normal 0 0 1
    outer loop
      vertex -5 23 39
      vertex -5.2133 22.6049 39
      vertex -5.1 22.6 39
    endloop
  endfacet
  facet normal 0 0 1
    outer loop
      vertex -5 23 39
      vertex -5.32574 22.6197 39
      vertex -5.2133 22.6049 39
    endloop
  endfacet
  facet normal 0 0 1
    outer loop
      vertex -5 23 39
      vertex -5.43646 22.6443 39
      vertex -5.32574 22.6197 39
    endloop
  endfacet
  facet normal 0 0 1
    outer loop
      vertex -5 23 39
      vertex -5.54463 22.6784 39
      vertex -5.43646 22.6443 39
    endloop
  endfacet
  facet normal 0 0 1
    outer loop
      vertex -5 23 39
      vertex -5.6494 22.7218 39
      vertex -5.54463 22.6784 39
    endloop
  endfacet
  facet normal 0 0 1
    outer loop
      vertex -5 23 39
      vertex -5.75 22.7742 39
      vertex -5.6494 22.7218 39
    endloop
  endfacet
  facet normal 0 0 1
    outer loop
      vertex -5 23 39
      vertex -5.84565 22.8351 39
      vertex -5.75 22.7742 39
    endloop
  endfacet
  facet normal 0 0 1
    outer loop
      vertex -5 23 39
      vertex -5.93562 22.9041 39
      vertex -5.84565 22.8351 39
    endloop
  endfacet
  facet normal 0 0 1
    outer loop
      vertex -5 23 39
      vertex -6.01924 22.9808 39
      vertex -5.93562 22.9041 39
    endloop
  endfacet
  facet normal 0 -0 1
    outer loop
      vertex -6.01924 22.9808 39
      vertex -5 23 39
      vertex -6.03687 23 39
    endloop
  endfacet
  facet normal -0.300684 0.953724 0
    outer loop
      vertex -4.65537 22.6784 40
      vertex -4.76353 22.6443 43
      vertex -4.65537 22.6784 43
    endloop
  endfacet
  facet normal -0.300684 0.953724 0
    outer loop
      vertex -4.76353 22.6443 43
      vertex -4.65537 22.6784 40
      vertex -4.76353 22.6443 40
    endloop
  endfacet
  facet normal -0.976322 -0.216324 0
    outer loop
      vertex -3.81975 24.1257 40
      vertex -3.8443 24.2365 43
      vertex -3.8443 24.2365 40
    endloop
  endfacet
  facet normal -0.976322 -0.216324 0
    outer loop
      vertex -3.8443 24.2365 43
      vertex -3.81975 24.1257 40
      vertex -3.81975 24.1257 43
    endloop
  endfacet
  facet normal -0.991442 -0.130546 0
    outer loop
      vertex -3.80495 24.0133 40
      vertex -3.81975 24.1257 43
      vertex -3.81975 24.1257 40
    endloop
  endfacet
  facet normal -0.991442 -0.130546 0
    outer loop
      vertex -3.81975 24.1257 43
      vertex -3.80495 24.0133 40
      vertex -3.80495 24.0133 43
    endloop
  endfacet
  facet normal -0.953676 -0.300836 0
    outer loop
      vertex -3.8443 24.2365 40
      vertex -3.8784 24.3446 43
      vertex -3.8784 24.3446 40
    endloop
  endfacet
  facet normal -0.953676 -0.300836 0
    outer loop
      vertex -3.8784 24.3446 43
      vertex -3.8443 24.2365 40
      vertex -3.8443 24.2365 43
    endloop
  endfacet
  facet normal -0.793436 -0.608654 0
    outer loop
      vertex -4.0351 24.6456 40
      vertex -4.10414 24.7356 43
      vertex -4.10414 24.7356 40
    endloop
  endfacet
  facet normal -0.793436 -0.608654 0
    outer loop
      vertex -4.10414 24.7356 43
      vertex -4.0351 24.6456 40
      vertex -4.0351 24.6456 43
    endloop
  endfacet
  facet normal -0.737213 -0.675661 0
    outer loop
      vertex -4.10414 24.7356 40
      vertex -4.18076 24.8192 43
      vertex -4.18076 24.8192 40
    endloop
  endfacet
  facet normal -0.737213 -0.675661 0
    outer loop
      vertex -4.18076 24.8192 43
      vertex -4.10414 24.7356 40
      vertex -4.10414 24.7356 43
    endloop
  endfacet
  facet normal -0.843287 -0.537463 0
    outer loop
      vertex -3.97417 24.55 40
      vertex -4.0351 24.6456 43
      vertex -4.0351 24.6456 40
    endloop
  endfacet
  facet normal -0.843287 -0.537463 0
    outer loop
      vertex -4.0351 24.6456 43
      vertex -3.97417 24.55 40
      vertex -3.97417 24.55 43
    endloop
  endfacet
  facet normal -0.131367 -0.991334 0
    outer loop
      vertex -4.9867 25.1951 40
      vertex -4.87426 25.1802 43
      vertex -4.9867 25.1951 43
    endloop
  endfacet
  facet normal -0.131367 -0.991334 -0
    outer loop
      vertex -4.87426 25.1802 43
      vertex -4.9867 25.1951 40
      vertex -4.87426 25.1802 40
    endloop
  endfacet
  facet normal -0.216034 -0.976386 0
    outer loop
      vertex -4.87426 25.1802 40
      vertex -4.76353 25.1557 43
      vertex -4.87426 25.1802 43
    endloop
  endfacet
  facet normal -0.216034 -0.976386 -0
    outer loop
      vertex -4.76353 25.1557 43
      vertex -4.87426 25.1802 40
      vertex -4.76353 25.1557 40
    endloop
  endfacet
  facet normal -0.0432076 -0.999066 0
    outer loop
      vertex -5.1 25.2 40
      vertex -4.9867 25.1951 43
      vertex -5.1 25.2 43
    endloop
  endfacet
  facet normal -0.0439575 -0.999033 2.83725e-05
    outer loop
      vertex -5 25.1956 40
      vertex -4.9867 25.1951 43
      vertex -5.1 25.2 40
    endloop
  endfacet
  facet normal -0.0375674 -0.999294 -0
    outer loop
      vertex -4.9867 25.1951 43
      vertex -5 25.1956 40
      vertex -4.9867 25.1951 40
    endloop
  endfacet
  facet normal -0.608559 -0.793508 0
    outer loop
      vertex -4.35435 24.9649 40
      vertex -4.26438 24.8959 43
      vertex -4.35435 24.9649 43
    endloop
  endfacet
  facet normal -0.608559 -0.793508 -0
    outer loop
      vertex -4.26438 24.8959 43
      vertex -4.35435 24.9649 40
      vertex -4.26438 24.8959 40
    endloop
  endfacet
  facet normal 0.976322 -0.216324 0
    outer loop
      vertex -6.38025 24.1257 43
      vertex -6.3557 24.2365 40
      vertex -6.3557 24.2365 43
    endloop
  endfacet
  facet normal 0.976322 -0.216324 0
    outer loop
      vertex -6.3557 24.2365 40
      vertex -6.38025 24.1257 43
      vertex -6.38025 24.1257 40
    endloop
  endfacet
  facet normal 0.843287 -0.537463 0
    outer loop
      vertex -6.22583 24.55 43
      vertex -6.1649 24.6456 40
      vertex -6.1649 24.6456 43
    endloop
  endfacet
  facet normal 0.843287 -0.537463 0
    outer loop
      vertex -6.1649 24.6456 40
      vertex -6.22583 24.55 43
      vertex -6.22583 24.55 40
    endloop
  endfacet
  facet normal 0.737213 -0.675661 0
    outer loop
      vertex -6.09586 24.7356 43
      vertex -6.01924 24.8192 40
      vertex -6.01924 24.8192 43
    endloop
  endfacet
  facet normal 0.737213 -0.675661 0
    outer loop
      vertex -6.01924 24.8192 40
      vertex -6.09586 24.7356 43
      vertex -6.09586 24.7356 40
    endloop
  endfacet
  facet normal 0.887007 -0.461755 0
    outer loop
      vertex -6.2782 24.4494 43
      vertex -6.22583 24.55 40
      vertex -6.22583 24.55 43
    endloop
  endfacet
  facet normal 0.887007 -0.461755 0
    outer loop
      vertex -6.22583 24.55 40
      vertex -6.2782 24.4494 43
      vertex -6.2782 24.4494 40
    endloop
  endfacet
  facet normal 0.953676 -0.300836 0
    outer loop
      vertex -6.3557 24.2365 43
      vertex -6.3216 24.3446 40
      vertex -6.3216 24.3446 43
    endloop
  endfacet
  facet normal 0.953676 -0.300836 0
    outer loop
      vertex -6.3216 24.3446 40
      vertex -6.3557 24.2365 43
      vertex -6.3557 24.2365 40
    endloop
  endfacet
  facet normal 0.991442 -0.130546 0
    outer loop
      vertex -6.39505 24.0133 43
      vertex -6.38025 24.1257 40
      vertex -6.38025 24.1257 43
    endloop
  endfacet
  facet normal 0.991442 -0.130546 0
    outer loop
      vertex -6.38025 24.1257 40
      vertex -6.39505 24.0133 43
      vertex -6.39505 24.0133 40
    endloop
  endfacet
  facet normal 0.537075 -0.843534 0
    outer loop
      vertex -5.84565 24.9649 40
      vertex -5.75 25.0258 43
      vertex -5.84565 24.9649 43
    endloop
  endfacet
  facet normal 0.537075 -0.843534 0
    outer loop
      vertex -5.75 25.0258 43
      vertex -5.84565 24.9649 40
      vertex -5.75 25.0258 40
    endloop
  endfacet
  facet normal 0.461963 -0.886899 0
    outer loop
      vertex -5.75 25.0258 40
      vertex -5.6494 25.0782 43
      vertex -5.75 25.0258 43
    endloop
  endfacet
  facet normal 0.461963 -0.886899 0
    outer loop
      vertex -5.6494 25.0782 43
      vertex -5.75 25.0258 40
      vertex -5.6494 25.0782 40
    endloop
  endfacet
  facet normal 0.608559 -0.793508 0
    outer loop
      vertex -5.93562 24.8959 40
      vertex -5.84565 24.9649 43
      vertex -5.93562 24.8959 43
    endloop
  endfacet
  facet normal 0.608559 -0.793508 0
    outer loop
      vertex -5.84565 24.9649 43
      vertex -5.93562 24.8959 40
      vertex -5.84565 24.9649 40
    endloop
  endfacet
  facet normal 0.300659 -0.953732 0
    outer loop
      vertex -5.54463 25.1216 40
      vertex -5.43646 25.1557 43
      vertex -5.54463 25.1216 43
    endloop
  endfacet
  facet normal 0.300659 -0.953732 0
    outer loop
      vertex -5.43646 25.1557 43
      vertex -5.54463 25.1216 40
      vertex -5.43646 25.1557 40
    endloop
  endfacet
  facet normal 0.131367 -0.991334 0
    outer loop
      vertex -5.32574 25.1802 40
      vertex -5.2133 25.1951 43
      vertex -5.32574 25.1802 43
    endloop
  endfacet
  facet normal 0.131367 -0.991334 0
    outer loop
      vertex -5.2133 25.1951 43
      vertex -5.32574 25.1802 40
      vertex -5.2133 25.1951 40
    endloop
  endfacet
  facet normal -0.999047 0.0436477 0
    outer loop
      vertex -3.80495 23.7867 40
      vertex -3.8 23.9 43
      vertex -3.8 23.9 40
    endloop
  endfacet
  facet normal -0.999047 0.0436477 0
    outer loop
      vertex -3.8 23.9 43
      vertex -3.80495 23.7867 40
      vertex -3.80495 23.7867 43
    endloop
  endfacet
  facet normal -0.976322 0.216324 0
    outer loop
      vertex -3.8443 23.5635 40
      vertex -3.81975 23.6743 43
      vertex -3.81975 23.6743 40
    endloop
  endfacet
  facet normal -0.976322 0.216324 0
    outer loop
      vertex -3.81975 23.6743 43
      vertex -3.8443 23.5635 40
      vertex -3.8443 23.5635 43
    endloop
  endfacet
  facet normal -0.537075 0.843534 0
    outer loop
      vertex -4.35435 22.8351 40
      vertex -4.45 22.7742 43
      vertex -4.35435 22.8351 43
    endloop
  endfacet
  facet normal -0.537075 0.843534 0
    outer loop
      vertex -4.45 22.7742 43
      vertex -4.35435 22.8351 40
      vertex -4.45 22.7742 40
    endloop
  endfacet
  facet normal -0.843287 0.537463 0
    outer loop
      vertex -4.0351 23.1544 40
      vertex -3.97417 23.25 43
      vertex -3.97417 23.25 40
    endloop
  endfacet
  facet normal -0.843287 0.537463 0
    outer loop
      vertex -3.97417 23.25 43
      vertex -4.0351 23.1544 40
      vertex -4.0351 23.1544 43
    endloop
  endfacet
  facet normal 0.923909 0.382611 0
    outer loop
      vertex -6.2782 23.3506 43
      vertex -6.3216 23.4554 40
      vertex -6.3216 23.4554 43
    endloop
  endfacet
  facet normal 0.923909 0.382611 0
    outer loop
      vertex -6.3216 23.4554 40
      vertex -6.2782 23.3506 43
      vertex -6.2782 23.3506 40
    endloop
  endfacet
  facet normal -0.1305 0.991448 0
    outer loop
      vertex -4.87426 22.6197 40
      vertex -4.9867 22.6049 43
      vertex -4.87426 22.6197 43
    endloop
  endfacet
  facet normal -0.1305 0.991448 0
    outer loop
      vertex -4.9867 22.6049 43
      vertex -4.87426 22.6197 40
      vertex -4.9867 22.6049 40
    endloop
  endfacet
  facet normal -0.461963 0.886899 0
    outer loop
      vertex -4.45 22.7742 40
      vertex -4.5506 22.7218 43
      vertex -4.45 22.7742 43
    endloop
  endfacet
  facet normal -0.461963 0.886899 0
    outer loop
      vertex -4.5506 22.7218 43
      vertex -4.45 22.7742 40
      vertex -4.5506 22.7218 40
    endloop
  endfacet
  facet normal -0.923909 -0.382611 0
    outer loop
      vertex -3.8784 24.3446 40
      vertex -3.9218 24.4494 43
      vertex -3.9218 24.4494 40
    endloop
  endfacet
  facet normal -0.923909 -0.382611 0
    outer loop
      vertex -3.9218 24.4494 43
      vertex -3.8784 24.3446 40
      vertex -3.8784 24.3446 43
    endloop
  endfacet
  facet normal -0.461963 -0.886899 0
    outer loop
      vertex -4.5506 25.0782 40
      vertex -4.45 25.0258 43
      vertex -4.5506 25.0782 43
    endloop
  endfacet
  facet normal -0.461963 -0.886899 -0
    outer loop
      vertex -4.45 25.0258 43
      vertex -4.5506 25.0782 40
      vertex -4.45 25.0258 40
    endloop
  endfacet
  facet normal -0.382705 -0.923871 0
    outer loop
      vertex -4.65537 25.1216 40
      vertex -4.5506 25.0782 43
      vertex -4.65537 25.1216 43
    endloop
  endfacet
  facet normal -0.382705 -0.923871 -0
    outer loop
      vertex -4.5506 25.0782 43
      vertex -4.65537 25.1216 40
      vertex -4.5506 25.0782 40
    endloop
  endfacet
  facet normal 0.793436 -0.608654 0
    outer loop
      vertex -6.1649 24.6456 43
      vertex -6.09586 24.7356 40
      vertex -6.09586 24.7356 43
    endloop
  endfacet
  facet normal 0.793436 -0.608654 0
    outer loop
      vertex -6.09586 24.7356 40
      vertex -6.1649 24.6456 43
      vertex -6.1649 24.6456 40
    endloop
  endfacet
  facet normal -0.923909 0.382611 0
    outer loop
      vertex -3.9218 23.3506 40
      vertex -3.8784 23.4554 43
      vertex -3.8784 23.4554 40
    endloop
  endfacet
  facet normal -0.923909 0.382611 0
    outer loop
      vertex -3.8784 23.4554 43
      vertex -3.9218 23.3506 40
      vertex -3.9218 23.3506 43
    endloop
  endfacet
  facet normal -0.953676 0.300836 0
    outer loop
      vertex -3.8784 23.4554 40
      vertex -3.8443 23.5635 43
      vertex -3.8443 23.5635 40
    endloop
  endfacet
  facet normal -0.953676 0.300836 0
    outer loop
      vertex -3.8443 23.5635 43
      vertex -3.8784 23.4554 40
      vertex -3.8784 23.4554 43
    endloop
  endfacet
  facet normal 0.537075 0.843534 -0
    outer loop
      vertex -5.75 22.7742 39
      vertex -5.84565 22.8351 43
      vertex -5.75 22.7742 43
    endloop
  endfacet
  facet normal 0.537075 0.843534 0
    outer loop
      vertex -5.84565 22.8351 43
      vertex -5.75 22.7742 39
      vertex -5.84565 22.8351 39
    endloop
  endfacet
  facet normal 0.976322 0.216324 0
    outer loop
      vertex -6.3557 23.5635 43
      vertex -6.38025 23.6743 40
      vertex -6.38025 23.6743 43
    endloop
  endfacet
  facet normal 0.976322 0.216324 0
    outer loop
      vertex -6.38025 23.6743 40
      vertex -6.3557 23.5635 43
      vertex -6.3557 23.5635 40
    endloop
  endfacet
  facet normal 0.999047 0.0436477 0
    outer loop
      vertex -6.39505 23.7867 43
      vertex -6.4 23.9 40
      vertex -6.4 23.9 43
    endloop
  endfacet
  facet normal 0.999047 0.0436477 0
    outer loop
      vertex -6.4 23.9 40
      vertex -6.39505 23.7867 43
      vertex -6.39505 23.7867 40
    endloop
  endfacet
  facet normal 0.991442 0.130546 0
    outer loop
      vertex -6.38025 23.6743 43
      vertex -6.39505 23.7867 40
      vertex -6.39505 23.7867 43
    endloop
  endfacet
  facet normal 0.991442 0.130546 0
    outer loop
      vertex -6.39505 23.7867 40
      vertex -6.38025 23.6743 43
      vertex -6.38025 23.6743 40
    endloop
  endfacet
  facet normal -0.382705 0.923871 0
    outer loop
      vertex -4.5506 22.7218 40
      vertex -4.65537 22.6784 43
      vertex -4.5506 22.7218 43
    endloop
  endfacet
  facet normal -0.382705 0.923871 0
    outer loop
      vertex -4.65537 22.6784 43
      vertex -4.5506 22.7218 40
      vertex -4.65537 22.6784 40
    endloop
  endfacet
  facet normal -0.216874 0.9762 0
    outer loop
      vertex -4.76353 22.6443 40
      vertex -4.87426 22.6197 43
      vertex -4.76353 22.6443 43
    endloop
  endfacet
  facet normal -0.216874 0.9762 0
    outer loop
      vertex -4.87426 22.6197 43
      vertex -4.76353 22.6443 40
      vertex -4.87426 22.6197 40
    endloop
  endfacet
  facet normal -0.991442 0.130546 0
    outer loop
      vertex -3.81975 23.6743 40
      vertex -3.80495 23.7867 43
      vertex -3.80495 23.7867 40
    endloop
  endfacet
  facet normal -0.991442 0.130546 0
    outer loop
      vertex -3.80495 23.7867 43
      vertex -3.81975 23.6743 40
      vertex -3.81975 23.6743 43
    endloop
  endfacet
  facet normal -0.793436 0.608654 0
    outer loop
      vertex -4.10414 23.0644 40
      vertex -4.0351 23.1544 43
      vertex -4.0351 23.1544 40
    endloop
  endfacet
  facet normal -0.793436 0.608654 0
    outer loop
      vertex -4.0351 23.1544 43
      vertex -4.10414 23.0644 40
      vertex -4.10414 23.0644 43
    endloop
  endfacet
  facet normal -0.675956 0.736942 0
    outer loop
      vertex -4.18076 22.9808 40
      vertex -4.26438 22.9041 43
      vertex -4.18076 22.9808 43
    endloop
  endfacet
  facet normal -0.675956 0.736942 0
    outer loop
      vertex -4.26438 22.9041 43
      vertex -4.18076 22.9808 40
      vertex -4.26438 22.9041 40
    endloop
  endfacet
  facet normal -0.608559 0.793508 0
    outer loop
      vertex -4.26438 22.9041 40
      vertex -4.35435 22.8351 43
      vertex -4.26438 22.9041 43
    endloop
  endfacet
  facet normal -0.608559 0.793508 0
    outer loop
      vertex -4.35435 22.8351 43
      vertex -4.26438 22.9041 40
      vertex -4.35435 22.8351 40
    endloop
  endfacet
  facet normal 0.0432076 0.999066 -0
    outer loop
      vertex -5.1 22.6 39
      vertex -5.2133 22.6049 43
      vertex -5.1 22.6 43
    endloop
  endfacet
  facet normal 0.0432076 0.999066 0
    outer loop
      vertex -5.2133 22.6049 43
      vertex -5.1 22.6 39
      vertex -5.2133 22.6049 39
    endloop
  endfacet
  facet normal 0.300659 0.953732 -0
    outer loop
      vertex -5.43646 22.6443 39
      vertex -5.54463 22.6784 43
      vertex -5.43646 22.6443 43
    endloop
  endfacet
  facet normal 0.300659 0.953732 0
    outer loop
      vertex -5.54463 22.6784 43
      vertex -5.43646 22.6443 39
      vertex -5.54463 22.6784 39
    endloop
  endfacet
  facet normal 0.461963 0.886899 -0
    outer loop
      vertex -5.6494 22.7218 39
      vertex -5.75 22.7742 43
      vertex -5.6494 22.7218 43
    endloop
  endfacet
  facet normal 0.461963 0.886899 0
    outer loop
      vertex -5.75 22.7742 43
      vertex -5.6494 22.7218 39
      vertex -5.75 22.7742 39
    endloop
  endfacet
  facet normal 0.675956 0.736942 -0
    outer loop
      vertex -5.93562 22.9041 39
      vertex -6.01924 22.9808 43
      vertex -5.93562 22.9041 43
    endloop
  endfacet
  facet normal 0.675956 0.736942 0
    outer loop
      vertex -6.01924 22.9808 43
      vertex -5.93562 22.9041 39
      vertex -6.01924 22.9808 39
    endloop
  endfacet
  facet normal 0.382705 0.923871 -0
    outer loop
      vertex -5.54463 22.6784 39
      vertex -5.6494 22.7218 43
      vertex -5.54463 22.6784 43
    endloop
  endfacet
  facet normal 0.382705 0.923871 0
    outer loop
      vertex -5.6494 22.7218 43
      vertex -5.54463 22.6784 39
      vertex -5.6494 22.7218 39
    endloop
  endfacet
  facet normal 0.887007 0.461755 0
    outer loop
      vertex -6.22583 23.25 43
      vertex -6.2782 23.3506 40
      vertex -6.2782 23.3506 43
    endloop
  endfacet
  facet normal 0.887007 0.461755 0
    outer loop
      vertex -6.2782 23.3506 40
      vertex -6.22583 23.25 43
      vertex -6.22583 23.25 40
    endloop
  endfacet
  facet normal 0.737401 0.675455 0
    outer loop
      vertex -6.09586 23.0644 43
      vertex -6.03687 23 40
      vertex -6.09586 23.0644 40
    endloop
  endfacet
  facet normal 0.737213 0.675661 -8.12462e-06
    outer loop
      vertex -6.01924 22.9808 43
      vertex -6.03687 23 40
      vertex -6.09586 23.0644 43
    endloop
  endfacet
  facet normal 0.736581 0.67635 -0
    outer loop
      vertex -6.01924 22.9808 39
      vertex -6.03687 23 40
      vertex -6.01924 22.9808 43
    endloop
  endfacet
  facet normal 0.736581 0.67635 0
    outer loop
      vertex -6.03687 23 40
      vertex -6.01924 22.9808 39
      vertex -6.03687 23 39
    endloop
  endfacet
  facet normal 0.843287 0.537463 0
    outer loop
      vertex -6.1649 23.1544 43
      vertex -6.22583 23.25 40
      vertex -6.22583 23.25 43
    endloop
  endfacet
  facet normal 0.843287 0.537463 0
    outer loop
      vertex -6.22583 23.25 40
      vertex -6.1649 23.1544 43
      vertex -6.1649 23.1544 40
    endloop
  endfacet
  facet normal 0.953676 0.300836 0
    outer loop
      vertex -6.3216 23.4554 43
      vertex -6.3557 23.5635 40
      vertex -6.3557 23.5635 43
    endloop
  endfacet
  facet normal 0.953676 0.300836 0
    outer loop
      vertex -6.3557 23.5635 40
      vertex -6.3216 23.4554 43
      vertex -6.3216 23.4554 40
    endloop
  endfacet
  facet normal -0.887007 0.461755 0
    outer loop
      vertex -3.97417 23.25 40
      vertex -3.9218 23.3506 43
      vertex -3.9218 23.3506 40
    endloop
  endfacet
  facet normal -0.887007 0.461755 0
    outer loop
      vertex -3.9218 23.3506 43
      vertex -3.97417 23.25 40
      vertex -3.97417 23.25 43
    endloop
  endfacet
  facet normal -0.737213 0.675661 0
    outer loop
      vertex -4.18076 22.9808 40
      vertex -4.10414 23.0644 43
      vertex -4.10414 23.0644 40
    endloop
  endfacet
  facet normal -0.737213 0.675661 0
    outer loop
      vertex -4.10414 23.0644 43
      vertex -4.18076 22.9808 40
      vertex -4.18076 22.9808 43
    endloop
  endfacet
  facet normal -0.0375674 0.999294 0
    outer loop
      vertex -5 22.6044 40
      vertex -4.9867 22.6049 43
      vertex -4.9867 22.6049 40
    endloop
  endfacet
  facet normal -0.0432076 0.999066 2.50428e-05
    outer loop
      vertex -4.9867 22.6049 43
      vertex -5 22.6044 40
      vertex -5.1 22.6 43
    endloop
  endfacet
  facet normal -0.0439575 0.999033 0
    outer loop
      vertex -5.1 22.6 39
      vertex -5 22.6044 40
      vertex -5 22.6044 39
    endloop
  endfacet
  facet normal -0.0439575 0.999033 0
    outer loop
      vertex -5 22.6044 40
      vertex -5.1 22.6 39
      vertex -5.1 22.6 43
    endloop
  endfacet
  facet normal 0.216893 0.976195 -0
    outer loop
      vertex -5.32574 22.6197 39
      vertex -5.43646 22.6443 43
      vertex -5.32574 22.6197 43
    endloop
  endfacet
  facet normal 0.216893 0.976195 0
    outer loop
      vertex -5.43646 22.6443 43
      vertex -5.32574 22.6197 39
      vertex -5.43646 22.6443 39
    endloop
  endfacet
  facet normal 0.608559 0.793508 -0
    outer loop
      vertex -5.84565 22.8351 39
      vertex -5.93562 22.9041 43
      vertex -5.84565 22.8351 43
    endloop
  endfacet
  facet normal 0.608559 0.793508 0
    outer loop
      vertex -5.93562 22.9041 43
      vertex -5.84565 22.8351 39
      vertex -5.93562 22.9041 39
    endloop
  endfacet
  facet normal 0.793436 0.608654 0
    outer loop
      vertex -6.09586 23.0644 43
      vertex -6.1649 23.1544 40
      vertex -6.1649 23.1544 43
    endloop
  endfacet
  facet normal 0.793436 0.608654 0
    outer loop
      vertex -6.1649 23.1544 40
      vertex -6.09586 23.0644 43
      vertex -6.09586 23.0644 40
    endloop
  endfacet
  facet normal -0.999047 -0.0436477 0
    outer loop
      vertex 6.4 -23.9 40
      vertex 6.39505 -23.7867 43
      vertex 6.39505 -23.7867 40
    endloop
  endfacet
  facet normal -0.999047 -0.0436477 0
    outer loop
      vertex 6.39505 -23.7867 43
      vertex 6.4 -23.9 40
      vertex 6.4 -23.9 43
    endloop
  endfacet
  facet normal 0.999047 -0.0436477 0
    outer loop
      vertex 3.8 -23.9 43
      vertex 3.80495 -23.7867 40
      vertex 3.80495 -23.7867 43
    endloop
  endfacet
  facet normal 0.999047 -0.0436477 0
    outer loop
      vertex 3.80495 -23.7867 40
      vertex 3.8 -23.9 43
      vertex 3.8 -23.9 40
    endloop
  endfacet
  facet normal 0.0432076 -0.999066 0
    outer loop
      vertex 4.9867 -22.6049 39
      vertex 5.1 -22.6 43
      vertex 4.9867 -22.6049 43
    endloop
  endfacet
  facet normal 0.0432076 -0.999066 0
    outer loop
      vertex 5.1 -22.6 43
      vertex 4.9867 -22.6049 39
      vertex 5.1 -22.6 39
    endloop
  endfacet
  facet normal -0.675956 -0.736942 0
    outer loop
      vertex 5.93562 -22.9041 39
      vertex 6.01924 -22.9808 43
      vertex 5.93562 -22.9041 43
    endloop
  endfacet
  facet normal -0.675956 -0.736942 -0
    outer loop
      vertex 6.01924 -22.9808 43
      vertex 5.93562 -22.9041 39
      vertex 6.01924 -22.9808 39
    endloop
  endfacet
  facet normal 0.675956 -0.736942 0
    outer loop
      vertex 4.18076 -22.9808 39
      vertex 4.26438 -22.9041 43
      vertex 4.18076 -22.9808 43
    endloop
  endfacet
  facet normal 0.675956 -0.736942 0
    outer loop
      vertex 4.26438 -22.9041 43
      vertex 4.18076 -22.9808 39
      vertex 4.26438 -22.9041 39
    endloop
  endfacet
  facet normal 0.382705 -0.923871 0
    outer loop
      vertex 4.5506 -22.7218 39
      vertex 4.65537 -22.6784 43
      vertex 4.5506 -22.7218 43
    endloop
  endfacet
  facet normal 0.382705 -0.923871 0
    outer loop
      vertex 4.65537 -22.6784 43
      vertex 4.5506 -22.7218 39
      vertex 4.65537 -22.6784 39
    endloop
  endfacet
  facet normal -0.887007 -0.461755 0
    outer loop
      vertex 6.2782 -23.3506 40
      vertex 6.22583 -23.25 43
      vertex 6.22583 -23.25 40
    endloop
  endfacet
  facet normal -0.887007 -0.461755 0
    outer loop
      vertex 6.22583 -23.25 43
      vertex 6.2782 -23.3506 40
      vertex 6.2782 -23.3506 43
    endloop
  endfacet
  facet normal -0.300659 -0.953732 0
    outer loop
      vertex 5.43646 -22.6443 39
      vertex 5.54463 -22.6784 43
      vertex 5.43646 -22.6443 43
    endloop
  endfacet
  facet normal -0.300659 -0.953732 -0
    outer loop
      vertex 5.54463 -22.6784 43
      vertex 5.43646 -22.6443 39
      vertex 5.54463 -22.6784 39
    endloop
  endfacet
  facet normal 0.843287 -0.537463 0
    outer loop
      vertex 3.97417 -23.25 43
      vertex 4.0351 -23.1544 40
      vertex 4.0351 -23.1544 43
    endloop
  endfacet
  facet normal 0.843287 -0.537463 0
    outer loop
      vertex 4.0351 -23.1544 40
      vertex 3.97417 -23.25 43
      vertex 3.97417 -23.25 40
    endloop
  endfacet
  facet normal 0.793436 -0.608654 0
    outer loop
      vertex 4.0351 -23.1544 43
      vertex 4.10414 -23.0644 40
      vertex 4.10414 -23.0644 43
    endloop
  endfacet
  facet normal 0.793436 -0.608654 0
    outer loop
      vertex 4.10414 -23.0644 40
      vertex 4.0351 -23.1544 43
      vertex 4.0351 -23.1544 40
    endloop
  endfacet
  facet normal -0.976322 -0.216324 0
    outer loop
      vertex 6.38025 -23.6743 40
      vertex 6.3557 -23.5635 43
      vertex 6.3557 -23.5635 40
    endloop
  endfacet
  facet normal -0.976322 -0.216324 0
    outer loop
      vertex 6.3557 -23.5635 43
      vertex 6.38025 -23.6743 40
      vertex 6.38025 -23.6743 43
    endloop
  endfacet
  facet normal -0.991442 -0.130546 0
    outer loop
      vertex 6.39505 -23.7867 40
      vertex 6.38025 -23.6743 43
      vertex 6.38025 -23.6743 40
    endloop
  endfacet
  facet normal -0.991442 -0.130546 0
    outer loop
      vertex 6.38025 -23.6743 43
      vertex 6.39505 -23.7867 40
      vertex 6.39505 -23.7867 43
    endloop
  endfacet
  facet normal -0.953676 -0.300836 0
    outer loop
      vertex 6.3557 -23.5635 40
      vertex 6.3216 -23.4554 43
      vertex 6.3216 -23.4554 40
    endloop
  endfacet
  facet normal -0.953676 -0.300836 0
    outer loop
      vertex 6.3216 -23.4554 43
      vertex 6.3557 -23.5635 40
      vertex 6.3557 -23.5635 43
    endloop
  endfacet
  facet normal -0.793436 -0.608654 0
    outer loop
      vertex 6.1649 -23.1544 40
      vertex 6.09586 -23.0644 43
      vertex 6.09586 -23.0644 40
    endloop
  endfacet
  facet normal -0.793436 -0.608654 0
    outer loop
      vertex 6.09586 -23.0644 43
      vertex 6.1649 -23.1544 40
      vertex 6.1649 -23.1544 43
    endloop
  endfacet
  facet normal -0.736581 -0.67635 -0
    outer loop
      vertex 6.03687 -23 40
      vertex 6.01924 -22.9808 39
      vertex 6.03687 -23 39
    endloop
  endfacet
  facet normal -0.736581 -0.67635 0
    outer loop
      vertex 6.01924 -22.9808 39
      vertex 6.03687 -23 40
      vertex 6.01924 -22.9808 43
    endloop
  endfacet
  facet normal -0.737401 -0.675455 -1.05496e-05
    outer loop
      vertex 6.09586 -23.0644 40
      vertex 6.01924 -22.9808 43
      vertex 6.03687 -23 40
    endloop
  endfacet
  facet normal -0.737213 -0.675661 0
    outer loop
      vertex 6.01924 -22.9808 43
      vertex 6.09586 -23.0644 40
      vertex 6.09586 -23.0644 43
    endloop
  endfacet
  facet normal -0.216893 -0.976195 0
    outer loop
      vertex 5.32574 -22.6197 39
      vertex 5.43646 -22.6443 43
      vertex 5.32574 -22.6197 43
    endloop
  endfacet
  facet normal -0.216893 -0.976195 -0
    outer loop
      vertex 5.43646 -22.6443 43
      vertex 5.32574 -22.6197 39
      vertex 5.43646 -22.6443 39
    endloop
  endfacet
  facet normal -0.1305 -0.991448 0
    outer loop
      vertex 5.2133 -22.6049 39
      vertex 5.32574 -22.6197 43
      vertex 5.2133 -22.6049 43
    endloop
  endfacet
  facet normal -0.1305 -0.991448 -0
    outer loop
      vertex 5.32574 -22.6197 43
      vertex 5.2133 -22.6049 39
      vertex 5.32574 -22.6197 39
    endloop
  endfacet
  facet normal -0.608559 -0.793508 0
    outer loop
      vertex 5.84565 -22.8351 39
      vertex 5.93562 -22.9041 43
      vertex 5.84565 -22.8351 43
    endloop
  endfacet
  facet normal -0.608559 -0.793508 -0
    outer loop
      vertex 5.93562 -22.9041 43
      vertex 5.84565 -22.8351 39
      vertex 5.93562 -22.9041 39
    endloop
  endfacet
  facet normal -0.382705 -0.923871 0
    outer loop
      vertex 5.54463 -22.6784 39
      vertex 5.6494 -22.7218 43
      vertex 5.54463 -22.6784 43
    endloop
  endfacet
  facet normal -0.382705 -0.923871 -0
    outer loop
      vertex 5.6494 -22.7218 43
      vertex 5.54463 -22.6784 39
      vertex 5.6494 -22.7218 39
    endloop
  endfacet
  facet normal -0.537075 -0.843534 0
    outer loop
      vertex 5.75 -22.7742 39
      vertex 5.84565 -22.8351 43
      vertex 5.75 -22.7742 43
    endloop
  endfacet
  facet normal -0.537075 -0.843534 -0
    outer loop
      vertex 5.84565 -22.8351 43
      vertex 5.75 -22.7742 39
      vertex 5.84565 -22.8351 39
    endloop
  endfacet
  facet normal 0.923909 -0.382611 0
    outer loop
      vertex 3.8784 -23.4554 43
      vertex 3.9218 -23.3506 40
      vertex 3.9218 -23.3506 43
    endloop
  endfacet
  facet normal 0.923909 -0.382611 0
    outer loop
      vertex 3.9218 -23.3506 40
      vertex 3.8784 -23.4554 43
      vertex 3.8784 -23.4554 40
    endloop
  endfacet
  facet normal 0.976322 -0.216324 0
    outer loop
      vertex 3.81975 -23.6743 43
      vertex 3.8443 -23.5635 40
      vertex 3.8443 -23.5635 43
    endloop
  endfacet
  facet normal 0.976322 -0.216324 0
    outer loop
      vertex 3.8443 -23.5635 40
      vertex 3.81975 -23.6743 43
      vertex 3.81975 -23.6743 40
    endloop
  endfacet
  facet normal 0.537075 -0.843534 0
    outer loop
      vertex 4.35435 -22.8351 39
      vertex 4.45 -22.7742 43
      vertex 4.35435 -22.8351 43
    endloop
  endfacet
  facet normal 0.537075 -0.843534 0
    outer loop
      vertex 4.45 -22.7742 43
      vertex 4.35435 -22.8351 39
      vertex 4.45 -22.7742 39
    endloop
  endfacet
  facet normal 0.1305 -0.991448 0
    outer loop
      vertex 4.87426 -22.6197 39
      vertex 4.9867 -22.6049 43
      vertex 4.87426 -22.6197 43
    endloop
  endfacet
  facet normal 0.1305 -0.991448 0
    outer loop
      vertex 4.9867 -22.6049 43
      vertex 4.87426 -22.6197 39
      vertex 4.9867 -22.6049 39
    endloop
  endfacet
  facet normal 0.216874 -0.9762 0
    outer loop
      vertex 4.76353 -22.6443 39
      vertex 4.87426 -22.6197 43
      vertex 4.76353 -22.6443 43
    endloop
  endfacet
  facet normal 0.216874 -0.9762 0
    outer loop
      vertex 4.87426 -22.6197 43
      vertex 4.76353 -22.6443 39
      vertex 4.87426 -22.6197 39
    endloop
  endfacet
  facet normal -0.976322 0.216324 0
    outer loop
      vertex 6.3557 -24.2365 40
      vertex 6.38025 -24.1257 43
      vertex 6.38025 -24.1257 40
    endloop
  endfacet
  facet normal -0.976322 0.216324 0
    outer loop
      vertex 6.38025 -24.1257 43
      vertex 6.3557 -24.2365 40
      vertex 6.3557 -24.2365 43
    endloop
  endfacet
  facet normal -0.953676 0.300836 0
    outer loop
      vertex 6.3216 -24.3446 40
      vertex 6.3557 -24.2365 43
      vertex 6.3557 -24.2365 40
    endloop
  endfacet
  facet normal -0.953676 0.300836 0
    outer loop
      vertex 6.3557 -24.2365 43
      vertex 6.3216 -24.3446 40
      vertex 6.3216 -24.3446 43
    endloop
  endfacet
  facet normal 0.382705 0.923871 -0
    outer loop
      vertex 4.65537 -25.1216 40
      vertex 4.5506 -25.0782 43
      vertex 4.65537 -25.1216 43
    endloop
  endfacet
  facet normal 0.382705 0.923871 0
    outer loop
      vertex 4.5506 -25.0782 43
      vertex 4.65537 -25.1216 40
      vertex 4.5506 -25.0782 40
    endloop
  endfacet
  facet normal 0.793436 0.608654 0
    outer loop
      vertex 4.10414 -24.7356 43
      vertex 4.0351 -24.6456 40
      vertex 4.0351 -24.6456 43
    endloop
  endfacet
  facet normal 0.793436 0.608654 0
    outer loop
      vertex 4.0351 -24.6456 40
      vertex 4.10414 -24.7356 43
      vertex 4.10414 -24.7356 40
    endloop
  endfacet
  facet normal 0.953676 0.300836 0
    outer loop
      vertex 3.8784 -24.3446 43
      vertex 3.8443 -24.2365 40
      vertex 3.8443 -24.2365 43
    endloop
  endfacet
  facet normal 0.953676 0.300836 0
    outer loop
      vertex 3.8443 -24.2365 40
      vertex 3.8784 -24.3446 43
      vertex 3.8784 -24.3446 40
    endloop
  endfacet
  facet normal -0.382705 0.923871 0
    outer loop
      vertex 5.6494 -25.0782 40
      vertex 5.54463 -25.1216 43
      vertex 5.6494 -25.0782 43
    endloop
  endfacet
  facet normal -0.382705 0.923871 0
    outer loop
      vertex 5.54463 -25.1216 43
      vertex 5.6494 -25.0782 40
      vertex 5.54463 -25.1216 40
    endloop
  endfacet
  facet normal -0.300659 0.953732 0
    outer loop
      vertex 5.54463 -25.1216 40
      vertex 5.43646 -25.1557 43
      vertex 5.54463 -25.1216 43
    endloop
  endfacet
  facet normal -0.300659 0.953732 0
    outer loop
      vertex 5.43646 -25.1557 43
      vertex 5.54463 -25.1216 40
      vertex 5.43646 -25.1557 40
    endloop
  endfacet
  facet normal -0.843287 -0.537463 0
    outer loop
      vertex 6.22583 -23.25 40
      vertex 6.1649 -23.1544 43
      vertex 6.1649 -23.1544 40
    endloop
  endfacet
  facet normal -0.843287 -0.537463 0
    outer loop
      vertex 6.1649 -23.1544 43
      vertex 6.22583 -23.25 40
      vertex 6.22583 -23.25 43
    endloop
  endfacet
  facet normal -0.0432076 -0.999066 0
    outer loop
      vertex 5.1 -22.6 39
      vertex 5.2133 -22.6049 43
      vertex 5.1 -22.6 43
    endloop
  endfacet
  facet normal -0.0432076 -0.999066 -0
    outer loop
      vertex 5.2133 -22.6049 43
      vertex 5.1 -22.6 39
      vertex 5.2133 -22.6049 39
    endloop
  endfacet
  facet normal -0.461963 -0.886899 0
    outer loop
      vertex 5.6494 -22.7218 39
      vertex 5.75 -22.7742 43
      vertex 5.6494 -22.7218 43
    endloop
  endfacet
  facet normal -0.461963 -0.886899 -0
    outer loop
      vertex 5.75 -22.7742 43
      vertex 5.6494 -22.7218 39
      vertex 5.75 -22.7742 39
    endloop
  endfacet
  facet normal 0.736581 -0.67635 0
    outer loop
      vertex 4.18076 -22.9808 43
      vertex 4.16313 -23 40
      vertex 4.18076 -22.9808 39
    endloop
  endfacet
  facet normal 0.737213 -0.675661 -8.12462e-06
    outer loop
      vertex 4.10414 -23.0644 43
      vertex 4.16313 -23 40
      vertex 4.18076 -22.9808 43
    endloop
  endfacet
  facet normal 0.737401 -0.675455 0
    outer loop
      vertex 4.16313 -23 40
      vertex 4.10414 -23.0644 43
      vertex 4.10414 -23.0644 40
    endloop
  endfacet
  facet normal 0.736581 -0.67635 0
    outer loop
      vertex 4.18076 -22.9808 39
      vertex 4.16313 -23 40
      vertex 4.16313 -23 39
    endloop
  endfacet
  facet normal 0.887007 -0.461755 0
    outer loop
      vertex 3.9218 -23.3506 43
      vertex 3.97417 -23.25 40
      vertex 3.97417 -23.25 43
    endloop
  endfacet
  facet normal 0.887007 -0.461755 0
    outer loop
      vertex 3.97417 -23.25 40
      vertex 3.9218 -23.3506 43
      vertex 3.9218 -23.3506 40
    endloop
  endfacet
  facet normal 0.991442 -0.130546 0
    outer loop
      vertex 3.80495 -23.7867 43
      vertex 3.81975 -23.6743 40
      vertex 3.81975 -23.6743 43
    endloop
  endfacet
  facet normal 0.991442 -0.130546 0
    outer loop
      vertex 3.81975 -23.6743 40
      vertex 3.80495 -23.7867 43
      vertex 3.80495 -23.7867 40
    endloop
  endfacet
  facet normal 0.953676 -0.300836 0
    outer loop
      vertex 3.8443 -23.5635 43
      vertex 3.8784 -23.4554 40
      vertex 3.8784 -23.4554 43
    endloop
  endfacet
  facet normal 0.953676 -0.300836 0
    outer loop
      vertex 3.8784 -23.4554 40
      vertex 3.8443 -23.5635 43
      vertex 3.8443 -23.5635 40
    endloop
  endfacet
  facet normal 0.608559 -0.793508 0
    outer loop
      vertex 4.26438 -22.9041 39
      vertex 4.35435 -22.8351 43
      vertex 4.26438 -22.9041 43
    endloop
  endfacet
  facet normal 0.608559 -0.793508 0
    outer loop
      vertex 4.35435 -22.8351 43
      vertex 4.26438 -22.9041 39
      vertex 4.35435 -22.8351 39
    endloop
  endfacet
  facet normal 0.461963 -0.886899 0
    outer loop
      vertex 4.45 -22.7742 39
      vertex 4.5506 -22.7218 43
      vertex 4.45 -22.7742 43
    endloop
  endfacet
  facet normal 0.461963 -0.886899 0
    outer loop
      vertex 4.5506 -22.7218 43
      vertex 4.45 -22.7742 39
      vertex 4.5506 -22.7218 39
    endloop
  endfacet
  facet normal 0.300684 -0.953724 0
    outer loop
      vertex 4.65537 -22.6784 39
      vertex 4.76353 -22.6443 43
      vertex 4.65537 -22.6784 43
    endloop
  endfacet
  facet normal 0.300684 -0.953724 0
    outer loop
      vertex 4.76353 -22.6443 43
      vertex 4.65537 -22.6784 39
      vertex 4.76353 -22.6443 39
    endloop
  endfacet
  facet normal -0.991442 0.130546 0
    outer loop
      vertex 6.38025 -24.1257 40
      vertex 6.39505 -24.0133 43
      vertex 6.39505 -24.0133 40
    endloop
  endfacet
  facet normal -0.991442 0.130546 0
    outer loop
      vertex 6.39505 -24.0133 43
      vertex 6.38025 -24.1257 40
      vertex 6.38025 -24.1257 43
    endloop
  endfacet
  facet normal -0.999047 0.0436477 0
    outer loop
      vertex 6.39505 -24.0133 40
      vertex 6.4 -23.9 43
      vertex 6.4 -23.9 40
    endloop
  endfacet
  facet normal -0.999047 0.0436477 0
    outer loop
      vertex 6.4 -23.9 43
      vertex 6.39505 -24.0133 40
      vertex 6.39505 -24.0133 43
    endloop
  endfacet
  facet normal -0.793436 0.608654 0
    outer loop
      vertex 6.09586 -24.7356 40
      vertex 6.1649 -24.6456 43
      vertex 6.1649 -24.6456 40
    endloop
  endfacet
  facet normal -0.793436 0.608654 0
    outer loop
      vertex 6.1649 -24.6456 43
      vertex 6.09586 -24.7356 40
      vertex 6.09586 -24.7356 43
    endloop
  endfacet
  facet normal -0.0432076 0.999066 0
    outer loop
      vertex 5.2133 -25.1951 40
      vertex 5.1 -25.2 43
      vertex 5.2133 -25.1951 43
    endloop
  endfacet
  facet normal -0.0432076 0.999066 0
    outer loop
      vertex 5.1 -25.2 43
      vertex 5.2133 -25.1951 40
      vertex 5.1 -25.2 40
    endloop
  endfacet
  facet normal 0.608559 0.793508 -0
    outer loop
      vertex 4.35435 -24.9649 40
      vertex 4.26438 -24.8959 43
      vertex 4.35435 -24.9649 43
    endloop
  endfacet
  facet normal 0.608559 0.793508 0
    outer loop
      vertex 4.26438 -24.8959 43
      vertex 4.35435 -24.9649 40
      vertex 4.26438 -24.8959 40
    endloop
  endfacet
  facet normal 0.976322 0.216324 0
    outer loop
      vertex 3.8443 -24.2365 43
      vertex 3.81975 -24.1257 40
      vertex 3.81975 -24.1257 43
    endloop
  endfacet
  facet normal 0.976322 0.216324 0
    outer loop
      vertex 3.81975 -24.1257 40
      vertex 3.8443 -24.2365 43
      vertex 3.8443 -24.2365 40
    endloop
  endfacet
  facet normal 0 0 1
    outer loop
      vertex 5.93562 -22.9041 39
      vertex 6.03687 -23 39
      vertex 6.01924 -22.9808 39
    endloop
  endfacet
  facet normal 0 0 1
    outer loop
      vertex 5.84565 -22.8351 39
      vertex 6.03687 -23 39
      vertex 5.93562 -22.9041 39
    endloop
  endfacet
  facet normal 0 0 1
    outer loop
      vertex 5.75 -22.7742 39
      vertex 6.03687 -23 39
      vertex 5.84565 -22.8351 39
    endloop
  endfacet
  facet normal 0 0 1
    outer loop
      vertex 5.6494 -22.7218 39
      vertex 6.03687 -23 39
      vertex 5.75 -22.7742 39
    endloop
  endfacet
  facet normal 0 0 1
    outer loop
      vertex 5.54463 -22.6784 39
      vertex 6.03687 -23 39
      vertex 5.6494 -22.7218 39
    endloop
  endfacet
  facet normal 0 0 1
    outer loop
      vertex 5.43646 -22.6443 39
      vertex 6.03687 -23 39
      vertex 5.54463 -22.6784 39
    endloop
  endfacet
  facet normal 0 0 1
    outer loop
      vertex 5.32574 -22.6197 39
      vertex 6.03687 -23 39
      vertex 5.43646 -22.6443 39
    endloop
  endfacet
  facet normal 0 0 1
    outer loop
      vertex 5.2133 -22.6049 39
      vertex 6.03687 -23 39
      vertex 5.32574 -22.6197 39
    endloop
  endfacet
  facet normal 0 0 1
    outer loop
      vertex 5.1 -22.6 39
      vertex 6.03687 -23 39
      vertex 5.2133 -22.6049 39
    endloop
  endfacet
  facet normal -0 0 1
    outer loop
      vertex 4.9867 -22.6049 39
      vertex 6.03687 -23 39
      vertex 5.1 -22.6 39
    endloop
  endfacet
  facet normal -0 0 1
    outer loop
      vertex 4.87426 -22.6197 39
      vertex 6.03687 -23 39
      vertex 4.9867 -22.6049 39
    endloop
  endfacet
  facet normal -0 0 1
    outer loop
      vertex 4.76353 -22.6443 39
      vertex 6.03687 -23 39
      vertex 4.87426 -22.6197 39
    endloop
  endfacet
  facet normal -0 0 1
    outer loop
      vertex 4.65537 -22.6784 39
      vertex 6.03687 -23 39
      vertex 4.76353 -22.6443 39
    endloop
  endfacet
  facet normal -0 0 1
    outer loop
      vertex 4.5506 -22.7218 39
      vertex 6.03687 -23 39
      vertex 4.65537 -22.6784 39
    endloop
  endfacet
  facet normal -0 0 1
    outer loop
      vertex 4.45 -22.7742 39
      vertex 6.03687 -23 39
      vertex 4.5506 -22.7218 39
    endloop
  endfacet
  facet normal -0 0 1
    outer loop
      vertex 4.35435 -22.8351 39
      vertex 6.03687 -23 39
      vertex 4.45 -22.7742 39
    endloop
  endfacet
  facet normal -0 0 1
    outer loop
      vertex 4.26438 -22.9041 39
      vertex 6.03687 -23 39
      vertex 4.35435 -22.8351 39
    endloop
  endfacet
  facet normal 0 0 1
    outer loop
      vertex 4.16313 -23 39
      vertex 4.26438 -22.9041 39
      vertex 4.18076 -22.9808 39
    endloop
  endfacet
  facet normal 0 0 1
    outer loop
      vertex 4.26438 -22.9041 39
      vertex 4.16313 -23 39
      vertex 6.03687 -23 39
    endloop
  endfacet
  facet normal -0.923909 -0.382611 0
    outer loop
      vertex 6.3216 -23.4554 40
      vertex 6.2782 -23.3506 43
      vertex 6.2782 -23.3506 40
    endloop
  endfacet
  facet normal -0.923909 -0.382611 0
    outer loop
      vertex 6.2782 -23.3506 43
      vertex 6.3216 -23.4554 40
      vertex 6.3216 -23.4554 43
    endloop
  endfacet
  facet normal -0.461963 0.886899 0
    outer loop
      vertex 5.75 -25.0258 40
      vertex 5.6494 -25.0782 43
      vertex 5.75 -25.0258 43
    endloop
  endfacet
  facet normal -0.461963 0.886899 0
    outer loop
      vertex 5.6494 -25.0782 43
      vertex 5.75 -25.0258 40
      vertex 5.6494 -25.0782 40
    endloop
  endfacet
  facet normal -0.608559 0.793508 0
    outer loop
      vertex 5.93562 -24.8959 40
      vertex 5.84565 -24.9649 43
      vertex 5.93562 -24.8959 43
    endloop
  endfacet
  facet normal -0.608559 0.793508 0
    outer loop
      vertex 5.84565 -24.9649 43
      vertex 5.93562 -24.8959 40
      vertex 5.84565 -24.9649 40
    endloop
  endfacet
  facet normal -0.843287 0.537463 0
    outer loop
      vertex 6.1649 -24.6456 40
      vertex 6.22583 -24.55 43
      vertex 6.22583 -24.55 40
    endloop
  endfacet
  facet normal -0.843287 0.537463 0
    outer loop
      vertex 6.22583 -24.55 43
      vertex 6.1649 -24.6456 40
      vertex 6.1649 -24.6456 43
    endloop
  endfacet
  facet normal 0.300684 0.953724 -0
    outer loop
      vertex 4.76353 -25.1557 40
      vertex 4.65537 -25.1216 43
      vertex 4.76353 -25.1557 43
    endloop
  endfacet
  facet normal 0.300684 0.953724 0
    outer loop
      vertex 4.65537 -25.1216 43
      vertex 4.76353 -25.1557 40
      vertex 4.65537 -25.1216 40
    endloop
  endfacet
  facet normal 0.537075 0.843534 -0
    outer loop
      vertex 4.45 -25.0258 40
      vertex 4.35435 -24.9649 43
      vertex 4.45 -25.0258 43
    endloop
  endfacet
  facet normal 0.537075 0.843534 0
    outer loop
      vertex 4.35435 -24.9649 43
      vertex 4.45 -25.0258 40
      vertex 4.35435 -24.9649 40
    endloop
  endfacet
  facet normal 0.675956 0.736942 -0
    outer loop
      vertex 4.26438 -24.8959 40
      vertex 4.18076 -24.8192 43
      vertex 4.26438 -24.8959 43
    endloop
  endfacet
  facet normal 0.675956 0.736942 0
    outer loop
      vertex 4.18076 -24.8192 43
      vertex 4.26438 -24.8959 40
      vertex 4.18076 -24.8192 40
    endloop
  endfacet
  facet normal 0.737213 0.675661 0
    outer loop
      vertex 4.18076 -24.8192 43
      vertex 4.10414 -24.7356 40
      vertex 4.10414 -24.7356 43
    endloop
  endfacet
  facet normal 0.737213 0.675661 0
    outer loop
      vertex 4.10414 -24.7356 40
      vertex 4.18076 -24.8192 43
      vertex 4.18076 -24.8192 40
    endloop
  endfacet
  facet normal 0.843287 0.537463 0
    outer loop
      vertex 4.0351 -24.6456 43
      vertex 3.97417 -24.55 40
      vertex 3.97417 -24.55 43
    endloop
  endfacet
  facet normal 0.843287 0.537463 0
    outer loop
      vertex 3.97417 -24.55 40
      vertex 4.0351 -24.6456 43
      vertex 4.0351 -24.6456 40
    endloop
  endfacet
  facet normal 0.923909 0.382611 0
    outer loop
      vertex 3.9218 -24.4494 43
      vertex 3.8784 -24.3446 40
      vertex 3.8784 -24.3446 43
    endloop
  endfacet
  facet normal 0.923909 0.382611 0
    outer loop
      vertex 3.8784 -24.3446 40
      vertex 3.9218 -24.4494 43
      vertex 3.9218 -24.4494 40
    endloop
  endfacet
  facet normal 0.991442 0.130546 0
    outer loop
      vertex 3.81975 -24.1257 43
      vertex 3.80495 -24.0133 40
      vertex 3.80495 -24.0133 43
    endloop
  endfacet
  facet normal 0.991442 0.130546 0
    outer loop
      vertex 3.80495 -24.0133 40
      vertex 3.81975 -24.1257 43
      vertex 3.81975 -24.1257 40
    endloop
  endfacet
  facet normal 0.999047 0.0436477 0
    outer loop
      vertex 3.80495 -24.0133 43
      vertex 3.8 -23.9 40
      vertex 3.8 -23.9 43
    endloop
  endfacet
  facet normal 0.999047 0.0436477 0
    outer loop
      vertex 3.8 -23.9 40
      vertex 3.80495 -24.0133 43
      vertex 3.80495 -24.0133 40
    endloop
  endfacet
  facet normal -0.216053 0.976382 0
    outer loop
      vertex 5.43646 -25.1557 40
      vertex 5.32574 -25.1802 43
      vertex 5.43646 -25.1557 43
    endloop
  endfacet
  facet normal -0.216053 0.976382 0
    outer loop
      vertex 5.32574 -25.1802 43
      vertex 5.43646 -25.1557 40
      vertex 5.32574 -25.1802 40
    endloop
  endfacet
  facet normal -0.131367 0.991334 0
    outer loop
      vertex 5.32574 -25.1802 40
      vertex 5.2133 -25.1951 43
      vertex 5.32574 -25.1802 43
    endloop
  endfacet
  facet normal -0.131367 0.991334 0
    outer loop
      vertex 5.2133 -25.1951 43
      vertex 5.32574 -25.1802 40
      vertex 5.2133 -25.1951 40
    endloop
  endfacet
  facet normal -0.923909 0.382611 0
    outer loop
      vertex 6.2782 -24.4494 40
      vertex 6.3216 -24.3446 43
      vertex 6.3216 -24.3446 40
    endloop
  endfacet
  facet normal -0.923909 0.382611 0
    outer loop
      vertex 6.3216 -24.3446 43
      vertex 6.2782 -24.4494 40
      vertex 6.2782 -24.4494 43
    endloop
  endfacet
  facet normal -0.887007 0.461755 0
    outer loop
      vertex 6.22583 -24.55 40
      vertex 6.2782 -24.4494 43
      vertex 6.2782 -24.4494 40
    endloop
  endfacet
  facet normal -0.887007 0.461755 0
    outer loop
      vertex 6.2782 -24.4494 43
      vertex 6.22583 -24.55 40
      vertex 6.22583 -24.55 43
    endloop
  endfacet
  facet normal -0.537075 0.843534 0
    outer loop
      vertex 5.84565 -24.9649 40
      vertex 5.75 -25.0258 43
      vertex 5.84565 -24.9649 43
    endloop
  endfacet
  facet normal -0.537075 0.843534 0
    outer loop
      vertex 5.75 -25.0258 43
      vertex 5.84565 -24.9649 40
      vertex 5.75 -25.0258 40
    endloop
  endfacet
  facet normal 0.131367 0.991334 -0
    outer loop
      vertex 4.9867 -25.1951 40
      vertex 4.87426 -25.1802 43
      vertex 4.9867 -25.1951 43
    endloop
  endfacet
  facet normal 0.131367 0.991334 0
    outer loop
      vertex 4.87426 -25.1802 43
      vertex 4.9867 -25.1951 40
      vertex 4.87426 -25.1802 40
    endloop
  endfacet
  facet normal 0.461963 0.886899 -0
    outer loop
      vertex 4.5506 -25.0782 40
      vertex 4.45 -25.0258 43
      vertex 4.5506 -25.0782 43
    endloop
  endfacet
  facet normal 0.461963 0.886899 0
    outer loop
      vertex 4.45 -25.0258 43
      vertex 4.5506 -25.0782 40
      vertex 4.45 -25.0258 40
    endloop
  endfacet
  facet normal 0.887007 0.461755 0
    outer loop
      vertex 3.97417 -24.55 43
      vertex 3.9218 -24.4494 40
      vertex 3.9218 -24.4494 43
    endloop
  endfacet
  facet normal 0.887007 0.461755 0
    outer loop
      vertex 3.9218 -24.4494 40
      vertex 3.97417 -24.55 43
      vertex 3.97417 -24.55 40
    endloop
  endfacet
  facet normal -0.675956 0.736942 0
    outer loop
      vertex 6.01924 -24.8192 40
      vertex 5.93562 -24.8959 43
      vertex 6.01924 -24.8192 43
    endloop
  endfacet
  facet normal -0.675956 0.736942 0
    outer loop
      vertex 5.93562 -24.8959 43
      vertex 6.01924 -24.8192 40
      vertex 5.93562 -24.8959 40
    endloop
  endfacet
  facet normal -0.737213 0.675661 0
    outer loop
      vertex 6.01924 -24.8192 40
      vertex 6.09586 -24.7356 43
      vertex 6.09586 -24.7356 40
    endloop
  endfacet
  facet normal -0.737213 0.675661 0
    outer loop
      vertex 6.09586 -24.7356 43
      vertex 6.01924 -24.8192 40
      vertex 6.01924 -24.8192 43
    endloop
  endfacet
  facet normal 0.216034 0.976386 -0
    outer loop
      vertex 4.87426 -25.1802 40
      vertex 4.76353 -25.1557 43
      vertex 4.87426 -25.1802 43
    endloop
  endfacet
  facet normal 0.216034 0.976386 0
    outer loop
      vertex 4.76353 -25.1557 43
      vertex 4.87426 -25.1802 40
      vertex 4.76353 -25.1557 40
    endloop
  endfacet
  facet normal 0.0432076 0.999066 -0
    outer loop
      vertex 5.1 -25.2 40
      vertex 4.9867 -25.1951 43
      vertex 5.1 -25.2 43
    endloop
  endfacet
  facet normal 0.0432076 0.999066 0
    outer loop
      vertex 4.9867 -25.1951 43
      vertex 5.1 -25.2 40
      vertex 4.9867 -25.1951 40
    endloop
  endfacet
  facet normal -0.843287 -0.537463 0
    outer loop
      vertex 6.22583 24.55 40
      vertex 6.1649 24.6456 43
      vertex 6.1649 24.6456 40
    endloop
  endfacet
  facet normal -0.843287 -0.537463 0
    outer loop
      vertex 6.1649 24.6456 43
      vertex 6.22583 24.55 40
      vertex 6.22583 24.55 43
    endloop
  endfacet
  facet normal 0.382705 -0.923871 0
    outer loop
      vertex 4.5506 25.0782 40
      vertex 4.65537 25.1216 43
      vertex 4.5506 25.0782 43
    endloop
  endfacet
  facet normal 0.382705 -0.923871 0
    outer loop
      vertex 4.65537 25.1216 43
      vertex 4.5506 25.0782 40
      vertex 4.65537 25.1216 40
    endloop
  endfacet
  facet normal 0.608559 -0.793508 0
    outer loop
      vertex 4.26438 24.8959 40
      vertex 4.35435 24.9649 43
      vertex 4.26438 24.8959 43
    endloop
  endfacet
  facet normal 0.608559 -0.793508 0
    outer loop
      vertex 4.35435 24.9649 43
      vertex 4.26438 24.8959 40
      vertex 4.35435 24.9649 40
    endloop
  endfacet
  facet normal -0.976322 0.216324 0
    outer loop
      vertex 6.3557 23.5635 40
      vertex 6.38025 23.6743 43
      vertex 6.38025 23.6743 40
    endloop
  endfacet
  facet normal -0.976322 0.216324 0
    outer loop
      vertex 6.38025 23.6743 43
      vertex 6.3557 23.5635 40
      vertex 6.3557 23.5635 43
    endloop
  endfacet
  facet normal -0.953676 0.300836 0
    outer loop
      vertex 6.3216 23.4554 40
      vertex 6.3557 23.5635 43
      vertex 6.3557 23.5635 40
    endloop
  endfacet
  facet normal -0.953676 0.300836 0
    outer loop
      vertex 6.3557 23.5635 43
      vertex 6.3216 23.4554 40
      vertex 6.3216 23.4554 43
    endloop
  endfacet
  facet normal 0.1305 0.991448 -0
    outer loop
      vertex 4.9867 22.6049 40
      vertex 4.87426 22.6197 43
      vertex 4.9867 22.6049 43
    endloop
  endfacet
  facet normal 0.1305 0.991448 0
    outer loop
      vertex 4.87426 22.6197 43
      vertex 4.9867 22.6049 40
      vertex 4.87426 22.6197 40
    endloop
  endfacet
  facet normal -0.991442 -0.130546 0
    outer loop
      vertex 6.39505 24.0133 40
      vertex 6.38025 24.1257 43
      vertex 6.38025 24.1257 40
    endloop
  endfacet
  facet normal -0.991442 -0.130546 0
    outer loop
      vertex 6.38025 24.1257 43
      vertex 6.39505 24.0133 40
      vertex 6.39505 24.0133 43
    endloop
  endfacet
  facet normal -0.793436 -0.608654 0
    outer loop
      vertex 6.1649 24.6456 40
      vertex 6.09586 24.7356 43
      vertex 6.09586 24.7356 40
    endloop
  endfacet
  facet normal -0.793436 -0.608654 0
    outer loop
      vertex 6.09586 24.7356 43
      vertex 6.1649 24.6456 40
      vertex 6.1649 24.6456 43
    endloop
  endfacet
  facet normal -0.675956 -0.736942 0
    outer loop
      vertex 5.93562 24.8959 40
      vertex 6.01924 24.8192 43
      vertex 5.93562 24.8959 43
    endloop
  endfacet
  facet normal -0.675956 -0.736942 -0
    outer loop
      vertex 6.01924 24.8192 43
      vertex 5.93562 24.8959 40
      vertex 6.01924 24.8192 40
    endloop
  endfacet
  facet normal -0.737213 -0.675661 0
    outer loop
      vertex 6.09586 24.7356 40
      vertex 6.01924 24.8192 43
      vertex 6.01924 24.8192 40
    endloop
  endfacet
  facet normal -0.737213 -0.675661 0
    outer loop
      vertex 6.01924 24.8192 43
      vertex 6.09586 24.7356 40
      vertex 6.09586 24.7356 43
    endloop
  endfacet
  facet normal 0.0375674 -0.999294 0
    outer loop
      vertex 5 25.1956 40
      vertex 4.9867 25.1951 43
      vertex 4.9867 25.1951 40
    endloop
  endfacet
  facet normal 0.0432076 -0.999066 2.50428e-05
    outer loop
      vertex 4.9867 25.1951 43
      vertex 5 25.1956 40
      vertex 5.1 25.2 43
    endloop
  endfacet
  facet normal 0.0439575 -0.999033 0
    outer loop
      vertex 5.1 25.2 43
      vertex 5 25.1956 40
      vertex 5.1 25.2 40
    endloop
  endfacet
  facet normal -0.216053 -0.976382 0
    outer loop
      vertex 5.32574 25.1802 40
      vertex 5.43646 25.1557 43
      vertex 5.32574 25.1802 43
    endloop
  endfacet
  facet normal -0.216053 -0.976382 -0
    outer loop
      vertex 5.43646 25.1557 43
      vertex 5.32574 25.1802 40
      vertex 5.43646 25.1557 40
    endloop
  endfacet
  facet normal -0.131367 -0.991334 0
    outer loop
      vertex 5.2133 25.1951 40
      vertex 5.32574 25.1802 43
      vertex 5.2133 25.1951 43
    endloop
  endfacet
  facet normal -0.131367 -0.991334 -0
    outer loop
      vertex 5.32574 25.1802 43
      vertex 5.2133 25.1951 40
      vertex 5.32574 25.1802 40
    endloop
  endfacet
  facet normal -0.0432076 -0.999066 0
    outer loop
      vertex 5.1 25.2 40
      vertex 5.2133 25.1951 43
      vertex 5.1 25.2 43
    endloop
  endfacet
  facet normal -0.0432076 -0.999066 -0
    outer loop
      vertex 5.2133 25.1951 43
      vertex 5.1 25.2 40
      vertex 5.2133 25.1951 40
    endloop
  endfacet
  facet normal -0.608559 -0.793508 0
    outer loop
      vertex 5.84565 24.9649 40
      vertex 5.93562 24.8959 43
      vertex 5.84565 24.9649 43
    endloop
  endfacet
  facet normal -0.608559 -0.793508 -0
    outer loop
      vertex 5.93562 24.8959 43
      vertex 5.84565 24.9649 40
      vertex 5.93562 24.8959 40
    endloop
  endfacet
  facet normal -0.537075 -0.843534 0
    outer loop
      vertex 5.75 25.0258 40
      vertex 5.84565 24.9649 43
      vertex 5.75 25.0258 43
    endloop
  endfacet
  facet normal -0.537075 -0.843534 -0
    outer loop
      vertex 5.84565 24.9649 43
      vertex 5.75 25.0258 40
      vertex 5.84565 24.9649 40
    endloop
  endfacet
  facet normal 0.999047 -0.0436477 0
    outer loop
      vertex 3.8 23.9 43
      vertex 3.80495 24.0133 40
      vertex 3.80495 24.0133 43
    endloop
  endfacet
  facet normal 0.999047 -0.0436477 0
    outer loop
      vertex 3.80495 24.0133 40
      vertex 3.8 23.9 43
      vertex 3.8 23.9 40
    endloop
  endfacet
  facet normal 0.953676 -0.300836 0
    outer loop
      vertex 3.8443 24.2365 43
      vertex 3.8784 24.3446 40
      vertex 3.8784 24.3446 43
    endloop
  endfacet
  facet normal 0.953676 -0.300836 0
    outer loop
      vertex 3.8784 24.3446 40
      vertex 3.8443 24.2365 43
      vertex 3.8443 24.2365 40
    endloop
  endfacet
  facet normal 0.976322 -0.216324 0
    outer loop
      vertex 3.81975 24.1257 43
      vertex 3.8443 24.2365 40
      vertex 3.8443 24.2365 43
    endloop
  endfacet
  facet normal 0.976322 -0.216324 0
    outer loop
      vertex 3.8443 24.2365 40
      vertex 3.81975 24.1257 43
      vertex 3.81975 24.1257 40
    endloop
  endfacet
  facet normal 0.737213 -0.675661 0
    outer loop
      vertex 4.10414 24.7356 43
      vertex 4.18076 24.8192 40
      vertex 4.18076 24.8192 43
    endloop
  endfacet
  facet normal 0.737213 -0.675661 0
    outer loop
      vertex 4.18076 24.8192 40
      vertex 4.10414 24.7356 43
      vertex 4.10414 24.7356 40
    endloop
  endfacet
  facet normal 0.793436 -0.608654 0
    outer loop
      vertex 4.0351 24.6456 43
      vertex 4.10414 24.7356 40
      vertex 4.10414 24.7356 43
    endloop
  endfacet
  facet normal 0.793436 -0.608654 0
    outer loop
      vertex 4.10414 24.7356 40
      vertex 4.0351 24.6456 43
      vertex 4.0351 24.6456 40
    endloop
  endfacet
  facet normal 0.131367 -0.991334 0
    outer loop
      vertex 4.87426 25.1802 40
      vertex 4.9867 25.1951 43
      vertex 4.87426 25.1802 43
    endloop
  endfacet
  facet normal 0.131367 -0.991334 0
    outer loop
      vertex 4.9867 25.1951 43
      vertex 4.87426 25.1802 40
      vertex 4.9867 25.1951 40
    endloop
  endfacet
  facet normal 0.216034 -0.976386 0
    outer loop
      vertex 4.76353 25.1557 40
      vertex 4.87426 25.1802 43
      vertex 4.76353 25.1557 43
    endloop
  endfacet
  facet normal 0.216034 -0.976386 0
    outer loop
      vertex 4.87426 25.1802 43
      vertex 4.76353 25.1557 40
      vertex 4.87426 25.1802 40
    endloop
  endfacet
  facet normal 0.461963 -0.886899 0
    outer loop
      vertex 4.45 25.0258 40
      vertex 4.5506 25.0782 43
      vertex 4.45 25.0258 43
    endloop
  endfacet
  facet normal 0.461963 -0.886899 0
    outer loop
      vertex 4.5506 25.0782 43
      vertex 4.45 25.0258 40
      vertex 4.5506 25.0782 40
    endloop
  endfacet
  facet normal 0.537075 -0.843534 0
    outer loop
      vertex 4.35435 24.9649 40
      vertex 4.45 25.0258 43
      vertex 4.35435 24.9649 43
    endloop
  endfacet
  facet normal 0.537075 -0.843534 0
    outer loop
      vertex 4.45 25.0258 43
      vertex 4.35435 24.9649 40
      vertex 4.45 25.0258 40
    endloop
  endfacet
  facet normal 0.675956 -0.736942 0
    outer loop
      vertex 4.18076 24.8192 40
      vertex 4.26438 24.8959 43
      vertex 4.18076 24.8192 43
    endloop
  endfacet
  facet normal 0.675956 -0.736942 0
    outer loop
      vertex 4.26438 24.8959 43
      vertex 4.18076 24.8192 40
      vertex 4.26438 24.8959 40
    endloop
  endfacet
  facet normal -0.999047 -0.0436477 0
    outer loop
      vertex 6.4 23.9 40
      vertex 6.39505 24.0133 43
      vertex 6.39505 24.0133 40
    endloop
  endfacet
  facet normal -0.999047 -0.0436477 0
    outer loop
      vertex 6.39505 24.0133 43
      vertex 6.4 23.9 40
      vertex 6.4 23.9 43
    endloop
  endfacet
  facet normal 0.793436 0.608654 0
    outer loop
      vertex 4.10414 23.0644 43
      vertex 4.0351 23.1544 40
      vertex 4.0351 23.1544 43
    endloop
  endfacet
  facet normal 0.793436 0.608654 0
    outer loop
      vertex 4.0351 23.1544 40
      vertex 4.10414 23.0644 43
      vertex 4.10414 23.0644 40
    endloop
  endfacet
  facet normal 0.976322 0.216324 0
    outer loop
      vertex 3.8443 23.5635 43
      vertex 3.81975 23.6743 40
      vertex 3.81975 23.6743 43
    endloop
  endfacet
  facet normal 0.976322 0.216324 0
    outer loop
      vertex 3.81975 23.6743 40
      vertex 3.8443 23.5635 43
      vertex 3.8443 23.5635 40
    endloop
  endfacet
  facet normal -0.953676 -0.300836 0
    outer loop
      vertex 6.3557 24.2365 40
      vertex 6.3216 24.3446 43
      vertex 6.3216 24.3446 40
    endloop
  endfacet
  facet normal -0.953676 -0.300836 0
    outer loop
      vertex 6.3216 24.3446 43
      vertex 6.3557 24.2365 40
      vertex 6.3557 24.2365 43
    endloop
  endfacet
  facet normal -0.976322 -0.216324 0
    outer loop
      vertex 6.38025 24.1257 40
      vertex 6.3557 24.2365 43
      vertex 6.3557 24.2365 40
    endloop
  endfacet
  facet normal -0.976322 -0.216324 0
    outer loop
      vertex 6.3557 24.2365 43
      vertex 6.38025 24.1257 40
      vertex 6.38025 24.1257 43
    endloop
  endfacet
  facet normal -0.300659 -0.953732 0
    outer loop
      vertex 5.43646 25.1557 40
      vertex 5.54463 25.1216 43
      vertex 5.43646 25.1557 43
    endloop
  endfacet
  facet normal -0.300659 -0.953732 -0
    outer loop
      vertex 5.54463 25.1216 43
      vertex 5.43646 25.1557 40
      vertex 5.54463 25.1216 40
    endloop
  endfacet
  facet normal -0.461963 -0.886899 0
    outer loop
      vertex 5.6494 25.0782 40
      vertex 5.75 25.0258 43
      vertex 5.6494 25.0782 43
    endloop
  endfacet
  facet normal -0.461963 -0.886899 -0
    outer loop
      vertex 5.75 25.0258 43
      vertex 5.6494 25.0782 40
      vertex 5.75 25.0258 40
    endloop
  endfacet
  facet normal 0.991442 -0.130546 0
    outer loop
      vertex 3.80495 24.0133 43
      vertex 3.81975 24.1257 40
      vertex 3.81975 24.1257 43
    endloop
  endfacet
  facet normal 0.991442 -0.130546 0
    outer loop
      vertex 3.81975 24.1257 40
      vertex 3.80495 24.0133 43
      vertex 3.80495 24.0133 40
    endloop
  endfacet
  facet normal 0.923909 -0.382611 0
    outer loop
      vertex 3.8784 24.3446 43
      vertex 3.9218 24.4494 40
      vertex 3.9218 24.4494 43
    endloop
  endfacet
  facet normal 0.923909 -0.382611 0
    outer loop
      vertex 3.9218 24.4494 40
      vertex 3.8784 24.3446 43
      vertex 3.8784 24.3446 40
    endloop
  endfacet
  facet normal 0.843287 -0.537463 0
    outer loop
      vertex 3.97417 24.55 43
      vertex 4.0351 24.6456 40
      vertex 4.0351 24.6456 43
    endloop
  endfacet
  facet normal 0.843287 -0.537463 0
    outer loop
      vertex 4.0351 24.6456 40
      vertex 3.97417 24.55 43
      vertex 3.97417 24.55 40
    endloop
  endfacet
  facet normal 0.300684 -0.953724 0
    outer loop
      vertex 4.65537 25.1216 40
      vertex 4.76353 25.1557 43
      vertex 4.65537 25.1216 43
    endloop
  endfacet
  facet normal 0.300684 -0.953724 0
    outer loop
      vertex 4.76353 25.1557 43
      vertex 4.65537 25.1216 40
      vertex 4.76353 25.1557 40
    endloop
  endfacet
  facet normal -0.991442 0.130546 0
    outer loop
      vertex 6.38025 23.6743 40
      vertex 6.39505 23.7867 43
      vertex 6.39505 23.7867 40
    endloop
  endfacet
  facet normal -0.991442 0.130546 0
    outer loop
      vertex 6.39505 23.7867 43
      vertex 6.38025 23.6743 40
      vertex 6.38025 23.6743 43
    endloop
  endfacet
  facet normal -0.999047 0.0436477 0
    outer loop
      vertex 6.39505 23.7867 40
      vertex 6.4 23.9 43
      vertex 6.4 23.9 40
    endloop
  endfacet
  facet normal -0.999047 0.0436477 0
    outer loop
      vertex 6.4 23.9 43
      vertex 6.39505 23.7867 40
      vertex 6.39505 23.7867 43
    endloop
  endfacet
  facet normal -0.675956 0.736942 0
    outer loop
      vertex 6.01924 22.9808 39
      vertex 5.93562 22.9041 43
      vertex 6.01924 22.9808 43
    endloop
  endfacet
  facet normal -0.675956 0.736942 0
    outer loop
      vertex 5.93562 22.9041 43
      vertex 6.01924 22.9808 39
      vertex 5.93562 22.9041 39
    endloop
  endfacet
  facet normal -0.793436 0.608654 0
    outer loop
      vertex 6.09586 23.0644 40
      vertex 6.1649 23.1544 43
      vertex 6.1649 23.1544 40
    endloop
  endfacet
  facet normal -0.793436 0.608654 0
    outer loop
      vertex 6.1649 23.1544 43
      vertex 6.09586 23.0644 40
      vertex 6.09586 23.0644 43
    endloop
  endfacet
  facet normal 0.999047 0.0436477 0
    outer loop
      vertex 3.80495 23.7867 43
      vertex 3.8 23.9 40
      vertex 3.8 23.9 43
    endloop
  endfacet
  facet normal 0.999047 0.0436477 0
    outer loop
      vertex 3.8 23.9 40
      vertex 3.80495 23.7867 43
      vertex 3.80495 23.7867 40
    endloop
  endfacet
  facet normal 0.953676 0.300836 0
    outer loop
      vertex 3.8784 23.4554 43
      vertex 3.8443 23.5635 40
      vertex 3.8443 23.5635 43
    endloop
  endfacet
  facet normal 0.953676 0.300836 0
    outer loop
      vertex 3.8443 23.5635 40
      vertex 3.8784 23.4554 43
      vertex 3.8784 23.4554 40
    endloop
  endfacet
  facet normal -0.1305 0.991448 0
    outer loop
      vertex 5.32574 22.6197 39
      vertex 5.2133 22.6049 43
      vertex 5.32574 22.6197 43
    endloop
  endfacet
  facet normal -0.1305 0.991448 0
    outer loop
      vertex 5.2133 22.6049 43
      vertex 5.32574 22.6197 39
      vertex 5.2133 22.6049 39
    endloop
  endfacet
  facet normal -0.300659 0.953732 0
    outer loop
      vertex 5.54463 22.6784 39
      vertex 5.43646 22.6443 43
      vertex 5.54463 22.6784 43
    endloop
  endfacet
  facet normal -0.300659 0.953732 0
    outer loop
      vertex 5.43646 22.6443 43
      vertex 5.54463 22.6784 39
      vertex 5.43646 22.6443 39
    endloop
  endfacet
  facet normal -0.216893 0.976195 0
    outer loop
      vertex 5.43646 22.6443 39
      vertex 5.32574 22.6197 43
      vertex 5.43646 22.6443 43
    endloop
  endfacet
  facet normal -0.216893 0.976195 0
    outer loop
      vertex 5.32574 22.6197 43
      vertex 5.43646 22.6443 39
      vertex 5.32574 22.6197 39
    endloop
  endfacet
  facet normal -0.382705 0.923871 0
    outer loop
      vertex 5.6494 22.7218 39
      vertex 5.54463 22.6784 43
      vertex 5.6494 22.7218 43
    endloop
  endfacet
  facet normal -0.382705 0.923871 0
    outer loop
      vertex 5.54463 22.6784 43
      vertex 5.6494 22.7218 39
      vertex 5.54463 22.6784 39
    endloop
  endfacet
  facet normal -0.887007 -0.461755 0
    outer loop
      vertex 6.2782 24.4494 40
      vertex 6.22583 24.55 43
      vertex 6.22583 24.55 40
    endloop
  endfacet
  facet normal -0.887007 -0.461755 0
    outer loop
      vertex 6.22583 24.55 43
      vertex 6.2782 24.4494 40
      vertex 6.2782 24.4494 43
    endloop
  endfacet
  facet normal -0.923909 -0.382611 0
    outer loop
      vertex 6.3216 24.3446 40
      vertex 6.2782 24.4494 43
      vertex 6.2782 24.4494 40
    endloop
  endfacet
  facet normal -0.923909 -0.382611 0
    outer loop
      vertex 6.2782 24.4494 43
      vertex 6.3216 24.3446 40
      vertex 6.3216 24.3446 43
    endloop
  endfacet
  facet normal -0.382705 -0.923871 0
    outer loop
      vertex 5.54463 25.1216 40
      vertex 5.6494 25.0782 43
      vertex 5.54463 25.1216 43
    endloop
  endfacet
  facet normal -0.382705 -0.923871 -0
    outer loop
      vertex 5.6494 25.0782 43
      vertex 5.54463 25.1216 40
      vertex 5.6494 25.0782 40
    endloop
  endfacet
  facet normal 0.887007 -0.461755 0
    outer loop
      vertex 3.9218 24.4494 43
      vertex 3.97417 24.55 40
      vertex 3.97417 24.55 43
    endloop
  endfacet
  facet normal 0.887007 -0.461755 0
    outer loop
      vertex 3.97417 24.55 40
      vertex 3.9218 24.4494 43
      vertex 3.9218 24.4494 40
    endloop
  endfacet
  facet normal -0.537075 0.843534 0
    outer loop
      vertex 5.84565 22.8351 39
      vertex 5.75 22.7742 43
      vertex 5.84565 22.8351 43
    endloop
  endfacet
  facet normal -0.537075 0.843534 0
    outer loop
      vertex 5.75 22.7742 43
      vertex 5.84565 22.8351 39
      vertex 5.75 22.7742 39
    endloop
  endfacet
  facet normal -0.843287 0.537463 0
    outer loop
      vertex 6.1649 23.1544 40
      vertex 6.22583 23.25 43
      vertex 6.22583 23.25 40
    endloop
  endfacet
  facet normal -0.843287 0.537463 0
    outer loop
      vertex 6.22583 23.25 43
      vertex 6.1649 23.1544 40
      vertex 6.1649 23.1544 43
    endloop
  endfacet
  facet normal 0.675956 0.736942 -0
    outer loop
      vertex 4.26438 22.9041 40
      vertex 4.18076 22.9808 43
      vertex 4.26438 22.9041 43
    endloop
  endfacet
  facet normal 0.675956 0.736942 0
    outer loop
      vertex 4.18076 22.9808 43
      vertex 4.26438 22.9041 40
      vertex 4.18076 22.9808 40
    endloop
  endfacet
  facet normal 0.0432076 0.999066 2.50428e-05
    outer loop
      vertex 5.1 22.6 43
      vertex 5 22.6044 40
      vertex 4.9867 22.6049 43
    endloop
  endfacet
  facet normal 0.0439575 0.999033 -0
    outer loop
      vertex 5.1 22.6 39
      vertex 5 22.6044 40
      vertex 5.1 22.6 43
    endloop
  endfacet
  facet normal 0.0439575 0.999033 0
    outer loop
      vertex 5 22.6044 40
      vertex 5.1 22.6 39
      vertex 5 22.6044 39
    endloop
  endfacet
  facet normal 0.0375674 0.999294 0
    outer loop
      vertex 4.9867 22.6049 43
      vertex 5 22.6044 40
      vertex 4.9867 22.6049 40
    endloop
  endfacet
  facet normal 0.300684 0.953724 -0
    outer loop
      vertex 4.76353 22.6443 40
      vertex 4.65537 22.6784 43
      vertex 4.76353 22.6443 43
    endloop
  endfacet
  facet normal 0.300684 0.953724 0
    outer loop
      vertex 4.65537 22.6784 43
      vertex 4.76353 22.6443 40
      vertex 4.65537 22.6784 40
    endloop
  endfacet
  facet normal 0.537075 0.843534 -0
    outer loop
      vertex 4.45 22.7742 40
      vertex 4.35435 22.8351 43
      vertex 4.45 22.7742 43
    endloop
  endfacet
  facet normal 0.537075 0.843534 0
    outer loop
      vertex 4.35435 22.8351 43
      vertex 4.45 22.7742 40
      vertex 4.35435 22.8351 40
    endloop
  endfacet
  facet normal 0.461963 0.886899 -0
    outer loop
      vertex 4.5506 22.7218 40
      vertex 4.45 22.7742 43
      vertex 4.5506 22.7218 43
    endloop
  endfacet
  facet normal 0.461963 0.886899 0
    outer loop
      vertex 4.45 22.7742 43
      vertex 4.5506 22.7218 40
      vertex 4.45 22.7742 40
    endloop
  endfacet
  facet normal -0 0 1
    outer loop
      vertex 5 23 39
      vertex 6.01924 22.9808 39
      vertex 6.03687 23 39
    endloop
  endfacet
  facet normal 0 0 1
    outer loop
      vertex 6.01924 22.9808 39
      vertex 5 23 39
      vertex 5.93562 22.9041 39
    endloop
  endfacet
  facet normal 0 0 1
    outer loop
      vertex 5.93562 22.9041 39
      vertex 5 23 39
      vertex 5.84565 22.8351 39
    endloop
  endfacet
  facet normal 0 0 1
    outer loop
      vertex 5.84565 22.8351 39
      vertex 5 23 39
      vertex 5.75 22.7742 39
    endloop
  endfacet
  facet normal 0 0 1
    outer loop
      vertex 5.75 22.7742 39
      vertex 5 23 39
      vertex 5.6494 22.7218 39
    endloop
  endfacet
  facet normal 0 0 1
    outer loop
      vertex 5.6494 22.7218 39
      vertex 5 23 39
      vertex 5.54463 22.6784 39
    endloop
  endfacet
  facet normal 0 0 1
    outer loop
      vertex 5.54463 22.6784 39
      vertex 5 23 39
      vertex 5.43646 22.6443 39
    endloop
  endfacet
  facet normal 0 0 1
    outer loop
      vertex 5.43646 22.6443 39
      vertex 5 23 39
      vertex 5.32574 22.6197 39
    endloop
  endfacet
  facet normal 0 0 1
    outer loop
      vertex 5.32574 22.6197 39
      vertex 5 23 39
      vertex 5.2133 22.6049 39
    endloop
  endfacet
  facet normal 0 0 1
    outer loop
      vertex 5.2133 22.6049 39
      vertex 5 23 39
      vertex 5.1 22.6 39
    endloop
  endfacet
  facet normal 0 0 1
    outer loop
      vertex 5.1 22.6 39
      vertex 5 23 39
      vertex 5 22.6044 39
    endloop
  endfacet
  facet normal 0.991442 0.130546 0
    outer loop
      vertex 3.81975 23.6743 43
      vertex 3.80495 23.7867 40
      vertex 3.80495 23.7867 43
    endloop
  endfacet
  facet normal 0.991442 0.130546 0
    outer loop
      vertex 3.80495 23.7867 40
      vertex 3.81975 23.6743 43
      vertex 3.81975 23.6743 40
    endloop
  endfacet
  facet normal 0.737213 0.675661 0
    outer loop
      vertex 4.18076 22.9808 43
      vertex 4.10414 23.0644 40
      vertex 4.10414 23.0644 43
    endloop
  endfacet
  facet normal 0.737213 0.675661 0
    outer loop
      vertex 4.10414 23.0644 40
      vertex 4.18076 22.9808 43
      vertex 4.18076 22.9808 40
    endloop
  endfacet
  facet normal 0.887007 0.461755 0
    outer loop
      vertex 3.97417 23.25 43
      vertex 3.9218 23.3506 40
      vertex 3.9218 23.3506 43
    endloop
  endfacet
  facet normal 0.887007 0.461755 0
    outer loop
      vertex 3.9218 23.3506 40
      vertex 3.97417 23.25 43
      vertex 3.97417 23.25 40
    endloop
  endfacet
  facet normal 0.923909 0.382611 0
    outer loop
      vertex 3.9218 23.3506 43
      vertex 3.8784 23.4554 40
      vertex 3.8784 23.4554 43
    endloop
  endfacet
  facet normal 0.923909 0.382611 0
    outer loop
      vertex 3.8784 23.4554 40
      vertex 3.9218 23.3506 43
      vertex 3.9218 23.3506 40
    endloop
  endfacet
  facet normal 0.843287 0.537463 0
    outer loop
      vertex 4.0351 23.1544 43
      vertex 3.97417 23.25 40
      vertex 3.97417 23.25 43
    endloop
  endfacet
  facet normal 0.843287 0.537463 0
    outer loop
      vertex 3.97417 23.25 40
      vertex 4.0351 23.1544 43
      vertex 4.0351 23.1544 40
    endloop
  endfacet
  facet normal -0.461963 0.886899 0
    outer loop
      vertex 5.75 22.7742 39
      vertex 5.6494 22.7218 43
      vertex 5.75 22.7742 43
    endloop
  endfacet
  facet normal -0.461963 0.886899 0
    outer loop
      vertex 5.6494 22.7218 43
      vertex 5.75 22.7742 39
      vertex 5.6494 22.7218 39
    endloop
  endfacet
  facet normal -0.923909 0.382611 0
    outer loop
      vertex 6.2782 23.3506 40
      vertex 6.3216 23.4554 43
      vertex 6.3216 23.4554 40
    endloop
  endfacet
  facet normal -0.923909 0.382611 0
    outer loop
      vertex 6.3216 23.4554 43
      vertex 6.2782 23.3506 40
      vertex 6.2782 23.3506 43
    endloop
  endfacet
  facet normal -0.887007 0.461755 0
    outer loop
      vertex 6.22583 23.25 40
      vertex 6.2782 23.3506 43
      vertex 6.2782 23.3506 40
    endloop
  endfacet
  facet normal -0.887007 0.461755 0
    outer loop
      vertex 6.2782 23.3506 43
      vertex 6.22583 23.25 40
      vertex 6.22583 23.25 43
    endloop
  endfacet
  facet normal -0.608559 0.793508 0
    outer loop
      vertex 5.93562 22.9041 39
      vertex 5.84565 22.8351 43
      vertex 5.93562 22.9041 43
    endloop
  endfacet
  facet normal -0.608559 0.793508 0
    outer loop
      vertex 5.84565 22.8351 43
      vertex 5.93562 22.9041 39
      vertex 5.84565 22.8351 39
    endloop
  endfacet
  facet normal -0.736581 0.67635 0
    outer loop
      vertex 6.03687 23 39
      vertex 6.01924 22.9808 39
      vertex 6.03687 23 40
    endloop
  endfacet
  facet normal -0.737401 0.675455 0
    outer loop
      vertex 6.03687 23 40
      vertex 6.09586 23.0644 43
      vertex 6.09586 23.0644 40
    endloop
  endfacet
  facet normal -0.737213 0.675661 -8.12462e-06
    outer loop
      vertex 6.03687 23 40
      vertex 6.01924 22.9808 43
      vertex 6.09586 23.0644 43
    endloop
  endfacet
  facet normal -0.736581 0.67635 0
    outer loop
      vertex 6.01924 22.9808 43
      vertex 6.03687 23 40
      vertex 6.01924 22.9808 39
    endloop
  endfacet
  facet normal -0.0432076 0.999066 0
    outer loop
      vertex 5.2133 22.6049 39
      vertex 5.1 22.6 43
      vertex 5.2133 22.6049 43
    endloop
  endfacet
  facet normal -0.0432076 0.999066 0
    outer loop
      vertex 5.1 22.6 43
      vertex 5.2133 22.6049 39
      vertex 5.1 22.6 39
    endloop
  endfacet
  facet normal 0.216874 0.9762 -0
    outer loop
      vertex 4.87426 22.6197 40
      vertex 4.76353 22.6443 43
      vertex 4.87426 22.6197 43
    endloop
  endfacet
  facet normal 0.216874 0.9762 0
    outer loop
      vertex 4.76353 22.6443 43
      vertex 4.87426 22.6197 40
      vertex 4.76353 22.6443 40
    endloop
  endfacet
  facet normal 0.608559 0.793508 -0
    outer loop
      vertex 4.35435 22.8351 40
      vertex 4.26438 22.9041 43
      vertex 4.35435 22.8351 43
    endloop
  endfacet
  facet normal 0.608559 0.793508 0
    outer loop
      vertex 4.26438 22.9041 43
      vertex 4.35435 22.8351 40
      vertex 4.26438 22.9041 40
    endloop
  endfacet
  facet normal 0.382705 0.923871 -0
    outer loop
      vertex 4.65537 22.6784 40
      vertex 4.5506 22.7218 43
      vertex 4.65537 22.6784 43
    endloop
  endfacet
  facet normal 0.382705 0.923871 0
    outer loop
      vertex 4.5506 22.7218 43
      vertex 4.65537 22.6784 40
      vertex 4.5506 22.7218 40
    endloop
  endfacet
  facet normal 1 -0 0
    outer loop
      vertex -10.8 -21.05 39.5
      vertex -10.8 21.05 2
      vertex -10.8 21.05 39.5
    endloop
  endfacet
  facet normal 1 0 0
    outer loop
      vertex -10.8 21.05 2
      vertex -10.8 -21.05 39.5
      vertex -10.8 -21.05 2
    endloop
  endfacet
  facet normal -1 0 0
    outer loop
      vertex 10.8 -21.05 2
      vertex 10.8 21.05 39.5
      vertex 10.8 21.05 2
    endloop
  endfacet
  facet normal -1 -0 0
    outer loop
      vertex 10.8 21.05 39.5
      vertex 10.8 -21.05 2
      vertex 10.8 -21.05 39.5
    endloop
  endfacet
  facet normal 0 -1 0
    outer loop
      vertex -10.8 21.05 39.5
      vertex -5 21.05 4
      vertex -5 21.05 39.5
    endloop
  endfacet
  facet normal 0 -1 -0
    outer loop
      vertex -5 21.05 4
      vertex -10.8 21.05 2
      vertex 5 21.05 4
    endloop
  endfacet
  facet normal 0 -1 0
    outer loop
      vertex -10.8 21.05 2
      vertex -5 21.05 4
      vertex -10.8 21.05 39.5
    endloop
  endfacet
  facet normal 0 -1 0
    outer loop
      vertex 5 21.05 4
      vertex 10.8 21.05 39.5
      vertex 5 21.05 39.5
    endloop
  endfacet
  facet normal 0 -1 0
    outer loop
      vertex 5 21.05 4
      vertex 10.8 21.05 2
      vertex 10.8 21.05 39.5
    endloop
  endfacet
  facet normal 0 -1 0
    outer loop
      vertex 10.8 21.05 2
      vertex 5 21.05 4
      vertex -10.8 21.05 2
    endloop
  endfacet
  facet normal -0 0 1
    outer loop
      vertex -10.8 21.05 2
      vertex 10.8 -21.05 2
      vertex 10.8 21.05 2
    endloop
  endfacet
  facet normal 0 0 1
    outer loop
      vertex 10.8 -21.05 2
      vertex -10.8 21.05 2
      vertex -10.8 -21.05 2
    endloop
  endfacet
  facet normal 0 1 -0
    outer loop
      vertex 10.8 -21.05 2
      vertex -10.8 -21.05 39.5
      vertex 10.8 -21.05 39.5
    endloop
  endfacet
  facet normal 0 1 0
    outer loop
      vertex -10.8 -21.05 39.5
      vertex 10.8 -21.05 2
      vertex -10.8 -21.05 2
    endloop
  endfacet
  facet normal 1 -0 0
    outer loop
      vertex -11 -21.5 43
      vertex -11 21.5 39.5
      vertex -11 21.5 43
    endloop
  endfacet
  facet normal 1 0 0
    outer loop
      vertex -11 21.5 39.5
      vertex -11 -21.5 43
      vertex -11 -21.5 39.5
    endloop
  endfacet
  facet normal -1 0 0
    outer loop
      vertex 11 -21.5 39.5
      vertex 11 21.5 43
      vertex 11 21.5 39.5
    endloop
  endfacet
  facet normal -1 -0 0
    outer loop
      vertex 11 21.5 43
      vertex 11 -21.5 39.5
      vertex 11 -21.5 43
    endloop
  endfacet
  facet normal 0 -1 0
    outer loop
      vertex -11 21.5 43
      vertex -5 21.5 40
      vertex 11 21.5 43
    endloop
  endfacet
  facet normal 0 -1 0
    outer loop
      vertex -11 21.5 39.5
      vertex -5 21.5 40
      vertex -11 21.5 43
    endloop
  endfacet
  facet normal 0 -1 -0
    outer loop
      vertex -5 21.5 40
      vertex -11 21.5 39.5
      vertex -5 21.5 39.5
    endloop
  endfacet
  facet normal 0 -1 0
    outer loop
      vertex 5 21.5 40
      vertex 11 21.5 43
      vertex -5 21.5 40
    endloop
  endfacet
  facet normal 0 -1 0
    outer loop
      vertex 11 21.5 39.5
      vertex 5 21.5 40
      vertex 5 21.5 39.5
    endloop
  endfacet
  facet normal 0 -1 0
    outer loop
      vertex 5 21.5 40
      vertex 11 21.5 39.5
      vertex 11 21.5 43
    endloop
  endfacet
  facet normal 0 0 1
    outer loop
      vertex -5 21.5 39.5
      vertex -10.8 21.05 39.5
      vertex -5 21.05 39.5
    endloop
  endfacet
  facet normal 0 0 1
    outer loop
      vertex -10.8 21.05 39.5
      vertex -11 21.5 39.5
      vertex -10.8 -21.05 39.5
    endloop
  endfacet
  facet normal -0 0 1
    outer loop
      vertex -11 21.5 39.5
      vertex -10.8 21.05 39.5
      vertex -5 21.5 39.5
    endloop
  endfacet
  facet normal 0 0 1
    outer loop
      vertex 11 21.5 39.5
      vertex 10.8 21.05 39.5
      vertex 11 -21.5 39.5
    endloop
  endfacet
  facet normal -0 0 1
    outer loop
      vertex 5 21.5 39.5
      vertex 10.8 21.05 39.5
      vertex 11 21.5 39.5
    endloop
  endfacet
  facet normal 0 0 1
    outer loop
      vertex 10.8 21.05 39.5
      vertex 5 21.5 39.5
      vertex 5 21.05 39.5
    endloop
  endfacet
  facet normal -0 0 1
    outer loop
      vertex 10.8 -21.05 39.5
      vertex 11 -21.5 39.5
      vertex 10.8 21.05 39.5
    endloop
  endfacet
  facet normal -0 0 1
    outer loop
      vertex -10.8 -21.05 39.5
      vertex 11 -21.5 39.5
      vertex 10.8 -21.05 39.5
    endloop
  endfacet
  facet normal 0 0 1
    outer loop
      vertex -10.8 -21.05 39.5
      vertex -11 -21.5 39.5
      vertex 11 -21.5 39.5
    endloop
  endfacet
  facet normal 0 0 1
    outer loop
      vertex -11 -21.5 39.5
      vertex -10.8 -21.05 39.5
      vertex -11 21.5 39.5
    endloop
  endfacet
  facet normal 0 1 -0
    outer loop
      vertex 11 -21.5 39.5
      vertex -11 -21.5 43
      vertex 11 -21.5 43
    endloop
  endfacet
  facet normal 0 1 0
    outer loop
      vertex -11 -21.5 43
      vertex 11 -21.5 39.5
      vertex -11 -21.5 39.5
    endloop
  endfacet
  facet normal 1 0 0
    outer loop
      vertex -5 21.5 39.5
      vertex -5 22.6044 40
      vertex -5 21.5 40
    endloop
  endfacet
  facet normal 1 -0 0
    outer loop
      vertex -5 22.6044 39
      vertex -5 23 4
      vertex -5 23 39
    endloop
  endfacet
  facet normal 1 0 0
    outer loop
      vertex -5 22.6044 40
      vertex -5 21.5 39.5
      vertex -5 22.6044 39
    endloop
  endfacet
  facet normal 1 -0 0
    outer loop
      vertex -5 21.05 39.5
      vertex -5 22.6044 39
      vertex -5 21.5 39.5
    endloop
  endfacet
  facet normal 1 0 0
    outer loop
      vertex -5 22.6044 39
      vertex -5 21.05 39.5
      vertex -5 21.05 4
    endloop
  endfacet
  facet normal 1 0 0
    outer loop
      vertex -5 22.6044 39
      vertex -5 21.05 4
      vertex -5 23 4
    endloop
  endfacet
  facet normal -1 0 0
    outer loop
      vertex 5 23 4
      vertex 5 22.6044 39
      vertex 5 23 39
    endloop
  endfacet
  facet normal -1 0 0
    outer loop
      vertex 5 22.6044 39
      vertex 5 21.5 39.5
      vertex 5 22.6044 40
    endloop
  endfacet
  facet normal -1 0 0
    outer loop
      vertex 5 21.05 4
      vertex 5 22.6044 39
      vertex 5 23 4
    endloop
  endfacet
  facet normal -1 0 0
    outer loop
      vertex 5 21.05 39.5
      vertex 5 22.6044 39
      vertex 5 21.05 4
    endloop
  endfacet
  facet normal -1 0 0
    outer loop
      vertex 5 22.6044 39
      vertex 5 21.05 39.5
      vertex 5 21.5 39.5
    endloop
  endfacet
  facet normal -1 -0 0
    outer loop
      vertex 5 22.6044 40
      vertex 5 21.5 39.5
      vertex 5 21.5 40
    endloop
  endfacet
  facet normal -0 0 1
    outer loop
      vertex -5 23 4
      vertex 5 21.05 4
      vertex 5 23 4
    endloop
  endfacet
  facet normal 0 0 1
    outer loop
      vertex 5 21.05 4
      vertex -5 23 4
      vertex -5 21.05 4
    endloop
  endfacet
endsolid OpenSCAD_Model
