solid OpenSCAD_Model
  facet normal -0.998794 -0.0490967 0
    outer loop
      vertex -7.4 -8.5 0
      vertex -7.4053 -8.39218 6
      vertex -7.4053 -8.39218 0
    endloop
  endfacet
  facet normal -0.998794 -0.0490967 0
    outer loop
      vertex -7.4053 -8.39218 6
      vertex -7.4 -8.5 0
      vertex -7.4 -8.5 6
    endloop
  endfacet
  facet normal 0.998794 -0.0490967 0
    outer loop
      vertex -9.6 -8.5 6
      vertex -9.5947 -8.39218 0
      vertex -9.5947 -8.39218 6
    endloop
  endfacet
  facet normal 0.998794 -0.0490967 0
    outer loop
      vertex -9.5947 -8.39218 0
      vertex -9.6 -8.5 6
      vertex -9.6 -8.5 0
    endloop
  endfacet
  facet normal 0.0490967 -0.998794 0
    outer loop
      vertex -8.60782 -7.4053 0
      vertex -8.5 -7.4 6
      vertex -8.60782 -7.4053 6
    endloop
  endfacet
  facet normal 0.0490967 -0.998794 0
    outer loop
      vertex -8.5 -7.4 6
      vertex -8.60782 -7.4053 0
      vertex -8.5 -7.4 0
    endloop
  endfacet
  facet normal -0.0490967 0.998794 0
    outer loop
      vertex -8.39218 -9.5947 0
      vertex -8.5 -9.6 6
      vertex -8.39218 -9.5947 6
    endloop
  endfacet
  facet normal -0.0490967 0.998794 0
    outer loop
      vertex -8.5 -9.6 6
      vertex -8.39218 -9.5947 0
      vertex -8.5 -9.6 0
    endloop
  endfacet
  facet normal -0.671515 -0.740991 0
    outer loop
      vertex -7.80217 -7.64969 0
      vertex -7.72218 -7.72218 6
      vertex -7.80217 -7.64969 6
    endloop
  endfacet
  facet normal -0.671515 -0.740991 -0
    outer loop
      vertex -7.72218 -7.72218 6
      vertex -7.80217 -7.64969 0
      vertex -7.72218 -7.72218 0
    endloop
  endfacet
  facet normal 0.740991 -0.671515 0
    outer loop
      vertex -9.35031 -7.80217 6
      vertex -9.27782 -7.72218 0
      vertex -9.27782 -7.72218 6
    endloop
  endfacet
  facet normal 0.740991 -0.671515 0
    outer loop
      vertex -9.27782 -7.72218 0
      vertex -9.35031 -7.80217 6
      vertex -9.35031 -7.80217 0
    endloop
  endfacet
  facet normal 0.427581 -0.903977 0
    outer loop
      vertex -9.01854 -7.52989 0
      vertex -8.92095 -7.48373 6
      vertex -9.01854 -7.52989 6
    endloop
  endfacet
  facet normal 0.427581 -0.903977 0
    outer loop
      vertex -8.92095 -7.48373 6
      vertex -9.01854 -7.52989 0
      vertex -8.92095 -7.48373 0
    endloop
  endfacet
  facet normal -0.903977 -0.427581 0
    outer loop
      vertex -7.48373 -8.07905 0
      vertex -7.52989 -7.98146 6
      vertex -7.52989 -7.98146 0
    endloop
  endfacet
  facet normal -0.903977 -0.427581 0
    outer loop
      vertex -7.52989 -7.98146 6
      vertex -7.48373 -8.07905 0
      vertex -7.48373 -8.07905 6
    endloop
  endfacet
  facet normal -0.336911 -0.941536 0
    outer loop
      vertex -8.18069 -7.44736 0
      vertex -8.07905 -7.48373 6
      vertex -8.18069 -7.44736 6
    endloop
  endfacet
  facet normal -0.336911 -0.941536 -0
    outer loop
      vertex -8.07905 -7.48373 6
      vertex -8.18069 -7.44736 0
      vertex -8.07905 -7.48373 0
    endloop
  endfacet
  facet normal -0.51406 -0.857754 0
    outer loop
      vertex -7.98146 -7.52989 0
      vertex -7.88887 -7.58538 6
      vertex -7.98146 -7.52989 6
    endloop
  endfacet
  facet normal -0.51406 -0.857754 -0
    outer loop
      vertex -7.88887 -7.58538 6
      vertex -7.98146 -7.52989 0
      vertex -7.88887 -7.58538 0
    endloop
  endfacet
  facet normal 0.941566 -0.336829 0
    outer loop
      vertex -9.55263 -8.18069 6
      vertex -9.51627 -8.07905 0
      vertex -9.51627 -8.07905 6
    endloop
  endfacet
  facet normal 0.941566 -0.336829 0
    outer loop
      vertex -9.51627 -8.07905 0
      vertex -9.55263 -8.18069 6
      vertex -9.55263 -8.18069 0
    endloop
  endfacet
  facet normal 0.242906 -0.97005 0
    outer loop
      vertex -8.81931 -7.44736 0
      vertex -8.7146 -7.42114 6
      vertex -8.81931 -7.44736 6
    endloop
  endfacet
  facet normal 0.242906 -0.97005 0
    outer loop
      vertex -8.7146 -7.42114 6
      vertex -8.81931 -7.44736 0
      vertex -8.7146 -7.42114 0
    endloop
  endfacet
  facet normal -0.336829 0.941566 0
    outer loop
      vertex -8.07905 -9.51627 0
      vertex -8.18069 -9.55263 6
      vertex -8.07905 -9.51627 6
    endloop
  endfacet
  facet normal -0.336829 0.941566 0
    outer loop
      vertex -8.18069 -9.55263 6
      vertex -8.07905 -9.51627 0
      vertex -8.18069 -9.55263 0
    endloop
  endfacet
  facet normal -0.97005 -0.242906 0
    outer loop
      vertex -7.42114 -8.2854 0
      vertex -7.44736 -8.18069 6
      vertex -7.44736 -8.18069 0
    endloop
  endfacet
  facet normal -0.97005 -0.242906 0
    outer loop
      vertex -7.44736 -8.18069 6
      vertex -7.42114 -8.2854 0
      vertex -7.42114 -8.2854 6
    endloop
  endfacet
  facet normal -0.989176 -0.146737 0
    outer loop
      vertex -7.4053 -8.39218 0
      vertex -7.42114 -8.2854 6
      vertex -7.42114 -8.2854 0
    endloop
  endfacet
  facet normal -0.989176 -0.146737 0
    outer loop
      vertex -7.42114 -8.2854 6
      vertex -7.4053 -8.39218 0
      vertex -7.4053 -8.39218 6
    endloop
  endfacet
  facet normal -0.941536 -0.336911 0
    outer loop
      vertex -7.44736 -8.18069 0
      vertex -7.48373 -8.07905 6
      vertex -7.48373 -8.07905 0
    endloop
  endfacet
  facet normal -0.941536 -0.336911 0
    outer loop
      vertex -7.48373 -8.07905 6
      vertex -7.44736 -8.18069 0
      vertex -7.44736 -8.18069 6
    endloop
  endfacet
  facet normal -0.803168 -0.595752 0
    outer loop
      vertex -7.58538 -7.88887 0
      vertex -7.64969 -7.80217 6
      vertex -7.64969 -7.80217 0
    endloop
  endfacet
  facet normal -0.803168 -0.595752 0
    outer loop
      vertex -7.64969 -7.80217 6
      vertex -7.58538 -7.88887 0
      vertex -7.58538 -7.88887 6
    endloop
  endfacet
  facet normal -0.740991 -0.671515 0
    outer loop
      vertex -7.64969 -7.80217 0
      vertex -7.72218 -7.72218 6
      vertex -7.72218 -7.72218 0
    endloop
  endfacet
  facet normal -0.740991 -0.671515 0
    outer loop
      vertex -7.72218 -7.72218 6
      vertex -7.64969 -7.80217 0
      vertex -7.64969 -7.80217 6
    endloop
  endfacet
  facet normal -0.857754 -0.51406 0
    outer loop
      vertex -7.52989 -7.98146 0
      vertex -7.58538 -7.88887 6
      vertex -7.58538 -7.88887 0
    endloop
  endfacet
  facet normal -0.857754 -0.51406 0
    outer loop
      vertex -7.58538 -7.88887 6
      vertex -7.52989 -7.98146 0
      vertex -7.52989 -7.98146 6
    endloop
  endfacet
  facet normal -0.146737 -0.989176 0
    outer loop
      vertex -8.39218 -7.4053 0
      vertex -8.2854 -7.42114 6
      vertex -8.39218 -7.4053 6
    endloop
  endfacet
  facet normal -0.146737 -0.989176 -0
    outer loop
      vertex -8.2854 -7.42114 6
      vertex -8.39218 -7.4053 0
      vertex -8.2854 -7.42114 0
    endloop
  endfacet
  facet normal -0.242906 -0.97005 0
    outer loop
      vertex -8.2854 -7.42114 0
      vertex -8.18069 -7.44736 6
      vertex -8.2854 -7.42114 6
    endloop
  endfacet
  facet normal -0.242906 -0.97005 -0
    outer loop
      vertex -8.18069 -7.44736 6
      vertex -8.2854 -7.42114 0
      vertex -8.18069 -7.44736 0
    endloop
  endfacet
  facet normal -0.0490967 -0.998794 0
    outer loop
      vertex -8.5 -7.4 0
      vertex -8.39218 -7.4053 6
      vertex -8.5 -7.4 6
    endloop
  endfacet
  facet normal -0.0490967 -0.998794 -0
    outer loop
      vertex -8.39218 -7.4053 6
      vertex -8.5 -7.4 0
      vertex -8.39218 -7.4053 0
    endloop
  endfacet
  facet normal -0.427581 -0.903977 0
    outer loop
      vertex -8.07905 -7.48373 0
      vertex -7.98146 -7.52989 6
      vertex -8.07905 -7.48373 6
    endloop
  endfacet
  facet normal -0.427581 -0.903977 -0
    outer loop
      vertex -7.98146 -7.52989 6
      vertex -8.07905 -7.48373 0
      vertex -7.98146 -7.52989 0
    endloop
  endfacet
  facet normal -0.595752 -0.803168 0
    outer loop
      vertex -7.88887 -7.58538 0
      vertex -7.80217 -7.64969 6
      vertex -7.88887 -7.58538 6
    endloop
  endfacet
  facet normal -0.595752 -0.803168 -0
    outer loop
      vertex -7.80217 -7.64969 6
      vertex -7.88887 -7.58538 0
      vertex -7.80217 -7.64969 0
    endloop
  endfacet
  facet normal 0.857754 -0.51406 0
    outer loop
      vertex -9.47011 -7.98146 6
      vertex -9.41462 -7.88887 0
      vertex -9.41462 -7.88887 6
    endloop
  endfacet
  facet normal 0.857754 -0.51406 0
    outer loop
      vertex -9.41462 -7.88887 0
      vertex -9.47011 -7.98146 6
      vertex -9.47011 -7.98146 0
    endloop
  endfacet
  facet normal 0.803168 -0.595752 0
    outer loop
      vertex -9.41462 -7.88887 6
      vertex -9.35031 -7.80217 0
      vertex -9.35031 -7.80217 6
    endloop
  endfacet
  facet normal 0.803168 -0.595752 0
    outer loop
      vertex -9.35031 -7.80217 0
      vertex -9.41462 -7.88887 6
      vertex -9.41462 -7.88887 0
    endloop
  endfacet
  facet normal 0.903977 -0.427581 0
    outer loop
      vertex -9.51627 -8.07905 6
      vertex -9.47011 -7.98146 0
      vertex -9.47011 -7.98146 6
    endloop
  endfacet
  facet normal 0.903977 -0.427581 0
    outer loop
      vertex -9.47011 -7.98146 0
      vertex -9.51627 -8.07905 6
      vertex -9.51627 -8.07905 0
    endloop
  endfacet
  facet normal 0.970028 -0.242993 0
    outer loop
      vertex -9.57886 -8.2854 6
      vertex -9.55263 -8.18069 0
      vertex -9.55263 -8.18069 6
    endloop
  endfacet
  facet normal 0.970028 -0.242993 0
    outer loop
      vertex -9.55263 -8.18069 0
      vertex -9.57886 -8.2854 6
      vertex -9.57886 -8.2854 0
    endloop
  endfacet
  facet normal 0.989176 -0.146737 0
    outer loop
      vertex -9.5947 -8.39218 6
      vertex -9.57886 -8.2854 0
      vertex -9.57886 -8.2854 6
    endloop
  endfacet
  facet normal 0.989176 -0.146737 0
    outer loop
      vertex -9.57886 -8.2854 0
      vertex -9.5947 -8.39218 6
      vertex -9.5947 -8.39218 0
    endloop
  endfacet
  facet normal 0.595752 -0.803168 0
    outer loop
      vertex -9.19783 -7.64969 0
      vertex -9.11113 -7.58538 6
      vertex -9.19783 -7.64969 6
    endloop
  endfacet
  facet normal 0.595752 -0.803168 0
    outer loop
      vertex -9.11113 -7.58538 6
      vertex -9.19783 -7.64969 0
      vertex -9.11113 -7.58538 0
    endloop
  endfacet
  facet normal 0.51406 -0.857754 0
    outer loop
      vertex -9.11113 -7.58538 0
      vertex -9.01854 -7.52989 6
      vertex -9.11113 -7.58538 6
    endloop
  endfacet
  facet normal 0.51406 -0.857754 0
    outer loop
      vertex -9.01854 -7.52989 6
      vertex -9.11113 -7.58538 0
      vertex -9.01854 -7.52989 0
    endloop
  endfacet
  facet normal 0.671515 -0.740991 0
    outer loop
      vertex -9.27782 -7.72218 0
      vertex -9.19783 -7.64969 6
      vertex -9.27782 -7.72218 6
    endloop
  endfacet
  facet normal 0.671515 -0.740991 0
    outer loop
      vertex -9.19783 -7.64969 6
      vertex -9.27782 -7.72218 0
      vertex -9.19783 -7.64969 0
    endloop
  endfacet
  facet normal 0.336911 -0.941536 0
    outer loop
      vertex -8.92095 -7.48373 0
      vertex -8.81931 -7.44736 6
      vertex -8.92095 -7.48373 6
    endloop
  endfacet
  facet normal 0.336911 -0.941536 0
    outer loop
      vertex -8.81931 -7.44736 6
      vertex -8.92095 -7.48373 0
      vertex -8.81931 -7.44736 0
    endloop
  endfacet
  facet normal 0.146737 -0.989176 0
    outer loop
      vertex -8.7146 -7.42114 0
      vertex -8.60782 -7.4053 6
      vertex -8.7146 -7.42114 6
    endloop
  endfacet
  facet normal 0.146737 -0.989176 0
    outer loop
      vertex -8.60782 -7.4053 6
      vertex -8.7146 -7.42114 0
      vertex -8.60782 -7.4053 0
    endloop
  endfacet
  facet normal -0.998794 0.0490967 0
    outer loop
      vertex -7.4053 -8.60782 0
      vertex -7.4 -8.5 6
      vertex -7.4 -8.5 0
    endloop
  endfacet
  facet normal -0.998794 0.0490967 0
    outer loop
      vertex -7.4 -8.5 6
      vertex -7.4053 -8.60782 0
      vertex -7.4053 -8.60782 6
    endloop
  endfacet
  facet normal -0.740991 0.671515 0
    outer loop
      vertex -7.72218 -9.27782 0
      vertex -7.64969 -9.19783 6
      vertex -7.64969 -9.19783 0
    endloop
  endfacet
  facet normal -0.740991 0.671515 0
    outer loop
      vertex -7.64969 -9.19783 6
      vertex -7.72218 -9.27782 0
      vertex -7.72218 -9.27782 6
    endloop
  endfacet
  facet normal -0.97005 0.242906 0
    outer loop
      vertex -7.44736 -8.81931 0
      vertex -7.42114 -8.7146 6
      vertex -7.42114 -8.7146 0
    endloop
  endfacet
  facet normal -0.97005 0.242906 0
    outer loop
      vertex -7.42114 -8.7146 6
      vertex -7.44736 -8.81931 0
      vertex -7.44736 -8.81931 6
    endloop
  endfacet
  facet normal -0.51406 0.857754 0
    outer loop
      vertex -7.88887 -9.41462 0
      vertex -7.98146 -9.47011 6
      vertex -7.88887 -9.41462 6
    endloop
  endfacet
  facet normal -0.51406 0.857754 0
    outer loop
      vertex -7.98146 -9.47011 6
      vertex -7.88887 -9.41462 0
      vertex -7.98146 -9.47011 0
    endloop
  endfacet
  facet normal -0.671515 0.740991 0
    outer loop
      vertex -7.72218 -9.27782 0
      vertex -7.80217 -9.35031 6
      vertex -7.72218 -9.27782 6
    endloop
  endfacet
  facet normal -0.671515 0.740991 0
    outer loop
      vertex -7.80217 -9.35031 6
      vertex -7.72218 -9.27782 0
      vertex -7.80217 -9.35031 0
    endloop
  endfacet
  facet normal -0.903977 0.427581 0
    outer loop
      vertex -7.52989 -9.01854 0
      vertex -7.48373 -8.92095 6
      vertex -7.48373 -8.92095 0
    endloop
  endfacet
  facet normal -0.903977 0.427581 0
    outer loop
      vertex -7.48373 -8.92095 6
      vertex -7.52989 -9.01854 0
      vertex -7.52989 -9.01854 6
    endloop
  endfacet
  facet normal -0.803168 0.595752 0
    outer loop
      vertex -7.64969 -9.19783 0
      vertex -7.58538 -9.11113 6
      vertex -7.58538 -9.11113 0
    endloop
  endfacet
  facet normal -0.803168 0.595752 0
    outer loop
      vertex -7.58538 -9.11113 6
      vertex -7.64969 -9.19783 0
      vertex -7.64969 -9.19783 6
    endloop
  endfacet
  facet normal 0.740991 0.671515 0
    outer loop
      vertex -9.27782 -9.27782 6
      vertex -9.35031 -9.19783 0
      vertex -9.35031 -9.19783 6
    endloop
  endfacet
  facet normal 0.740991 0.671515 0
    outer loop
      vertex -9.35031 -9.19783 0
      vertex -9.27782 -9.27782 6
      vertex -9.27782 -9.27782 0
    endloop
  endfacet
  facet normal -0.427581 0.903977 0
    outer loop
      vertex -7.98146 -9.47011 0
      vertex -8.07905 -9.51627 6
      vertex -7.98146 -9.47011 6
    endloop
  endfacet
  facet normal -0.427581 0.903977 0
    outer loop
      vertex -8.07905 -9.51627 6
      vertex -7.98146 -9.47011 0
      vertex -8.07905 -9.51627 0
    endloop
  endfacet
  facet normal -0.989176 0.146737 0
    outer loop
      vertex -7.42114 -8.7146 0
      vertex -7.4053 -8.60782 6
      vertex -7.4053 -8.60782 0
    endloop
  endfacet
  facet normal -0.989176 0.146737 0
    outer loop
      vertex -7.4053 -8.60782 6
      vertex -7.42114 -8.7146 0
      vertex -7.42114 -8.7146 6
    endloop
  endfacet
  facet normal -0.941536 0.336911 0
    outer loop
      vertex -7.48373 -8.92095 0
      vertex -7.44736 -8.81931 6
      vertex -7.44736 -8.81931 0
    endloop
  endfacet
  facet normal -0.941536 0.336911 0
    outer loop
      vertex -7.44736 -8.81931 6
      vertex -7.48373 -8.92095 0
      vertex -7.48373 -8.92095 6
    endloop
  endfacet
  facet normal -0.857754 0.51406 0
    outer loop
      vertex -7.58538 -9.11113 0
      vertex -7.52989 -9.01854 6
      vertex -7.52989 -9.01854 0
    endloop
  endfacet
  facet normal -0.857754 0.51406 0
    outer loop
      vertex -7.52989 -9.01854 6
      vertex -7.58538 -9.11113 0
      vertex -7.58538 -9.11113 6
    endloop
  endfacet
  facet normal 0.0490967 0.998794 -0
    outer loop
      vertex -8.5 -9.6 0
      vertex -8.60782 -9.5947 6
      vertex -8.5 -9.6 6
    endloop
  endfacet
  facet normal 0.0490967 0.998794 0
    outer loop
      vertex -8.60782 -9.5947 6
      vertex -8.5 -9.6 0
      vertex -8.60782 -9.5947 0
    endloop
  endfacet
  facet normal 0.336829 0.941566 -0
    outer loop
      vertex -8.81931 -9.55263 0
      vertex -8.92095 -9.51627 6
      vertex -8.81931 -9.55263 6
    endloop
  endfacet
  facet normal 0.336829 0.941566 0
    outer loop
      vertex -8.92095 -9.51627 6
      vertex -8.81931 -9.55263 0
      vertex -8.92095 -9.51627 0
    endloop
  endfacet
  facet normal 0.671515 0.740991 -0
    outer loop
      vertex -9.19783 -9.35031 0
      vertex -9.27782 -9.27782 6
      vertex -9.19783 -9.35031 6
    endloop
  endfacet
  facet normal 0.671515 0.740991 0
    outer loop
      vertex -9.27782 -9.27782 6
      vertex -9.19783 -9.35031 0
      vertex -9.27782 -9.27782 0
    endloop
  endfacet
  facet normal 0.903977 0.427581 0
    outer loop
      vertex -9.47011 -9.01854 6
      vertex -9.51627 -8.92095 0
      vertex -9.51627 -8.92095 6
    endloop
  endfacet
  facet normal 0.903977 0.427581 0
    outer loop
      vertex -9.51627 -8.92095 0
      vertex -9.47011 -9.01854 6
      vertex -9.47011 -9.01854 0
    endloop
  endfacet
  facet normal 0.941566 0.336829 0
    outer loop
      vertex -9.51627 -8.92095 6
      vertex -9.55263 -8.81931 0
      vertex -9.55263 -8.81931 6
    endloop
  endfacet
  facet normal 0.941566 0.336829 0
    outer loop
      vertex -9.55263 -8.81931 0
      vertex -9.51627 -8.92095 6
      vertex -9.51627 -8.92095 0
    endloop
  endfacet
  facet normal 0.989176 0.146737 0
    outer loop
      vertex -9.57886 -8.7146 6
      vertex -9.5947 -8.60782 0
      vertex -9.5947 -8.60782 6
    endloop
  endfacet
  facet normal 0.989176 0.146737 0
    outer loop
      vertex -9.5947 -8.60782 0
      vertex -9.57886 -8.7146 6
      vertex -9.57886 -8.7146 0
    endloop
  endfacet
  facet normal 0.998794 0.0490967 0
    outer loop
      vertex -9.5947 -8.60782 6
      vertex -9.6 -8.5 0
      vertex -9.6 -8.5 6
    endloop
  endfacet
  facet normal 0.998794 0.0490967 0
    outer loop
      vertex -9.6 -8.5 0
      vertex -9.5947 -8.60782 6
      vertex -9.5947 -8.60782 0
    endloop
  endfacet
  facet normal -0.242993 0.970028 0
    outer loop
      vertex -8.18069 -9.55263 0
      vertex -8.2854 -9.57886 6
      vertex -8.18069 -9.55263 6
    endloop
  endfacet
  facet normal -0.242993 0.970028 0
    outer loop
      vertex -8.2854 -9.57886 6
      vertex -8.18069 -9.55263 0
      vertex -8.2854 -9.57886 0
    endloop
  endfacet
  facet normal -0.146737 0.989176 0
    outer loop
      vertex -8.2854 -9.57886 0
      vertex -8.39218 -9.5947 6
      vertex -8.2854 -9.57886 6
    endloop
  endfacet
  facet normal -0.146737 0.989176 0
    outer loop
      vertex -8.39218 -9.5947 6
      vertex -8.2854 -9.57886 0
      vertex -8.39218 -9.5947 0
    endloop
  endfacet
  facet normal -0.595752 0.803168 0
    outer loop
      vertex -7.80217 -9.35031 0
      vertex -7.88887 -9.41462 6
      vertex -7.80217 -9.35031 6
    endloop
  endfacet
  facet normal -0.595752 0.803168 0
    outer loop
      vertex -7.88887 -9.41462 6
      vertex -7.80217 -9.35031 0
      vertex -7.88887 -9.41462 0
    endloop
  endfacet
  facet normal 0.242993 0.970028 -0
    outer loop
      vertex -8.7146 -9.57886 0
      vertex -8.81931 -9.55263 6
      vertex -8.7146 -9.57886 6
    endloop
  endfacet
  facet normal 0.242993 0.970028 0
    outer loop
      vertex -8.81931 -9.55263 6
      vertex -8.7146 -9.57886 0
      vertex -8.81931 -9.55263 0
    endloop
  endfacet
  facet normal 0.803168 0.595752 0
    outer loop
      vertex -9.35031 -9.19783 6
      vertex -9.41462 -9.11113 0
      vertex -9.41462 -9.11113 6
    endloop
  endfacet
  facet normal 0.803168 0.595752 0
    outer loop
      vertex -9.41462 -9.11113 0
      vertex -9.35031 -9.19783 6
      vertex -9.35031 -9.19783 0
    endloop
  endfacet
  facet normal 0.857754 0.51406 0
    outer loop
      vertex -9.41462 -9.11113 6
      vertex -9.47011 -9.01854 0
      vertex -9.47011 -9.01854 6
    endloop
  endfacet
  facet normal 0.857754 0.51406 0
    outer loop
      vertex -9.47011 -9.01854 0
      vertex -9.41462 -9.11113 6
      vertex -9.41462 -9.11113 0
    endloop
  endfacet
  facet normal 0.970028 0.242993 0
    outer loop
      vertex -9.55263 -8.81931 6
      vertex -9.57886 -8.7146 0
      vertex -9.57886 -8.7146 6
    endloop
  endfacet
  facet normal 0.970028 0.242993 0
    outer loop
      vertex -9.57886 -8.7146 0
      vertex -9.55263 -8.81931 6
      vertex -9.55263 -8.81931 0
    endloop
  endfacet
  facet normal 0.146737 0.989176 -0
    outer loop
      vertex -8.60782 -9.5947 0
      vertex -8.7146 -9.57886 6
      vertex -8.60782 -9.5947 6
    endloop
  endfacet
  facet normal 0.146737 0.989176 0
    outer loop
      vertex -8.7146 -9.57886 6
      vertex -8.60782 -9.5947 0
      vertex -8.7146 -9.57886 0
    endloop
  endfacet
  facet normal 0.427581 0.903977 -0
    outer loop
      vertex -8.92095 -9.51627 0
      vertex -9.01854 -9.47011 6
      vertex -8.92095 -9.51627 6
    endloop
  endfacet
  facet normal 0.427581 0.903977 0
    outer loop
      vertex -9.01854 -9.47011 6
      vertex -8.92095 -9.51627 0
      vertex -9.01854 -9.47011 0
    endloop
  endfacet
  facet normal 0.51406 0.857754 -0
    outer loop
      vertex -9.01854 -9.47011 0
      vertex -9.11113 -9.41462 6
      vertex -9.01854 -9.47011 6
    endloop
  endfacet
  facet normal 0.51406 0.857754 0
    outer loop
      vertex -9.11113 -9.41462 6
      vertex -9.01854 -9.47011 0
      vertex -9.11113 -9.41462 0
    endloop
  endfacet
  facet normal 0.595752 0.803168 -0
    outer loop
      vertex -9.11113 -9.41462 0
      vertex -9.19783 -9.35031 6
      vertex -9.11113 -9.41462 6
    endloop
  endfacet
  facet normal 0.595752 0.803168 0
    outer loop
      vertex -9.19783 -9.35031 6
      vertex -9.11113 -9.41462 0
      vertex -9.19783 -9.35031 0
    endloop
  endfacet
  facet normal -0.595752 -0.803168 0
    outer loop
      vertex -7.88887 9.41462 0
      vertex -7.80217 9.35031 6
      vertex -7.88887 9.41462 6
    endloop
  endfacet
  facet normal -0.595752 -0.803168 -0
    outer loop
      vertex -7.80217 9.35031 6
      vertex -7.88887 9.41462 0
      vertex -7.80217 9.35031 0
    endloop
  endfacet
  facet normal 0.427581 -0.903977 0
    outer loop
      vertex -9.01854 9.47011 0
      vertex -8.92095 9.51627 6
      vertex -9.01854 9.47011 6
    endloop
  endfacet
  facet normal 0.427581 -0.903977 0
    outer loop
      vertex -8.92095 9.51627 6
      vertex -9.01854 9.47011 0
      vertex -8.92095 9.51627 0
    endloop
  endfacet
  facet normal 0.941566 -0.336829 0
    outer loop
      vertex -9.55263 8.81931 6
      vertex -9.51627 8.92095 0
      vertex -9.51627 8.92095 6
    endloop
  endfacet
  facet normal 0.941566 -0.336829 0
    outer loop
      vertex -9.51627 8.92095 0
      vertex -9.55263 8.81931 6
      vertex -9.55263 8.81931 0
    endloop
  endfacet
  facet normal -0.903977 -0.427581 0
    outer loop
      vertex -7.48373 8.92095 0
      vertex -7.52989 9.01854 6
      vertex -7.52989 9.01854 0
    endloop
  endfacet
  facet normal -0.903977 -0.427581 0
    outer loop
      vertex -7.52989 9.01854 6
      vertex -7.48373 8.92095 0
      vertex -7.48373 8.92095 6
    endloop
  endfacet
  facet normal -0.857754 -0.51406 0
    outer loop
      vertex -7.52989 9.01854 0
      vertex -7.58538 9.11113 6
      vertex -7.58538 9.11113 0
    endloop
  endfacet
  facet normal -0.857754 -0.51406 0
    outer loop
      vertex -7.58538 9.11113 6
      vertex -7.52989 9.01854 0
      vertex -7.52989 9.01854 6
    endloop
  endfacet
  facet normal -0.336829 -0.941566 0
    outer loop
      vertex -8.18069 9.55263 0
      vertex -8.07905 9.51627 6
      vertex -8.18069 9.55263 6
    endloop
  endfacet
  facet normal -0.336829 -0.941566 -0
    outer loop
      vertex -8.07905 9.51627 6
      vertex -8.18069 9.55263 0
      vertex -8.07905 9.51627 0
    endloop
  endfacet
  facet normal -0.0490967 -0.998794 0
    outer loop
      vertex -8.5 9.6 0
      vertex -8.39218 9.5947 6
      vertex -8.5 9.6 6
    endloop
  endfacet
  facet normal -0.0490967 -0.998794 -0
    outer loop
      vertex -8.39218 9.5947 6
      vertex -8.5 9.6 0
      vertex -8.39218 9.5947 0
    endloop
  endfacet
  facet normal 0.998794 -0.0490967 0
    outer loop
      vertex -9.6 8.5 6
      vertex -9.5947 8.60782 0
      vertex -9.5947 8.60782 6
    endloop
  endfacet
  facet normal 0.998794 -0.0490967 0
    outer loop
      vertex -9.5947 8.60782 0
      vertex -9.6 8.5 6
      vertex -9.6 8.5 0
    endloop
  endfacet
  facet normal 0.803168 -0.595752 0
    outer loop
      vertex -9.41462 9.11113 6
      vertex -9.35031 9.19783 0
      vertex -9.35031 9.19783 6
    endloop
  endfacet
  facet normal 0.803168 -0.595752 0
    outer loop
      vertex -9.35031 9.19783 0
      vertex -9.41462 9.11113 6
      vertex -9.41462 9.11113 0
    endloop
  endfacet
  facet normal 0.242993 -0.970028 0
    outer loop
      vertex -8.81931 9.55263 0
      vertex -8.7146 9.57886 6
      vertex -8.81931 9.55263 6
    endloop
  endfacet
  facet normal 0.242993 -0.970028 0
    outer loop
      vertex -8.7146 9.57886 6
      vertex -8.81931 9.55263 0
      vertex -8.7146 9.57886 0
    endloop
  endfacet
  facet normal -0.998794 0.0490967 0
    outer loop
      vertex -7.4053 8.39218 0
      vertex -7.4 8.5 6
      vertex -7.4 8.5 0
    endloop
  endfacet
  facet normal -0.998794 0.0490967 0
    outer loop
      vertex -7.4 8.5 6
      vertex -7.4053 8.39218 0
      vertex -7.4053 8.39218 6
    endloop
  endfacet
  facet normal -0.803168 0.595752 0
    outer loop
      vertex -7.64969 7.80217 0
      vertex -7.58538 7.88887 6
      vertex -7.58538 7.88887 0
    endloop
  endfacet
  facet normal -0.803168 0.595752 0
    outer loop
      vertex -7.58538 7.88887 6
      vertex -7.64969 7.80217 0
      vertex -7.64969 7.80217 6
    endloop
  endfacet
  facet normal 0.0490967 0.998794 -0
    outer loop
      vertex -8.5 7.4 0
      vertex -8.60782 7.4053 6
      vertex -8.5 7.4 6
    endloop
  endfacet
  facet normal 0.0490967 0.998794 0
    outer loop
      vertex -8.60782 7.4053 6
      vertex -8.5 7.4 0
      vertex -8.60782 7.4053 0
    endloop
  endfacet
  facet normal 0.595752 0.803168 -0
    outer loop
      vertex -9.11113 7.58538 0
      vertex -9.19783 7.64969 6
      vertex -9.11113 7.58538 6
    endloop
  endfacet
  facet normal 0.595752 0.803168 0
    outer loop
      vertex -9.19783 7.64969 6
      vertex -9.11113 7.58538 0
      vertex -9.19783 7.64969 0
    endloop
  endfacet
  facet normal 0.903977 0.427581 0
    outer loop
      vertex -9.47011 7.98146 6
      vertex -9.51627 8.07905 0
      vertex -9.51627 8.07905 6
    endloop
  endfacet
  facet normal 0.903977 0.427581 0
    outer loop
      vertex -9.51627 8.07905 0
      vertex -9.47011 7.98146 6
      vertex -9.47011 7.98146 0
    endloop
  endfacet
  facet normal 0.740991 0.671515 0
    outer loop
      vertex -9.27782 7.72218 6
      vertex -9.35031 7.80217 0
      vertex -9.35031 7.80217 6
    endloop
  endfacet
  facet normal 0.740991 0.671515 0
    outer loop
      vertex -9.35031 7.80217 0
      vertex -9.27782 7.72218 6
      vertex -9.27782 7.72218 0
    endloop
  endfacet
  facet normal -0.989176 -0.146737 0
    outer loop
      vertex -7.4053 8.60782 0
      vertex -7.42114 8.7146 6
      vertex -7.42114 8.7146 0
    endloop
  endfacet
  facet normal -0.989176 -0.146737 0
    outer loop
      vertex -7.42114 8.7146 6
      vertex -7.4053 8.60782 0
      vertex -7.4053 8.60782 6
    endloop
  endfacet
  facet normal -0.97005 -0.242906 0
    outer loop
      vertex -7.42114 8.7146 0
      vertex -7.44736 8.81931 6
      vertex -7.44736 8.81931 0
    endloop
  endfacet
  facet normal -0.97005 -0.242906 0
    outer loop
      vertex -7.44736 8.81931 6
      vertex -7.42114 8.7146 0
      vertex -7.42114 8.7146 6
    endloop
  endfacet
  facet normal -0.941536 -0.336911 0
    outer loop
      vertex -7.44736 8.81931 0
      vertex -7.48373 8.92095 6
      vertex -7.48373 8.92095 0
    endloop
  endfacet
  facet normal -0.941536 -0.336911 0
    outer loop
      vertex -7.48373 8.92095 6
      vertex -7.44736 8.81931 0
      vertex -7.44736 8.81931 6
    endloop
  endfacet
  facet normal -0.740991 -0.671515 0
    outer loop
      vertex -7.64969 9.19783 0
      vertex -7.72218 9.27782 6
      vertex -7.72218 9.27782 0
    endloop
  endfacet
  facet normal -0.740991 -0.671515 0
    outer loop
      vertex -7.72218 9.27782 6
      vertex -7.64969 9.19783 0
      vertex -7.64969 9.19783 6
    endloop
  endfacet
  facet normal -0.803168 -0.595752 0
    outer loop
      vertex -7.58538 9.11113 0
      vertex -7.64969 9.19783 6
      vertex -7.64969 9.19783 0
    endloop
  endfacet
  facet normal -0.803168 -0.595752 0
    outer loop
      vertex -7.64969 9.19783 6
      vertex -7.58538 9.11113 0
      vertex -7.58538 9.11113 6
    endloop
  endfacet
  facet normal -0.671515 -0.740991 0
    outer loop
      vertex -7.80217 9.35031 0
      vertex -7.72218 9.27782 6
      vertex -7.80217 9.35031 6
    endloop
  endfacet
  facet normal -0.671515 -0.740991 -0
    outer loop
      vertex -7.72218 9.27782 6
      vertex -7.80217 9.35031 0
      vertex -7.72218 9.27782 0
    endloop
  endfacet
  facet normal -0.51406 -0.857754 0
    outer loop
      vertex -7.98146 9.47011 0
      vertex -7.88887 9.41462 6
      vertex -7.98146 9.47011 6
    endloop
  endfacet
  facet normal -0.51406 -0.857754 -0
    outer loop
      vertex -7.88887 9.41462 6
      vertex -7.98146 9.47011 0
      vertex -7.88887 9.41462 0
    endloop
  endfacet
  facet normal 0.0490967 -0.998794 0
    outer loop
      vertex -8.60782 9.5947 0
      vertex -8.5 9.6 6
      vertex -8.60782 9.5947 6
    endloop
  endfacet
  facet normal 0.0490967 -0.998794 0
    outer loop
      vertex -8.5 9.6 6
      vertex -8.60782 9.5947 0
      vertex -8.5 9.6 0
    endloop
  endfacet
  facet normal -0.427581 -0.903977 0
    outer loop
      vertex -8.07905 9.51627 0
      vertex -7.98146 9.47011 6
      vertex -8.07905 9.51627 6
    endloop
  endfacet
  facet normal -0.427581 -0.903977 -0
    outer loop
      vertex -7.98146 9.47011 6
      vertex -8.07905 9.51627 0
      vertex -7.98146 9.47011 0
    endloop
  endfacet
  facet normal -0.242993 -0.970028 0
    outer loop
      vertex -8.2854 9.57886 0
      vertex -8.18069 9.55263 6
      vertex -8.2854 9.57886 6
    endloop
  endfacet
  facet normal -0.242993 -0.970028 -0
    outer loop
      vertex -8.18069 9.55263 6
      vertex -8.2854 9.57886 0
      vertex -8.18069 9.55263 0
    endloop
  endfacet
  facet normal -0.146737 -0.989176 0
    outer loop
      vertex -8.39218 9.5947 0
      vertex -8.2854 9.57886 6
      vertex -8.39218 9.5947 6
    endloop
  endfacet
  facet normal -0.146737 -0.989176 -0
    outer loop
      vertex -8.2854 9.57886 6
      vertex -8.39218 9.5947 0
      vertex -8.2854 9.57886 0
    endloop
  endfacet
  facet normal 0.998794 0.0490967 0
    outer loop
      vertex -9.5947 8.39218 6
      vertex -9.6 8.5 0
      vertex -9.6 8.5 6
    endloop
  endfacet
  facet normal 0.998794 0.0490967 0
    outer loop
      vertex -9.6 8.5 0
      vertex -9.5947 8.39218 6
      vertex -9.5947 8.39218 0
    endloop
  endfacet
  facet normal 0.970028 -0.242993 0
    outer loop
      vertex -9.57886 8.7146 6
      vertex -9.55263 8.81931 0
      vertex -9.55263 8.81931 6
    endloop
  endfacet
  facet normal 0.970028 -0.242993 0
    outer loop
      vertex -9.55263 8.81931 0
      vertex -9.57886 8.7146 6
      vertex -9.57886 8.7146 0
    endloop
  endfacet
  facet normal 0.989176 -0.146737 0
    outer loop
      vertex -9.5947 8.60782 6
      vertex -9.57886 8.7146 0
      vertex -9.57886 8.7146 6
    endloop
  endfacet
  facet normal 0.989176 -0.146737 0
    outer loop
      vertex -9.57886 8.7146 0
      vertex -9.5947 8.60782 6
      vertex -9.5947 8.60782 0
    endloop
  endfacet
  facet normal 0.903977 -0.427581 0
    outer loop
      vertex -9.51627 8.92095 6
      vertex -9.47011 9.01854 0
      vertex -9.47011 9.01854 6
    endloop
  endfacet
  facet normal 0.903977 -0.427581 0
    outer loop
      vertex -9.47011 9.01854 0
      vertex -9.51627 8.92095 6
      vertex -9.51627 8.92095 0
    endloop
  endfacet
  facet normal 0.857754 -0.51406 0
    outer loop
      vertex -9.47011 9.01854 6
      vertex -9.41462 9.11113 0
      vertex -9.41462 9.11113 6
    endloop
  endfacet
  facet normal 0.857754 -0.51406 0
    outer loop
      vertex -9.41462 9.11113 0
      vertex -9.47011 9.01854 6
      vertex -9.47011 9.01854 0
    endloop
  endfacet
  facet normal 0.336829 -0.941566 0
    outer loop
      vertex -8.92095 9.51627 0
      vertex -8.81931 9.55263 6
      vertex -8.92095 9.51627 6
    endloop
  endfacet
  facet normal 0.336829 -0.941566 0
    outer loop
      vertex -8.81931 9.55263 6
      vertex -8.92095 9.51627 0
      vertex -8.81931 9.55263 0
    endloop
  endfacet
  facet normal 0.146737 -0.989176 0
    outer loop
      vertex -8.7146 9.57886 0
      vertex -8.60782 9.5947 6
      vertex -8.7146 9.57886 6
    endloop
  endfacet
  facet normal 0.146737 -0.989176 0
    outer loop
      vertex -8.60782 9.5947 6
      vertex -8.7146 9.57886 0
      vertex -8.60782 9.5947 0
    endloop
  endfacet
  facet normal 0.595752 -0.803168 0
    outer loop
      vertex -9.19783 9.35031 0
      vertex -9.11113 9.41462 6
      vertex -9.19783 9.35031 6
    endloop
  endfacet
  facet normal 0.595752 -0.803168 0
    outer loop
      vertex -9.11113 9.41462 6
      vertex -9.19783 9.35031 0
      vertex -9.11113 9.41462 0
    endloop
  endfacet
  facet normal 0.671515 -0.740991 0
    outer loop
      vertex -9.27782 9.27782 0
      vertex -9.19783 9.35031 6
      vertex -9.27782 9.27782 6
    endloop
  endfacet
  facet normal 0.671515 -0.740991 0
    outer loop
      vertex -9.19783 9.35031 6
      vertex -9.27782 9.27782 0
      vertex -9.19783 9.35031 0
    endloop
  endfacet
  facet normal 0.51406 -0.857754 0
    outer loop
      vertex -9.11113 9.41462 0
      vertex -9.01854 9.47011 6
      vertex -9.11113 9.41462 6
    endloop
  endfacet
  facet normal 0.51406 -0.857754 0
    outer loop
      vertex -9.01854 9.47011 6
      vertex -9.11113 9.41462 0
      vertex -9.01854 9.47011 0
    endloop
  endfacet
  facet normal 0.740991 -0.671515 0
    outer loop
      vertex -9.35031 9.19783 6
      vertex -9.27782 9.27782 0
      vertex -9.27782 9.27782 6
    endloop
  endfacet
  facet normal 0.740991 -0.671515 0
    outer loop
      vertex -9.27782 9.27782 0
      vertex -9.35031 9.19783 6
      vertex -9.35031 9.19783 0
    endloop
  endfacet
  facet normal -0.998794 -0.0490967 0
    outer loop
      vertex -7.4 8.5 0
      vertex -7.4053 8.60782 6
      vertex -7.4053 8.60782 0
    endloop
  endfacet
  facet normal -0.998794 -0.0490967 0
    outer loop
      vertex -7.4053 8.60782 6
      vertex -7.4 8.5 0
      vertex -7.4 8.5 6
    endloop
  endfacet
  facet normal -0.146737 0.989176 0
    outer loop
      vertex -8.2854 7.42114 0
      vertex -8.39218 7.4053 6
      vertex -8.2854 7.42114 6
    endloop
  endfacet
  facet normal -0.146737 0.989176 0
    outer loop
      vertex -8.39218 7.4053 6
      vertex -8.2854 7.42114 0
      vertex -8.39218 7.4053 0
    endloop
  endfacet
  facet normal -0.97005 0.242906 0
    outer loop
      vertex -7.44736 8.18069 0
      vertex -7.42114 8.2854 6
      vertex -7.42114 8.2854 0
    endloop
  endfacet
  facet normal -0.97005 0.242906 0
    outer loop
      vertex -7.42114 8.2854 6
      vertex -7.44736 8.18069 0
      vertex -7.44736 8.18069 6
    endloop
  endfacet
  facet normal -0.242906 0.97005 0
    outer loop
      vertex -8.18069 7.44736 0
      vertex -8.2854 7.42114 6
      vertex -8.18069 7.44736 6
    endloop
  endfacet
  facet normal -0.242906 0.97005 0
    outer loop
      vertex -8.2854 7.42114 6
      vertex -8.18069 7.44736 0
      vertex -8.2854 7.42114 0
    endloop
  endfacet
  facet normal -0.336911 0.941536 0
    outer loop
      vertex -8.07905 7.48373 0
      vertex -8.18069 7.44736 6
      vertex -8.07905 7.48373 6
    endloop
  endfacet
  facet normal -0.336911 0.941536 0
    outer loop
      vertex -8.18069 7.44736 6
      vertex -8.07905 7.48373 0
      vertex -8.18069 7.44736 0
    endloop
  endfacet
  facet normal -0.671515 0.740991 0
    outer loop
      vertex -7.72218 7.72218 0
      vertex -7.80217 7.64969 6
      vertex -7.72218 7.72218 6
    endloop
  endfacet
  facet normal -0.671515 0.740991 0
    outer loop
      vertex -7.80217 7.64969 6
      vertex -7.72218 7.72218 0
      vertex -7.80217 7.64969 0
    endloop
  endfacet
  facet normal -0.51406 0.857754 0
    outer loop
      vertex -7.88887 7.58538 0
      vertex -7.98146 7.52989 6
      vertex -7.88887 7.58538 6
    endloop
  endfacet
  facet normal -0.51406 0.857754 0
    outer loop
      vertex -7.98146 7.52989 6
      vertex -7.88887 7.58538 0
      vertex -7.98146 7.52989 0
    endloop
  endfacet
  facet normal -0.903977 0.427581 0
    outer loop
      vertex -7.52989 7.98146 0
      vertex -7.48373 8.07905 6
      vertex -7.48373 8.07905 0
    endloop
  endfacet
  facet normal -0.903977 0.427581 0
    outer loop
      vertex -7.48373 8.07905 6
      vertex -7.52989 7.98146 0
      vertex -7.52989 7.98146 6
    endloop
  endfacet
  facet normal -0.0490967 0.998794 0
    outer loop
      vertex -8.39218 7.4053 0
      vertex -8.5 7.4 6
      vertex -8.39218 7.4053 6
    endloop
  endfacet
  facet normal -0.0490967 0.998794 0
    outer loop
      vertex -8.5 7.4 6
      vertex -8.39218 7.4053 0
      vertex -8.5 7.4 0
    endloop
  endfacet
  facet normal 0.242906 0.97005 -0
    outer loop
      vertex -8.7146 7.42114 0
      vertex -8.81931 7.44736 6
      vertex -8.7146 7.42114 6
    endloop
  endfacet
  facet normal 0.242906 0.97005 0
    outer loop
      vertex -8.81931 7.44736 6
      vertex -8.7146 7.42114 0
      vertex -8.81931 7.44736 0
    endloop
  endfacet
  facet normal 0.427581 0.903977 -0
    outer loop
      vertex -8.92095 7.48373 0
      vertex -9.01854 7.52989 6
      vertex -8.92095 7.48373 6
    endloop
  endfacet
  facet normal 0.427581 0.903977 0
    outer loop
      vertex -9.01854 7.52989 6
      vertex -8.92095 7.48373 0
      vertex -9.01854 7.52989 0
    endloop
  endfacet
  facet normal 0.989176 0.146737 0
    outer loop
      vertex -9.57886 8.2854 6
      vertex -9.5947 8.39218 0
      vertex -9.5947 8.39218 6
    endloop
  endfacet
  facet normal 0.989176 0.146737 0
    outer loop
      vertex -9.5947 8.39218 0
      vertex -9.57886 8.2854 6
      vertex -9.57886 8.2854 0
    endloop
  endfacet
  facet normal 0.941566 0.336829 0
    outer loop
      vertex -9.51627 8.07905 6
      vertex -9.55263 8.18069 0
      vertex -9.55263 8.18069 6
    endloop
  endfacet
  facet normal 0.941566 0.336829 0
    outer loop
      vertex -9.55263 8.18069 0
      vertex -9.51627 8.07905 6
      vertex -9.51627 8.07905 0
    endloop
  endfacet
  facet normal 0.857754 0.51406 0
    outer loop
      vertex -9.41462 7.88887 6
      vertex -9.47011 7.98146 0
      vertex -9.47011 7.98146 6
    endloop
  endfacet
  facet normal 0.857754 0.51406 0
    outer loop
      vertex -9.47011 7.98146 0
      vertex -9.41462 7.88887 6
      vertex -9.41462 7.88887 0
    endloop
  endfacet
  facet normal -0.989176 0.146737 0
    outer loop
      vertex -7.42114 8.2854 0
      vertex -7.4053 8.39218 6
      vertex -7.4053 8.39218 0
    endloop
  endfacet
  facet normal -0.989176 0.146737 0
    outer loop
      vertex -7.4053 8.39218 6
      vertex -7.42114 8.2854 0
      vertex -7.42114 8.2854 6
    endloop
  endfacet
  facet normal -0.427581 0.903977 0
    outer loop
      vertex -7.98146 7.52989 0
      vertex -8.07905 7.48373 6
      vertex -7.98146 7.52989 6
    endloop
  endfacet
  facet normal -0.427581 0.903977 0
    outer loop
      vertex -8.07905 7.48373 6
      vertex -7.98146 7.52989 0
      vertex -8.07905 7.48373 0
    endloop
  endfacet
  facet normal -0.740991 0.671515 0
    outer loop
      vertex -7.72218 7.72218 0
      vertex -7.64969 7.80217 6
      vertex -7.64969 7.80217 0
    endloop
  endfacet
  facet normal -0.740991 0.671515 0
    outer loop
      vertex -7.64969 7.80217 6
      vertex -7.72218 7.72218 0
      vertex -7.72218 7.72218 6
    endloop
  endfacet
  facet normal -0.595752 0.803168 0
    outer loop
      vertex -7.80217 7.64969 0
      vertex -7.88887 7.58538 6
      vertex -7.80217 7.64969 6
    endloop
  endfacet
  facet normal -0.595752 0.803168 0
    outer loop
      vertex -7.88887 7.58538 6
      vertex -7.80217 7.64969 0
      vertex -7.88887 7.58538 0
    endloop
  endfacet
  facet normal -0.941536 0.336911 0
    outer loop
      vertex -7.48373 8.07905 0
      vertex -7.44736 8.18069 6
      vertex -7.44736 8.18069 0
    endloop
  endfacet
  facet normal -0.941536 0.336911 0
    outer loop
      vertex -7.44736 8.18069 6
      vertex -7.48373 8.07905 0
      vertex -7.48373 8.07905 6
    endloop
  endfacet
  facet normal -0.857754 0.51406 0
    outer loop
      vertex -7.58538 7.88887 0
      vertex -7.52989 7.98146 6
      vertex -7.52989 7.98146 0
    endloop
  endfacet
  facet normal -0.857754 0.51406 0
    outer loop
      vertex -7.52989 7.98146 6
      vertex -7.58538 7.88887 0
      vertex -7.58538 7.88887 6
    endloop
  endfacet
  facet normal 0.146737 0.989176 -0
    outer loop
      vertex -8.60782 7.4053 0
      vertex -8.7146 7.42114 6
      vertex -8.60782 7.4053 6
    endloop
  endfacet
  facet normal 0.146737 0.989176 0
    outer loop
      vertex -8.7146 7.42114 6
      vertex -8.60782 7.4053 0
      vertex -8.7146 7.42114 0
    endloop
  endfacet
  facet normal 0.336911 0.941536 -0
    outer loop
      vertex -8.81931 7.44736 0
      vertex -8.92095 7.48373 6
      vertex -8.81931 7.44736 6
    endloop
  endfacet
  facet normal 0.336911 0.941536 0
    outer loop
      vertex -8.92095 7.48373 6
      vertex -8.81931 7.44736 0
      vertex -8.92095 7.48373 0
    endloop
  endfacet
  facet normal 0.51406 0.857754 -0
    outer loop
      vertex -9.01854 7.52989 0
      vertex -9.11113 7.58538 6
      vertex -9.01854 7.52989 6
    endloop
  endfacet
  facet normal 0.51406 0.857754 0
    outer loop
      vertex -9.11113 7.58538 6
      vertex -9.01854 7.52989 0
      vertex -9.11113 7.58538 0
    endloop
  endfacet
  facet normal 0.970028 0.242993 0
    outer loop
      vertex -9.55263 8.18069 6
      vertex -9.57886 8.2854 0
      vertex -9.57886 8.2854 6
    endloop
  endfacet
  facet normal 0.970028 0.242993 0
    outer loop
      vertex -9.57886 8.2854 0
      vertex -9.55263 8.18069 6
      vertex -9.55263 8.18069 0
    endloop
  endfacet
  facet normal 0.803168 0.595752 0
    outer loop
      vertex -9.35031 7.80217 6
      vertex -9.41462 7.88887 0
      vertex -9.41462 7.88887 6
    endloop
  endfacet
  facet normal 0.803168 0.595752 0
    outer loop
      vertex -9.41462 7.88887 0
      vertex -9.35031 7.80217 6
      vertex -9.35031 7.80217 0
    endloop
  endfacet
  facet normal 0.671515 0.740991 -0
    outer loop
      vertex -9.19783 7.64969 0
      vertex -9.27782 7.72218 6
      vertex -9.19783 7.64969 6
    endloop
  endfacet
  facet normal 0.671515 0.740991 0
    outer loop
      vertex -9.27782 7.72218 6
      vertex -9.19783 7.64969 0
      vertex -9.27782 7.72218 0
    endloop
  endfacet
  facet normal -0.857754 -0.51406 0
    outer loop
      vertex 9.47011 -7.98146 0
      vertex 9.41462 -7.88887 6
      vertex 9.41462 -7.88887 0
    endloop
  endfacet
  facet normal -0.857754 -0.51406 0
    outer loop
      vertex 9.41462 -7.88887 6
      vertex 9.47011 -7.98146 0
      vertex 9.47011 -7.98146 6
    endloop
  endfacet
  facet normal -0.336911 -0.941536 0
    outer loop
      vertex 8.81931 -7.44736 0
      vertex 8.92095 -7.48373 6
      vertex 8.81931 -7.44736 6
    endloop
  endfacet
  facet normal -0.336911 -0.941536 -0
    outer loop
      vertex 8.92095 -7.48373 6
      vertex 8.81931 -7.44736 0
      vertex 8.92095 -7.48373 0
    endloop
  endfacet
  facet normal 0.427581 -0.903977 0
    outer loop
      vertex 7.98146 -7.52989 0
      vertex 8.07905 -7.48373 6
      vertex 7.98146 -7.52989 6
    endloop
  endfacet
  facet normal 0.427581 -0.903977 0
    outer loop
      vertex 8.07905 -7.48373 6
      vertex 7.98146 -7.52989 0
      vertex 8.07905 -7.48373 0
    endloop
  endfacet
  facet normal 0.941536 -0.336911 0
    outer loop
      vertex 7.44736 -8.18069 6
      vertex 7.48373 -8.07905 0
      vertex 7.48373 -8.07905 6
    endloop
  endfacet
  facet normal 0.941536 -0.336911 0
    outer loop
      vertex 7.48373 -8.07905 0
      vertex 7.44736 -8.18069 6
      vertex 7.44736 -8.18069 0
    endloop
  endfacet
  facet normal -0.998794 0.0490967 0
    outer loop
      vertex 9.5947 -8.60782 0
      vertex 9.6 -8.5 6
      vertex 9.6 -8.5 0
    endloop
  endfacet
  facet normal -0.998794 0.0490967 0
    outer loop
      vertex 9.6 -8.5 6
      vertex 9.5947 -8.60782 0
      vertex 9.5947 -8.60782 6
    endloop
  endfacet
  facet normal -0.51406 -0.857754 0
    outer loop
      vertex 9.01854 -7.52989 0
      vertex 9.11113 -7.58538 6
      vertex 9.01854 -7.52989 6
    endloop
  endfacet
  facet normal -0.51406 -0.857754 -0
    outer loop
      vertex 9.11113 -7.58538 6
      vertex 9.01854 -7.52989 0
      vertex 9.11113 -7.58538 0
    endloop
  endfacet
  facet normal 0.998794 -0.0490967 0
    outer loop
      vertex 7.4 -8.5 6
      vertex 7.4053 -8.39218 0
      vertex 7.4053 -8.39218 6
    endloop
  endfacet
  facet normal 0.998794 -0.0490967 0
    outer loop
      vertex 7.4053 -8.39218 0
      vertex 7.4 -8.5 6
      vertex 7.4 -8.5 0
    endloop
  endfacet
  facet normal 0.803168 -0.595752 0
    outer loop
      vertex 7.58538 -7.88887 6
      vertex 7.64969 -7.80217 0
      vertex 7.64969 -7.80217 6
    endloop
  endfacet
  facet normal 0.803168 -0.595752 0
    outer loop
      vertex 7.64969 -7.80217 0
      vertex 7.58538 -7.88887 6
      vertex 7.58538 -7.88887 0
    endloop
  endfacet
  facet normal 0.242906 -0.97005 0
    outer loop
      vertex 8.18069 -7.44736 0
      vertex 8.2854 -7.42114 6
      vertex 8.18069 -7.44736 6
    endloop
  endfacet
  facet normal 0.242906 -0.97005 0
    outer loop
      vertex 8.2854 -7.42114 6
      vertex 8.18069 -7.44736 0
      vertex 8.2854 -7.42114 0
    endloop
  endfacet
  facet normal -0.989176 -0.146737 0
    outer loop
      vertex 9.5947 -8.39218 0
      vertex 9.57886 -8.2854 6
      vertex 9.57886 -8.2854 0
    endloop
  endfacet
  facet normal -0.989176 -0.146737 0
    outer loop
      vertex 9.57886 -8.2854 6
      vertex 9.5947 -8.39218 0
      vertex 9.5947 -8.39218 6
    endloop
  endfacet
  facet normal -0.803168 -0.595752 0
    outer loop
      vertex 9.41462 -7.88887 0
      vertex 9.35031 -7.80217 6
      vertex 9.35031 -7.80217 0
    endloop
  endfacet
  facet normal -0.803168 -0.595752 0
    outer loop
      vertex 9.35031 -7.80217 6
      vertex 9.41462 -7.88887 0
      vertex 9.41462 -7.88887 6
    endloop
  endfacet
  facet normal -0.671515 -0.740991 0
    outer loop
      vertex 9.19783 -7.64969 0
      vertex 9.27782 -7.72218 6
      vertex 9.19783 -7.64969 6
    endloop
  endfacet
  facet normal -0.671515 -0.740991 -0
    outer loop
      vertex 9.27782 -7.72218 6
      vertex 9.19783 -7.64969 0
      vertex 9.27782 -7.72218 0
    endloop
  endfacet
  facet normal -0.740991 -0.671515 0
    outer loop
      vertex 9.35031 -7.80217 0
      vertex 9.27782 -7.72218 6
      vertex 9.27782 -7.72218 0
    endloop
  endfacet
  facet normal -0.740991 -0.671515 0
    outer loop
      vertex 9.27782 -7.72218 6
      vertex 9.35031 -7.80217 0
      vertex 9.35031 -7.80217 6
    endloop
  endfacet
  facet normal 0.0490967 -0.998794 0
    outer loop
      vertex 8.39218 -7.4053 0
      vertex 8.5 -7.4 6
      vertex 8.39218 -7.4053 6
    endloop
  endfacet
  facet normal 0.0490967 -0.998794 0
    outer loop
      vertex 8.5 -7.4 6
      vertex 8.39218 -7.4053 0
      vertex 8.5 -7.4 0
    endloop
  endfacet
  facet normal -0.242906 -0.97005 0
    outer loop
      vertex 8.7146 -7.42114 0
      vertex 8.81931 -7.44736 6
      vertex 8.7146 -7.42114 6
    endloop
  endfacet
  facet normal -0.242906 -0.97005 -0
    outer loop
      vertex 8.81931 -7.44736 6
      vertex 8.7146 -7.42114 0
      vertex 8.81931 -7.44736 0
    endloop
  endfacet
  facet normal -0.146737 -0.989176 0
    outer loop
      vertex 8.60782 -7.4053 0
      vertex 8.7146 -7.42114 6
      vertex 8.60782 -7.4053 6
    endloop
  endfacet
  facet normal -0.146737 -0.989176 -0
    outer loop
      vertex 8.7146 -7.42114 6
      vertex 8.60782 -7.4053 0
      vertex 8.7146 -7.42114 0
    endloop
  endfacet
  facet normal -0.427581 -0.903977 0
    outer loop
      vertex 8.92095 -7.48373 0
      vertex 9.01854 -7.52989 6
      vertex 8.92095 -7.48373 6
    endloop
  endfacet
  facet normal -0.427581 -0.903977 -0
    outer loop
      vertex 9.01854 -7.52989 6
      vertex 8.92095 -7.48373 0
      vertex 9.01854 -7.52989 0
    endloop
  endfacet
  facet normal -0.595752 -0.803168 0
    outer loop
      vertex 9.11113 -7.58538 0
      vertex 9.19783 -7.64969 6
      vertex 9.11113 -7.58538 6
    endloop
  endfacet
  facet normal -0.595752 -0.803168 -0
    outer loop
      vertex 9.19783 -7.64969 6
      vertex 9.11113 -7.58538 0
      vertex 9.19783 -7.64969 0
    endloop
  endfacet
  facet normal 0.97005 -0.242906 0
    outer loop
      vertex 7.42114 -8.2854 6
      vertex 7.44736 -8.18069 0
      vertex 7.44736 -8.18069 6
    endloop
  endfacet
  facet normal 0.97005 -0.242906 0
    outer loop
      vertex 7.44736 -8.18069 0
      vertex 7.42114 -8.2854 6
      vertex 7.42114 -8.2854 0
    endloop
  endfacet
  facet normal 0.989176 -0.146737 0
    outer loop
      vertex 7.4053 -8.39218 6
      vertex 7.42114 -8.2854 0
      vertex 7.42114 -8.2854 6
    endloop
  endfacet
  facet normal 0.989176 -0.146737 0
    outer loop
      vertex 7.42114 -8.2854 0
      vertex 7.4053 -8.39218 6
      vertex 7.4053 -8.39218 0
    endloop
  endfacet
  facet normal 0.903977 -0.427581 0
    outer loop
      vertex 7.48373 -8.07905 6
      vertex 7.52989 -7.98146 0
      vertex 7.52989 -7.98146 6
    endloop
  endfacet
  facet normal 0.903977 -0.427581 0
    outer loop
      vertex 7.52989 -7.98146 0
      vertex 7.48373 -8.07905 6
      vertex 7.48373 -8.07905 0
    endloop
  endfacet
  facet normal 0.857754 -0.51406 0
    outer loop
      vertex 7.52989 -7.98146 6
      vertex 7.58538 -7.88887 0
      vertex 7.58538 -7.88887 6
    endloop
  endfacet
  facet normal 0.857754 -0.51406 0
    outer loop
      vertex 7.58538 -7.88887 0
      vertex 7.52989 -7.98146 6
      vertex 7.52989 -7.98146 0
    endloop
  endfacet
  facet normal 0.336911 -0.941536 0
    outer loop
      vertex 8.07905 -7.48373 0
      vertex 8.18069 -7.44736 6
      vertex 8.07905 -7.48373 6
    endloop
  endfacet
  facet normal 0.336911 -0.941536 0
    outer loop
      vertex 8.18069 -7.44736 6
      vertex 8.07905 -7.48373 0
      vertex 8.18069 -7.44736 0
    endloop
  endfacet
  facet normal 0.146737 -0.989176 0
    outer loop
      vertex 8.2854 -7.42114 0
      vertex 8.39218 -7.4053 6
      vertex 8.2854 -7.42114 6
    endloop
  endfacet
  facet normal 0.146737 -0.989176 0
    outer loop
      vertex 8.39218 -7.4053 6
      vertex 8.2854 -7.42114 0
      vertex 8.39218 -7.4053 0
    endloop
  endfacet
  facet normal 0.595752 -0.803168 0
    outer loop
      vertex 7.80217 -7.64969 0
      vertex 7.88887 -7.58538 6
      vertex 7.80217 -7.64969 6
    endloop
  endfacet
  facet normal 0.595752 -0.803168 0
    outer loop
      vertex 7.88887 -7.58538 6
      vertex 7.80217 -7.64969 0
      vertex 7.88887 -7.58538 0
    endloop
  endfacet
  facet normal 0.671515 -0.740991 0
    outer loop
      vertex 7.72218 -7.72218 0
      vertex 7.80217 -7.64969 6
      vertex 7.72218 -7.72218 6
    endloop
  endfacet
  facet normal 0.671515 -0.740991 0
    outer loop
      vertex 7.80217 -7.64969 6
      vertex 7.72218 -7.72218 0
      vertex 7.80217 -7.64969 0
    endloop
  endfacet
  facet normal 0.51406 -0.857754 0
    outer loop
      vertex 7.88887 -7.58538 0
      vertex 7.98146 -7.52989 6
      vertex 7.88887 -7.58538 6
    endloop
  endfacet
  facet normal 0.51406 -0.857754 0
    outer loop
      vertex 7.98146 -7.52989 6
      vertex 7.88887 -7.58538 0
      vertex 7.98146 -7.52989 0
    endloop
  endfacet
  facet normal 0.740991 -0.671515 0
    outer loop
      vertex 7.64969 -7.80217 6
      vertex 7.72218 -7.72218 0
      vertex 7.72218 -7.72218 6
    endloop
  endfacet
  facet normal 0.740991 -0.671515 0
    outer loop
      vertex 7.72218 -7.72218 0
      vertex 7.64969 -7.80217 6
      vertex 7.64969 -7.80217 0
    endloop
  endfacet
  facet normal -0.998794 -0.0490967 0
    outer loop
      vertex 9.6 -8.5 0
      vertex 9.5947 -8.39218 6
      vertex 9.5947 -8.39218 0
    endloop
  endfacet
  facet normal -0.998794 -0.0490967 0
    outer loop
      vertex 9.5947 -8.39218 6
      vertex 9.6 -8.5 0
      vertex 9.6 -8.5 6
    endloop
  endfacet
  facet normal -0.970028 0.242993 0
    outer loop
      vertex 9.55263 -8.81931 0
      vertex 9.57886 -8.7146 6
      vertex 9.57886 -8.7146 0
    endloop
  endfacet
  facet normal -0.970028 0.242993 0
    outer loop
      vertex 9.57886 -8.7146 6
      vertex 9.55263 -8.81931 0
      vertex 9.55263 -8.81931 6
    endloop
  endfacet
  facet normal -0.903977 -0.427581 0
    outer loop
      vertex 9.51627 -8.07905 0
      vertex 9.47011 -7.98146 6
      vertex 9.47011 -7.98146 0
    endloop
  endfacet
  facet normal -0.903977 -0.427581 0
    outer loop
      vertex 9.47011 -7.98146 6
      vertex 9.51627 -8.07905 0
      vertex 9.51627 -8.07905 6
    endloop
  endfacet
  facet normal -0.941566 -0.336829 0
    outer loop
      vertex 9.55263 -8.18069 0
      vertex 9.51627 -8.07905 6
      vertex 9.51627 -8.07905 0
    endloop
  endfacet
  facet normal -0.941566 -0.336829 0
    outer loop
      vertex 9.51627 -8.07905 6
      vertex 9.55263 -8.18069 0
      vertex 9.55263 -8.18069 6
    endloop
  endfacet
  facet normal -0.970028 -0.242993 0
    outer loop
      vertex 9.57886 -8.2854 0
      vertex 9.55263 -8.18069 6
      vertex 9.55263 -8.18069 0
    endloop
  endfacet
  facet normal -0.970028 -0.242993 0
    outer loop
      vertex 9.55263 -8.18069 6
      vertex 9.57886 -8.2854 0
      vertex 9.57886 -8.2854 6
    endloop
  endfacet
  facet normal -0.0490967 -0.998794 0
    outer loop
      vertex 8.5 -7.4 0
      vertex 8.60782 -7.4053 6
      vertex 8.5 -7.4 6
    endloop
  endfacet
  facet normal -0.0490967 -0.998794 -0
    outer loop
      vertex 8.60782 -7.4053 6
      vertex 8.5 -7.4 0
      vertex 8.60782 -7.4053 0
    endloop
  endfacet
  facet normal -0.989176 0.146737 0
    outer loop
      vertex 9.57886 -8.7146 0
      vertex 9.5947 -8.60782 6
      vertex 9.5947 -8.60782 0
    endloop
  endfacet
  facet normal -0.989176 0.146737 0
    outer loop
      vertex 9.5947 -8.60782 6
      vertex 9.57886 -8.7146 0
      vertex 9.57886 -8.7146 6
    endloop
  endfacet
  facet normal -0.803168 0.595752 0
    outer loop
      vertex 9.35031 -9.19783 0
      vertex 9.41462 -9.11113 6
      vertex 9.41462 -9.11113 0
    endloop
  endfacet
  facet normal -0.803168 0.595752 0
    outer loop
      vertex 9.41462 -9.11113 6
      vertex 9.35031 -9.19783 0
      vertex 9.35031 -9.19783 6
    endloop
  endfacet
  facet normal -0.903977 0.427581 0
    outer loop
      vertex 9.47011 -9.01854 0
      vertex 9.51627 -8.92095 6
      vertex 9.51627 -8.92095 0
    endloop
  endfacet
  facet normal -0.903977 0.427581 0
    outer loop
      vertex 9.51627 -8.92095 6
      vertex 9.47011 -9.01854 0
      vertex 9.47011 -9.01854 6
    endloop
  endfacet
  facet normal 0.0490967 0.998794 -0
    outer loop
      vertex 8.5 -9.6 0
      vertex 8.39218 -9.5947 6
      vertex 8.5 -9.6 6
    endloop
  endfacet
  facet normal 0.0490967 0.998794 0
    outer loop
      vertex 8.39218 -9.5947 6
      vertex 8.5 -9.6 0
      vertex 8.39218 -9.5947 0
    endloop
  endfacet
  facet normal 0.998794 0.0490967 0
    outer loop
      vertex 7.4053 -8.60782 6
      vertex 7.4 -8.5 0
      vertex 7.4 -8.5 6
    endloop
  endfacet
  facet normal 0.998794 0.0490967 0
    outer loop
      vertex 7.4 -8.5 0
      vertex 7.4053 -8.60782 6
      vertex 7.4053 -8.60782 0
    endloop
  endfacet
  facet normal -0.146737 0.989176 0
    outer loop
      vertex 8.7146 -9.57886 0
      vertex 8.60782 -9.5947 6
      vertex 8.7146 -9.57886 6
    endloop
  endfacet
  facet normal -0.146737 0.989176 0
    outer loop
      vertex 8.60782 -9.5947 6
      vertex 8.7146 -9.57886 0
      vertex 8.60782 -9.5947 0
    endloop
  endfacet
  facet normal -0.427581 0.903977 0
    outer loop
      vertex 9.01854 -9.47011 0
      vertex 8.92095 -9.51627 6
      vertex 9.01854 -9.47011 6
    endloop
  endfacet
  facet normal -0.427581 0.903977 0
    outer loop
      vertex 8.92095 -9.51627 6
      vertex 9.01854 -9.47011 0
      vertex 8.92095 -9.51627 0
    endloop
  endfacet
  facet normal -0.336829 0.941566 0
    outer loop
      vertex 8.92095 -9.51627 0
      vertex 8.81931 -9.55263 6
      vertex 8.92095 -9.51627 6
    endloop
  endfacet
  facet normal -0.336829 0.941566 0
    outer loop
      vertex 8.81931 -9.55263 6
      vertex 8.92095 -9.51627 0
      vertex 8.81931 -9.55263 0
    endloop
  endfacet
  facet normal -0.671515 0.740991 0
    outer loop
      vertex 9.27782 -9.27782 0
      vertex 9.19783 -9.35031 6
      vertex 9.27782 -9.27782 6
    endloop
  endfacet
  facet normal -0.671515 0.740991 0
    outer loop
      vertex 9.19783 -9.35031 6
      vertex 9.27782 -9.27782 0
      vertex 9.19783 -9.35031 0
    endloop
  endfacet
  facet normal -0.941566 0.336829 0
    outer loop
      vertex 9.51627 -8.92095 0
      vertex 9.55263 -8.81931 6
      vertex 9.55263 -8.81931 0
    endloop
  endfacet
  facet normal -0.941566 0.336829 0
    outer loop
      vertex 9.55263 -8.81931 6
      vertex 9.51627 -8.92095 0
      vertex 9.51627 -8.92095 6
    endloop
  endfacet
  facet normal -0.857754 0.51406 0
    outer loop
      vertex 9.41462 -9.11113 0
      vertex 9.47011 -9.01854 6
      vertex 9.47011 -9.01854 0
    endloop
  endfacet
  facet normal -0.857754 0.51406 0
    outer loop
      vertex 9.47011 -9.01854 6
      vertex 9.41462 -9.11113 0
      vertex 9.41462 -9.11113 6
    endloop
  endfacet
  facet normal 0.427581 0.903977 -0
    outer loop
      vertex 8.07905 -9.51627 0
      vertex 7.98146 -9.47011 6
      vertex 8.07905 -9.51627 6
    endloop
  endfacet
  facet normal 0.427581 0.903977 0
    outer loop
      vertex 7.98146 -9.47011 6
      vertex 8.07905 -9.51627 0
      vertex 7.98146 -9.47011 0
    endloop
  endfacet
  facet normal -0.0490967 0.998794 0
    outer loop
      vertex 8.60782 -9.5947 0
      vertex 8.5 -9.6 6
      vertex 8.60782 -9.5947 6
    endloop
  endfacet
  facet normal -0.0490967 0.998794 0
    outer loop
      vertex 8.5 -9.6 6
      vertex 8.60782 -9.5947 0
      vertex 8.5 -9.6 0
    endloop
  endfacet
  facet normal 0.857754 0.51406 0
    outer loop
      vertex 7.58538 -9.11113 6
      vertex 7.52989 -9.01854 0
      vertex 7.52989 -9.01854 6
    endloop
  endfacet
  facet normal 0.857754 0.51406 0
    outer loop
      vertex 7.52989 -9.01854 0
      vertex 7.58538 -9.11113 6
      vertex 7.58538 -9.11113 0
    endloop
  endfacet
  facet normal 0.941536 0.336911 0
    outer loop
      vertex 7.48373 -8.92095 6
      vertex 7.44736 -8.81931 0
      vertex 7.44736 -8.81931 6
    endloop
  endfacet
  facet normal 0.941536 0.336911 0
    outer loop
      vertex 7.44736 -8.81931 0
      vertex 7.48373 -8.92095 6
      vertex 7.48373 -8.92095 0
    endloop
  endfacet
  facet normal 0.97005 0.242906 0
    outer loop
      vertex 7.44736 -8.81931 6
      vertex 7.42114 -8.7146 0
      vertex 7.42114 -8.7146 6
    endloop
  endfacet
  facet normal 0.97005 0.242906 0
    outer loop
      vertex 7.42114 -8.7146 0
      vertex 7.44736 -8.81931 6
      vertex 7.44736 -8.81931 0
    endloop
  endfacet
  facet normal 0.903977 0.427581 0
    outer loop
      vertex 7.52989 -9.01854 6
      vertex 7.48373 -8.92095 0
      vertex 7.48373 -8.92095 6
    endloop
  endfacet
  facet normal 0.903977 0.427581 0
    outer loop
      vertex 7.48373 -8.92095 0
      vertex 7.52989 -9.01854 6
      vertex 7.52989 -9.01854 0
    endloop
  endfacet
  facet normal -0.242993 0.970028 0
    outer loop
      vertex 8.81931 -9.55263 0
      vertex 8.7146 -9.57886 6
      vertex 8.81931 -9.55263 6
    endloop
  endfacet
  facet normal -0.242993 0.970028 0
    outer loop
      vertex 8.7146 -9.57886 6
      vertex 8.81931 -9.55263 0
      vertex 8.7146 -9.57886 0
    endloop
  endfacet
  facet normal -0.740991 0.671515 0
    outer loop
      vertex 9.27782 -9.27782 0
      vertex 9.35031 -9.19783 6
      vertex 9.35031 -9.19783 0
    endloop
  endfacet
  facet normal -0.740991 0.671515 0
    outer loop
      vertex 9.35031 -9.19783 6
      vertex 9.27782 -9.27782 0
      vertex 9.27782 -9.27782 6
    endloop
  endfacet
  facet normal -0.595752 0.803168 0
    outer loop
      vertex 9.19783 -9.35031 0
      vertex 9.11113 -9.41462 6
      vertex 9.19783 -9.35031 6
    endloop
  endfacet
  facet normal -0.595752 0.803168 0
    outer loop
      vertex 9.11113 -9.41462 6
      vertex 9.19783 -9.35031 0
      vertex 9.11113 -9.41462 0
    endloop
  endfacet
  facet normal -0.51406 0.857754 0
    outer loop
      vertex 9.11113 -9.41462 0
      vertex 9.01854 -9.47011 6
      vertex 9.11113 -9.41462 6
    endloop
  endfacet
  facet normal -0.51406 0.857754 0
    outer loop
      vertex 9.01854 -9.47011 6
      vertex 9.11113 -9.41462 0
      vertex 9.01854 -9.47011 0
    endloop
  endfacet
  facet normal 0.242993 0.970028 -0
    outer loop
      vertex 8.2854 -9.57886 0
      vertex 8.18069 -9.55263 6
      vertex 8.2854 -9.57886 6
    endloop
  endfacet
  facet normal 0.242993 0.970028 0
    outer loop
      vertex 8.18069 -9.55263 6
      vertex 8.2854 -9.57886 0
      vertex 8.18069 -9.55263 0
    endloop
  endfacet
  facet normal 0.146737 0.989176 -0
    outer loop
      vertex 8.39218 -9.5947 0
      vertex 8.2854 -9.57886 6
      vertex 8.39218 -9.5947 6
    endloop
  endfacet
  facet normal 0.146737 0.989176 0
    outer loop
      vertex 8.2854 -9.57886 6
      vertex 8.39218 -9.5947 0
      vertex 8.2854 -9.57886 0
    endloop
  endfacet
  facet normal 0.740991 0.671515 0
    outer loop
      vertex 7.72218 -9.27782 6
      vertex 7.64969 -9.19783 0
      vertex 7.64969 -9.19783 6
    endloop
  endfacet
  facet normal 0.740991 0.671515 0
    outer loop
      vertex 7.64969 -9.19783 0
      vertex 7.72218 -9.27782 6
      vertex 7.72218 -9.27782 0
    endloop
  endfacet
  facet normal 0.803168 0.595752 0
    outer loop
      vertex 7.64969 -9.19783 6
      vertex 7.58538 -9.11113 0
      vertex 7.58538 -9.11113 6
    endloop
  endfacet
  facet normal 0.803168 0.595752 0
    outer loop
      vertex 7.58538 -9.11113 0
      vertex 7.64969 -9.19783 6
      vertex 7.64969 -9.19783 0
    endloop
  endfacet
  facet normal 0.671515 0.740991 -0
    outer loop
      vertex 7.80217 -9.35031 0
      vertex 7.72218 -9.27782 6
      vertex 7.80217 -9.35031 6
    endloop
  endfacet
  facet normal 0.671515 0.740991 0
    outer loop
      vertex 7.72218 -9.27782 6
      vertex 7.80217 -9.35031 0
      vertex 7.72218 -9.27782 0
    endloop
  endfacet
  facet normal 0.989176 0.146737 0
    outer loop
      vertex 7.42114 -8.7146 6
      vertex 7.4053 -8.60782 0
      vertex 7.4053 -8.60782 6
    endloop
  endfacet
  facet normal 0.989176 0.146737 0
    outer loop
      vertex 7.4053 -8.60782 0
      vertex 7.42114 -8.7146 6
      vertex 7.42114 -8.7146 0
    endloop
  endfacet
  facet normal 0.51406 0.857754 -0
    outer loop
      vertex 7.98146 -9.47011 0
      vertex 7.88887 -9.41462 6
      vertex 7.98146 -9.47011 6
    endloop
  endfacet
  facet normal 0.51406 0.857754 0
    outer loop
      vertex 7.88887 -9.41462 6
      vertex 7.98146 -9.47011 0
      vertex 7.88887 -9.41462 0
    endloop
  endfacet
  facet normal 0.595752 0.803168 -0
    outer loop
      vertex 7.88887 -9.41462 0
      vertex 7.80217 -9.35031 6
      vertex 7.88887 -9.41462 6
    endloop
  endfacet
  facet normal 0.595752 0.803168 0
    outer loop
      vertex 7.80217 -9.35031 6
      vertex 7.88887 -9.41462 0
      vertex 7.80217 -9.35031 0
    endloop
  endfacet
  facet normal 0.336829 0.941566 -0
    outer loop
      vertex 8.18069 -9.55263 0
      vertex 8.07905 -9.51627 6
      vertex 8.18069 -9.55263 6
    endloop
  endfacet
  facet normal 0.336829 0.941566 0
    outer loop
      vertex 8.07905 -9.51627 6
      vertex 8.18069 -9.55263 0
      vertex 8.07905 -9.51627 0
    endloop
  endfacet
  facet normal -0.970028 -0.242993 0
    outer loop
      vertex 9.57886 8.7146 0
      vertex 9.55263 8.81931 6
      vertex 9.55263 8.81931 0
    endloop
  endfacet
  facet normal -0.970028 -0.242993 0
    outer loop
      vertex 9.55263 8.81931 6
      vertex 9.57886 8.7146 0
      vertex 9.57886 8.7146 6
    endloop
  endfacet
  facet normal -0.998794 -0.0490967 0
    outer loop
      vertex 9.6 8.5 0
      vertex 9.5947 8.60782 6
      vertex 9.5947 8.60782 0
    endloop
  endfacet
  facet normal -0.998794 -0.0490967 0
    outer loop
      vertex 9.5947 8.60782 6
      vertex 9.6 8.5 0
      vertex 9.6 8.5 6
    endloop
  endfacet
  facet normal 0.0490967 -0.998794 0
    outer loop
      vertex 8.39218 9.5947 0
      vertex 8.5 9.6 6
      vertex 8.39218 9.5947 6
    endloop
  endfacet
  facet normal 0.0490967 -0.998794 0
    outer loop
      vertex 8.5 9.6 6
      vertex 8.39218 9.5947 0
      vertex 8.5 9.6 0
    endloop
  endfacet
  facet normal -0.671515 -0.740991 0
    outer loop
      vertex 9.19783 9.35031 0
      vertex 9.27782 9.27782 6
      vertex 9.19783 9.35031 6
    endloop
  endfacet
  facet normal -0.671515 -0.740991 -0
    outer loop
      vertex 9.27782 9.27782 6
      vertex 9.19783 9.35031 0
      vertex 9.27782 9.27782 0
    endloop
  endfacet
  facet normal 0.740991 -0.671515 0
    outer loop
      vertex 7.64969 9.19783 6
      vertex 7.72218 9.27782 0
      vertex 7.72218 9.27782 6
    endloop
  endfacet
  facet normal 0.740991 -0.671515 0
    outer loop
      vertex 7.72218 9.27782 0
      vertex 7.64969 9.19783 6
      vertex 7.64969 9.19783 0
    endloop
  endfacet
  facet normal 0.427581 -0.903977 0
    outer loop
      vertex 7.98146 9.47011 0
      vertex 8.07905 9.51627 6
      vertex 7.98146 9.47011 6
    endloop
  endfacet
  facet normal 0.427581 -0.903977 0
    outer loop
      vertex 8.07905 9.51627 6
      vertex 7.98146 9.47011 0
      vertex 8.07905 9.51627 0
    endloop
  endfacet
  facet normal 0.671515 0.740991 -0
    outer loop
      vertex 7.80217 7.64969 0
      vertex 7.72218 7.72218 6
      vertex 7.80217 7.64969 6
    endloop
  endfacet
  facet normal 0.671515 0.740991 0
    outer loop
      vertex 7.72218 7.72218 6
      vertex 7.80217 7.64969 0
      vertex 7.72218 7.72218 0
    endloop
  endfacet
  facet normal -0.941566 -0.336829 0
    outer loop
      vertex 9.55263 8.81931 0
      vertex 9.51627 8.92095 6
      vertex 9.51627 8.92095 0
    endloop
  endfacet
  facet normal -0.941566 -0.336829 0
    outer loop
      vertex 9.51627 8.92095 6
      vertex 9.55263 8.81931 0
      vertex 9.55263 8.81931 6
    endloop
  endfacet
  facet normal -0.336829 -0.941566 0
    outer loop
      vertex 8.81931 9.55263 0
      vertex 8.92095 9.51627 6
      vertex 8.81931 9.55263 6
    endloop
  endfacet
  facet normal -0.336829 -0.941566 -0
    outer loop
      vertex 8.92095 9.51627 6
      vertex 8.81931 9.55263 0
      vertex 8.92095 9.51627 0
    endloop
  endfacet
  facet normal 0.903977 -0.427581 0
    outer loop
      vertex 7.48373 8.92095 6
      vertex 7.52989 9.01854 0
      vertex 7.52989 9.01854 6
    endloop
  endfacet
  facet normal 0.903977 -0.427581 0
    outer loop
      vertex 7.52989 9.01854 0
      vertex 7.48373 8.92095 6
      vertex 7.48373 8.92095 0
    endloop
  endfacet
  facet normal 0.857754 -0.51406 0
    outer loop
      vertex 7.52989 9.01854 6
      vertex 7.58538 9.11113 0
      vertex 7.58538 9.11113 6
    endloop
  endfacet
  facet normal 0.857754 -0.51406 0
    outer loop
      vertex 7.58538 9.11113 0
      vertex 7.52989 9.01854 6
      vertex 7.52989 9.01854 0
    endloop
  endfacet
  facet normal 0.998794 0.0490967 0
    outer loop
      vertex 7.4053 8.39218 6
      vertex 7.4 8.5 0
      vertex 7.4 8.5 6
    endloop
  endfacet
  facet normal 0.998794 0.0490967 0
    outer loop
      vertex 7.4 8.5 0
      vertex 7.4053 8.39218 6
      vertex 7.4053 8.39218 0
    endloop
  endfacet
  facet normal -0.903977 0.427581 0
    outer loop
      vertex 9.47011 7.98146 0
      vertex 9.51627 8.07905 6
      vertex 9.51627 8.07905 0
    endloop
  endfacet
  facet normal -0.903977 0.427581 0
    outer loop
      vertex 9.51627 8.07905 6
      vertex 9.47011 7.98146 0
      vertex 9.47011 7.98146 6
    endloop
  endfacet
  facet normal -0.336911 0.941536 0
    outer loop
      vertex 8.92095 7.48373 0
      vertex 8.81931 7.44736 6
      vertex 8.92095 7.48373 6
    endloop
  endfacet
  facet normal -0.336911 0.941536 0
    outer loop
      vertex 8.81931 7.44736 6
      vertex 8.92095 7.48373 0
      vertex 8.81931 7.44736 0
    endloop
  endfacet
  facet normal -0.740991 0.671515 0
    outer loop
      vertex 9.27782 7.72218 0
      vertex 9.35031 7.80217 6
      vertex 9.35031 7.80217 0
    endloop
  endfacet
  facet normal -0.740991 0.671515 0
    outer loop
      vertex 9.35031 7.80217 6
      vertex 9.27782 7.72218 0
      vertex 9.27782 7.72218 6
    endloop
  endfacet
  facet normal -0.970028 0.242993 0
    outer loop
      vertex 9.55263 8.18069 0
      vertex 9.57886 8.2854 6
      vertex 9.57886 8.2854 0
    endloop
  endfacet
  facet normal -0.970028 0.242993 0
    outer loop
      vertex 9.57886 8.2854 6
      vertex 9.55263 8.18069 0
      vertex 9.55263 8.18069 6
    endloop
  endfacet
  facet normal 0.242906 0.97005 -0
    outer loop
      vertex 8.2854 7.42114 0
      vertex 8.18069 7.44736 6
      vertex 8.2854 7.42114 6
    endloop
  endfacet
  facet normal 0.242906 0.97005 0
    outer loop
      vertex 8.18069 7.44736 6
      vertex 8.2854 7.42114 0
      vertex 8.18069 7.44736 0
    endloop
  endfacet
  facet normal 0.427581 0.903977 -0
    outer loop
      vertex 8.07905 7.48373 0
      vertex 7.98146 7.52989 6
      vertex 8.07905 7.48373 6
    endloop
  endfacet
  facet normal 0.427581 0.903977 0
    outer loop
      vertex 7.98146 7.52989 6
      vertex 8.07905 7.48373 0
      vertex 7.98146 7.52989 0
    endloop
  endfacet
  facet normal 0.941536 0.336911 0
    outer loop
      vertex 7.48373 8.07905 6
      vertex 7.44736 8.18069 0
      vertex 7.44736 8.18069 6
    endloop
  endfacet
  facet normal 0.941536 0.336911 0
    outer loop
      vertex 7.44736 8.18069 0
      vertex 7.48373 8.07905 6
      vertex 7.48373 8.07905 0
    endloop
  endfacet
  facet normal -0.903977 -0.427581 0
    outer loop
      vertex 9.51627 8.92095 0
      vertex 9.47011 9.01854 6
      vertex 9.47011 9.01854 0
    endloop
  endfacet
  facet normal -0.903977 -0.427581 0
    outer loop
      vertex 9.47011 9.01854 6
      vertex 9.51627 8.92095 0
      vertex 9.51627 8.92095 6
    endloop
  endfacet
  facet normal -0.857754 -0.51406 0
    outer loop
      vertex 9.47011 9.01854 0
      vertex 9.41462 9.11113 6
      vertex 9.41462 9.11113 0
    endloop
  endfacet
  facet normal -0.857754 -0.51406 0
    outer loop
      vertex 9.41462 9.11113 6
      vertex 9.47011 9.01854 0
      vertex 9.47011 9.01854 6
    endloop
  endfacet
  facet normal -0.803168 -0.595752 0
    outer loop
      vertex 9.41462 9.11113 0
      vertex 9.35031 9.19783 6
      vertex 9.35031 9.19783 0
    endloop
  endfacet
  facet normal -0.803168 -0.595752 0
    outer loop
      vertex 9.35031 9.19783 6
      vertex 9.41462 9.11113 0
      vertex 9.41462 9.11113 6
    endloop
  endfacet
  facet normal -0.146737 -0.989176 0
    outer loop
      vertex 8.60782 9.5947 0
      vertex 8.7146 9.57886 6
      vertex 8.60782 9.5947 6
    endloop
  endfacet
  facet normal -0.146737 -0.989176 -0
    outer loop
      vertex 8.7146 9.57886 6
      vertex 8.60782 9.5947 0
      vertex 8.7146 9.57886 0
    endloop
  endfacet
  facet normal -0.595752 -0.803168 0
    outer loop
      vertex 9.11113 9.41462 0
      vertex 9.19783 9.35031 6
      vertex 9.11113 9.41462 6
    endloop
  endfacet
  facet normal -0.595752 -0.803168 -0
    outer loop
      vertex 9.19783 9.35031 6
      vertex 9.11113 9.41462 0
      vertex 9.19783 9.35031 0
    endloop
  endfacet
  facet normal -0.51406 -0.857754 0
    outer loop
      vertex 9.01854 9.47011 0
      vertex 9.11113 9.41462 6
      vertex 9.01854 9.47011 6
    endloop
  endfacet
  facet normal -0.51406 -0.857754 -0
    outer loop
      vertex 9.11113 9.41462 6
      vertex 9.01854 9.47011 0
      vertex 9.11113 9.41462 0
    endloop
  endfacet
  facet normal 0.941536 -0.336911 0
    outer loop
      vertex 7.44736 8.81931 6
      vertex 7.48373 8.92095 0
      vertex 7.48373 8.92095 6
    endloop
  endfacet
  facet normal 0.941536 -0.336911 0
    outer loop
      vertex 7.48373 8.92095 0
      vertex 7.44736 8.81931 6
      vertex 7.44736 8.81931 0
    endloop
  endfacet
  facet normal 0.989176 -0.146737 0
    outer loop
      vertex 7.4053 8.60782 6
      vertex 7.42114 8.7146 0
      vertex 7.42114 8.7146 6
    endloop
  endfacet
  facet normal 0.989176 -0.146737 0
    outer loop
      vertex 7.42114 8.7146 0
      vertex 7.4053 8.60782 6
      vertex 7.4053 8.60782 0
    endloop
  endfacet
  facet normal 0.595752 -0.803168 0
    outer loop
      vertex 7.80217 9.35031 0
      vertex 7.88887 9.41462 6
      vertex 7.80217 9.35031 6
    endloop
  endfacet
  facet normal 0.595752 -0.803168 0
    outer loop
      vertex 7.88887 9.41462 6
      vertex 7.80217 9.35031 0
      vertex 7.88887 9.41462 0
    endloop
  endfacet
  facet normal 0.146737 -0.989176 0
    outer loop
      vertex 8.2854 9.57886 0
      vertex 8.39218 9.5947 6
      vertex 8.2854 9.57886 6
    endloop
  endfacet
  facet normal 0.146737 -0.989176 0
    outer loop
      vertex 8.39218 9.5947 6
      vertex 8.2854 9.57886 0
      vertex 8.39218 9.5947 0
    endloop
  endfacet
  facet normal 0.242993 -0.970028 0
    outer loop
      vertex 8.18069 9.55263 0
      vertex 8.2854 9.57886 6
      vertex 8.18069 9.55263 6
    endloop
  endfacet
  facet normal 0.242993 -0.970028 0
    outer loop
      vertex 8.2854 9.57886 6
      vertex 8.18069 9.55263 0
      vertex 8.2854 9.57886 0
    endloop
  endfacet
  facet normal -0.146737 0.989176 0
    outer loop
      vertex 8.7146 7.42114 0
      vertex 8.60782 7.4053 6
      vertex 8.7146 7.42114 6
    endloop
  endfacet
  facet normal -0.146737 0.989176 0
    outer loop
      vertex 8.60782 7.4053 6
      vertex 8.7146 7.42114 0
      vertex 8.60782 7.4053 0
    endloop
  endfacet
  facet normal -0.242906 0.97005 0
    outer loop
      vertex 8.81931 7.44736 0
      vertex 8.7146 7.42114 6
      vertex 8.81931 7.44736 6
    endloop
  endfacet
  facet normal -0.242906 0.97005 0
    outer loop
      vertex 8.7146 7.42114 6
      vertex 8.81931 7.44736 0
      vertex 8.7146 7.42114 0
    endloop
  endfacet
  facet normal -0.51406 0.857754 0
    outer loop
      vertex 9.11113 7.58538 0
      vertex 9.01854 7.52989 6
      vertex 9.11113 7.58538 6
    endloop
  endfacet
  facet normal -0.51406 0.857754 0
    outer loop
      vertex 9.01854 7.52989 6
      vertex 9.11113 7.58538 0
      vertex 9.01854 7.52989 0
    endloop
  endfacet
  facet normal -0.671515 0.740991 0
    outer loop
      vertex 9.27782 7.72218 0
      vertex 9.19783 7.64969 6
      vertex 9.27782 7.72218 6
    endloop
  endfacet
  facet normal -0.671515 0.740991 0
    outer loop
      vertex 9.19783 7.64969 6
      vertex 9.27782 7.72218 0
      vertex 9.19783 7.64969 0
    endloop
  endfacet
  facet normal -0.803168 0.595752 0
    outer loop
      vertex 9.35031 7.80217 0
      vertex 9.41462 7.88887 6
      vertex 9.41462 7.88887 0
    endloop
  endfacet
  facet normal -0.803168 0.595752 0
    outer loop
      vertex 9.41462 7.88887 6
      vertex 9.35031 7.80217 0
      vertex 9.35031 7.80217 6
    endloop
  endfacet
  facet normal -0.857754 0.51406 0
    outer loop
      vertex 9.41462 7.88887 0
      vertex 9.47011 7.98146 6
      vertex 9.47011 7.98146 0
    endloop
  endfacet
  facet normal -0.857754 0.51406 0
    outer loop
      vertex 9.47011 7.98146 6
      vertex 9.41462 7.88887 0
      vertex 9.41462 7.88887 6
    endloop
  endfacet
  facet normal 0.0490967 0.998794 -0
    outer loop
      vertex 8.5 7.4 0
      vertex 8.39218 7.4053 6
      vertex 8.5 7.4 6
    endloop
  endfacet
  facet normal 0.0490967 0.998794 0
    outer loop
      vertex 8.39218 7.4053 6
      vertex 8.5 7.4 0
      vertex 8.39218 7.4053 0
    endloop
  endfacet
  facet normal 0.595752 0.803168 -0
    outer loop
      vertex 7.88887 7.58538 0
      vertex 7.80217 7.64969 6
      vertex 7.88887 7.58538 6
    endloop
  endfacet
  facet normal 0.595752 0.803168 0
    outer loop
      vertex 7.80217 7.64969 6
      vertex 7.88887 7.58538 0
      vertex 7.80217 7.64969 0
    endloop
  endfacet
  facet normal -0.0490967 0.998794 0
    outer loop
      vertex 8.60782 7.4053 0
      vertex 8.5 7.4 6
      vertex 8.60782 7.4053 6
    endloop
  endfacet
  facet normal -0.0490967 0.998794 0
    outer loop
      vertex 8.5 7.4 6
      vertex 8.60782 7.4053 0
      vertex 8.5 7.4 0
    endloop
  endfacet
  facet normal 0.51406 0.857754 -0
    outer loop
      vertex 7.98146 7.52989 0
      vertex 7.88887 7.58538 6
      vertex 7.98146 7.52989 6
    endloop
  endfacet
  facet normal 0.51406 0.857754 0
    outer loop
      vertex 7.88887 7.58538 6
      vertex 7.98146 7.52989 0
      vertex 7.88887 7.58538 0
    endloop
  endfacet
  facet normal 0.857754 0.51406 0
    outer loop
      vertex 7.58538 7.88887 6
      vertex 7.52989 7.98146 0
      vertex 7.52989 7.98146 6
    endloop
  endfacet
  facet normal 0.857754 0.51406 0
    outer loop
      vertex 7.52989 7.98146 0
      vertex 7.58538 7.88887 6
      vertex 7.58538 7.88887 0
    endloop
  endfacet
  facet normal 0.740991 0.671515 0
    outer loop
      vertex 7.72218 7.72218 6
      vertex 7.64969 7.80217 0
      vertex 7.64969 7.80217 6
    endloop
  endfacet
  facet normal 0.740991 0.671515 0
    outer loop
      vertex 7.64969 7.80217 0
      vertex 7.72218 7.72218 6
      vertex 7.72218 7.72218 0
    endloop
  endfacet
  facet normal 0.803168 0.595752 0
    outer loop
      vertex 7.64969 7.80217 6
      vertex 7.58538 7.88887 0
      vertex 7.58538 7.88887 6
    endloop
  endfacet
  facet normal 0.803168 0.595752 0
    outer loop
      vertex 7.58538 7.88887 0
      vertex 7.64969 7.80217 6
      vertex 7.64969 7.80217 0
    endloop
  endfacet
  facet normal 0.989176 0.146737 0
    outer loop
      vertex 7.42114 8.2854 6
      vertex 7.4053 8.39218 0
      vertex 7.4053 8.39218 6
    endloop
  endfacet
  facet normal 0.989176 0.146737 0
    outer loop
      vertex 7.4053 8.39218 0
      vertex 7.42114 8.2854 6
      vertex 7.42114 8.2854 0
    endloop
  endfacet
  facet normal -0.989176 -0.146737 0
    outer loop
      vertex 9.5947 8.60782 0
      vertex 9.57886 8.7146 6
      vertex 9.57886 8.7146 0
    endloop
  endfacet
  facet normal -0.989176 -0.146737 0
    outer loop
      vertex 9.57886 8.7146 6
      vertex 9.5947 8.60782 0
      vertex 9.5947 8.60782 6
    endloop
  endfacet
  facet normal -0.740991 -0.671515 0
    outer loop
      vertex 9.35031 9.19783 0
      vertex 9.27782 9.27782 6
      vertex 9.27782 9.27782 0
    endloop
  endfacet
  facet normal -0.740991 -0.671515 0
    outer loop
      vertex 9.27782 9.27782 6
      vertex 9.35031 9.19783 0
      vertex 9.35031 9.19783 6
    endloop
  endfacet
  facet normal -0.0490967 -0.998794 0
    outer loop
      vertex 8.5 9.6 0
      vertex 8.60782 9.5947 6
      vertex 8.5 9.6 6
    endloop
  endfacet
  facet normal -0.0490967 -0.998794 -0
    outer loop
      vertex 8.60782 9.5947 6
      vertex 8.5 9.6 0
      vertex 8.60782 9.5947 0
    endloop
  endfacet
  facet normal -0.242993 -0.970028 0
    outer loop
      vertex 8.7146 9.57886 0
      vertex 8.81931 9.55263 6
      vertex 8.7146 9.57886 6
    endloop
  endfacet
  facet normal -0.242993 -0.970028 -0
    outer loop
      vertex 8.81931 9.55263 6
      vertex 8.7146 9.57886 0
      vertex 8.81931 9.55263 0
    endloop
  endfacet
  facet normal -0.427581 -0.903977 0
    outer loop
      vertex 8.92095 9.51627 0
      vertex 9.01854 9.47011 6
      vertex 8.92095 9.51627 6
    endloop
  endfacet
  facet normal -0.427581 -0.903977 -0
    outer loop
      vertex 9.01854 9.47011 6
      vertex 8.92095 9.51627 0
      vertex 9.01854 9.47011 0
    endloop
  endfacet
  facet normal 0.803168 -0.595752 0
    outer loop
      vertex 7.58538 9.11113 6
      vertex 7.64969 9.19783 0
      vertex 7.64969 9.19783 6
    endloop
  endfacet
  facet normal 0.803168 -0.595752 0
    outer loop
      vertex 7.64969 9.19783 0
      vertex 7.58538 9.11113 6
      vertex 7.58538 9.11113 0
    endloop
  endfacet
  facet normal 0.998794 -0.0490967 0
    outer loop
      vertex 7.4 8.5 6
      vertex 7.4053 8.60782 0
      vertex 7.4053 8.60782 6
    endloop
  endfacet
  facet normal 0.998794 -0.0490967 0
    outer loop
      vertex 7.4053 8.60782 0
      vertex 7.4 8.5 6
      vertex 7.4 8.5 0
    endloop
  endfacet
  facet normal 0.97005 -0.242906 0
    outer loop
      vertex 7.42114 8.7146 6
      vertex 7.44736 8.81931 0
      vertex 7.44736 8.81931 6
    endloop
  endfacet
  facet normal 0.97005 -0.242906 0
    outer loop
      vertex 7.44736 8.81931 0
      vertex 7.42114 8.7146 6
      vertex 7.42114 8.7146 0
    endloop
  endfacet
  facet normal 0.671515 -0.740991 0
    outer loop
      vertex 7.72218 9.27782 0
      vertex 7.80217 9.35031 6
      vertex 7.72218 9.27782 6
    endloop
  endfacet
  facet normal 0.671515 -0.740991 0
    outer loop
      vertex 7.80217 9.35031 6
      vertex 7.72218 9.27782 0
      vertex 7.80217 9.35031 0
    endloop
  endfacet
  facet normal 0.51406 -0.857754 0
    outer loop
      vertex 7.88887 9.41462 0
      vertex 7.98146 9.47011 6
      vertex 7.88887 9.41462 6
    endloop
  endfacet
  facet normal 0.51406 -0.857754 0
    outer loop
      vertex 7.98146 9.47011 6
      vertex 7.88887 9.41462 0
      vertex 7.98146 9.47011 0
    endloop
  endfacet
  facet normal 0.336829 -0.941566 0
    outer loop
      vertex 8.07905 9.51627 0
      vertex 8.18069 9.55263 6
      vertex 8.07905 9.51627 6
    endloop
  endfacet
  facet normal 0.336829 -0.941566 0
    outer loop
      vertex 8.18069 9.55263 6
      vertex 8.07905 9.51627 0
      vertex 8.18069 9.55263 0
    endloop
  endfacet
  facet normal -0.427581 0.903977 0
    outer loop
      vertex 9.01854 7.52989 0
      vertex 8.92095 7.48373 6
      vertex 9.01854 7.52989 6
    endloop
  endfacet
  facet normal -0.427581 0.903977 0
    outer loop
      vertex 8.92095 7.48373 6
      vertex 9.01854 7.52989 0
      vertex 8.92095 7.48373 0
    endloop
  endfacet
  facet normal -0.595752 0.803168 0
    outer loop
      vertex 9.19783 7.64969 0
      vertex 9.11113 7.58538 6
      vertex 9.19783 7.64969 6
    endloop
  endfacet
  facet normal -0.595752 0.803168 0
    outer loop
      vertex 9.11113 7.58538 6
      vertex 9.19783 7.64969 0
      vertex 9.11113 7.58538 0
    endloop
  endfacet
  facet normal -0.941566 0.336829 0
    outer loop
      vertex 9.51627 8.07905 0
      vertex 9.55263 8.18069 6
      vertex 9.55263 8.18069 0
    endloop
  endfacet
  facet normal -0.941566 0.336829 0
    outer loop
      vertex 9.55263 8.18069 6
      vertex 9.51627 8.07905 0
      vertex 9.51627 8.07905 6
    endloop
  endfacet
  facet normal -0.989176 0.146737 0
    outer loop
      vertex 9.57886 8.2854 0
      vertex 9.5947 8.39218 6
      vertex 9.5947 8.39218 0
    endloop
  endfacet
  facet normal -0.989176 0.146737 0
    outer loop
      vertex 9.5947 8.39218 6
      vertex 9.57886 8.2854 0
      vertex 9.57886 8.2854 6
    endloop
  endfacet
  facet normal -0.998794 0.0490967 0
    outer loop
      vertex 9.5947 8.39218 0
      vertex 9.6 8.5 6
      vertex 9.6 8.5 0
    endloop
  endfacet
  facet normal -0.998794 0.0490967 0
    outer loop
      vertex 9.6 8.5 6
      vertex 9.5947 8.39218 0
      vertex 9.5947 8.39218 6
    endloop
  endfacet
  facet normal 0.146737 0.989176 -0
    outer loop
      vertex 8.39218 7.4053 0
      vertex 8.2854 7.42114 6
      vertex 8.39218 7.4053 6
    endloop
  endfacet
  facet normal 0.146737 0.989176 0
    outer loop
      vertex 8.2854 7.42114 6
      vertex 8.39218 7.4053 0
      vertex 8.2854 7.42114 0
    endloop
  endfacet
  facet normal 0.336911 0.941536 -0
    outer loop
      vertex 8.18069 7.44736 0
      vertex 8.07905 7.48373 6
      vertex 8.18069 7.44736 6
    endloop
  endfacet
  facet normal 0.336911 0.941536 0
    outer loop
      vertex 8.07905 7.48373 6
      vertex 8.18069 7.44736 0
      vertex 8.07905 7.48373 0
    endloop
  endfacet
  facet normal 0.97005 0.242906 0
    outer loop
      vertex 7.44736 8.18069 6
      vertex 7.42114 8.2854 0
      vertex 7.42114 8.2854 6
    endloop
  endfacet
  facet normal 0.97005 0.242906 0
    outer loop
      vertex 7.42114 8.2854 0
      vertex 7.44736 8.18069 6
      vertex 7.44736 8.18069 0
    endloop
  endfacet
  facet normal 0.903977 0.427581 0
    outer loop
      vertex 7.52989 7.98146 6
      vertex 7.48373 8.07905 0
      vertex 7.48373 8.07905 6
    endloop
  endfacet
  facet normal 0.903977 0.427581 0
    outer loop
      vertex 7.48373 8.07905 0
      vertex 7.52989 7.98146 6
      vertex 7.52989 7.98146 0
    endloop
  endfacet
  facet normal -0.998794 -0.0491058 0
    outer loop
      vertex -12.9 -14 0
      vertex -12.9053 -13.8922 6
      vertex -12.9053 -13.8922 0
    endloop
  endfacet
  facet normal -0.998794 -0.0491058 0
    outer loop
      vertex -12.9053 -13.8922 6
      vertex -12.9 -14 0
      vertex -12.9 -14 6
    endloop
  endfacet
  facet normal 0.998794 -0.0491058 0
    outer loop
      vertex -15.1 -14 6
      vertex -15.0947 -13.8922 0
      vertex -15.0947 -13.8922 6
    endloop
  endfacet
  facet normal 0.998794 -0.0491058 0
    outer loop
      vertex -15.0947 -13.8922 0
      vertex -15.1 -14 6
      vertex -15.1 -14 0
    endloop
  endfacet
  facet normal 0.0491058 -0.998794 0
    outer loop
      vertex -14.1078 -12.9053 0
      vertex -14 -12.9 6
      vertex -14.1078 -12.9053 6
    endloop
  endfacet
  facet normal 0.0491058 -0.998794 0
    outer loop
      vertex -14 -12.9 6
      vertex -14.1078 -12.9053 0
      vertex -14 -12.9 0
    endloop
  endfacet
  facet normal -0.671519 -0.740987 0
    outer loop
      vertex -13.3022 -13.1497 0
      vertex -13.2222 -13.2222 6
      vertex -13.3022 -13.1497 6
    endloop
  endfacet
  facet normal -0.671519 -0.740987 -0
    outer loop
      vertex -13.2222 -13.2222 6
      vertex -13.3022 -13.1497 0
      vertex -13.2222 -13.2222 0
    endloop
  endfacet
  facet normal 0.740987 -0.671519 0
    outer loop
      vertex -14.8503 -13.3022 6
      vertex -14.7778 -13.2222 0
      vertex -14.7778 -13.2222 6
    endloop
  endfacet
  facet normal 0.740987 -0.671519 0
    outer loop
      vertex -14.7778 -13.2222 0
      vertex -14.8503 -13.3022 6
      vertex -14.8503 -13.3022 0
    endloop
  endfacet
  facet normal 0.428206 -0.903681 0
    outer loop
      vertex -14.5185 -13.0299 0
      vertex -14.421 -12.9837 6
      vertex -14.5185 -13.0299 6
    endloop
  endfacet
  facet normal 0.428206 -0.903681 0
    outer loop
      vertex -14.421 -12.9837 6
      vertex -14.5185 -13.0299 0
      vertex -14.421 -12.9837 0
    endloop
  endfacet
  facet normal -0.903681 -0.428206 0
    outer loop
      vertex -12.9837 -13.579 0
      vertex -13.0299 -13.4815 6
      vertex -13.0299 -13.4815 0
    endloop
  endfacet
  facet normal -0.903681 -0.428206 0
    outer loop
      vertex -13.0299 -13.4815 6
      vertex -12.9837 -13.579 0
      vertex -12.9837 -13.579 6
    endloop
  endfacet
  facet normal -0.33616 -0.941805 0
    outer loop
      vertex -13.6807 -12.9474 0
      vertex -13.579 -12.9837 6
      vertex -13.6807 -12.9474 6
    endloop
  endfacet
  facet normal -0.33616 -0.941805 -0
    outer loop
      vertex -13.579 -12.9837 6
      vertex -13.6807 -12.9474 0
      vertex -13.579 -12.9837 0
    endloop
  endfacet
  facet normal 0.903681 -0.428206 0
    outer loop
      vertex -15.0163 -13.579 6
      vertex -14.9701 -13.4815 0
      vertex -14.9701 -13.4815 6
    endloop
  endfacet
  facet normal 0.903681 -0.428206 0
    outer loop
      vertex -14.9701 -13.4815 0
      vertex -15.0163 -13.579 6
      vertex -15.0163 -13.579 0
    endloop
  endfacet
  facet normal 0.857738 -0.514087 0
    outer loop
      vertex -14.9701 -13.4815 6
      vertex -14.9146 -13.3889 0
      vertex -14.9146 -13.3889 6
    endloop
  endfacet
  facet normal 0.857738 -0.514087 0
    outer loop
      vertex -14.9146 -13.3889 0
      vertex -14.9701 -13.4815 6
      vertex -14.9701 -13.4815 0
    endloop
  endfacet
  facet normal 0.989233 -0.146347 0
    outer loop
      vertex -15.0947 -13.8922 6
      vertex -15.0789 -13.7854 0
      vertex -15.0789 -13.7854 6
    endloop
  endfacet
  facet normal 0.989233 -0.146347 0
    outer loop
      vertex -15.0789 -13.7854 0
      vertex -15.0947 -13.8922 6
      vertex -15.0947 -13.8922 0
    endloop
  endfacet
  facet normal -0.146347 0.989233 0
    outer loop
      vertex -13.7854 -15.0789 0
      vertex -13.8922 -15.0947 6
      vertex -13.7854 -15.0789 6
    endloop
  endfacet
  facet normal -0.146347 0.989233 0
    outer loop
      vertex -13.8922 -15.0947 6
      vertex -13.7854 -15.0789 0
      vertex -13.8922 -15.0947 0
    endloop
  endfacet
  facet normal -0.969869 -0.243625 0
    outer loop
      vertex -12.9211 -13.7854 0
      vertex -12.9474 -13.6807 6
      vertex -12.9474 -13.6807 0
    endloop
  endfacet
  facet normal -0.969869 -0.243625 0
    outer loop
      vertex -12.9474 -13.6807 6
      vertex -12.9211 -13.7854 0
      vertex -12.9211 -13.7854 6
    endloop
  endfacet
  facet normal -0.989233 -0.146347 0
    outer loop
      vertex -12.9053 -13.8922 0
      vertex -12.9211 -13.7854 6
      vertex -12.9211 -13.7854 0
    endloop
  endfacet
  facet normal -0.989233 -0.146347 0
    outer loop
      vertex -12.9211 -13.7854 6
      vertex -12.9053 -13.8922 0
      vertex -12.9053 -13.8922 6
    endloop
  endfacet
  facet normal -0.941805 -0.33616 0
    outer loop
      vertex -12.9474 -13.6807 0
      vertex -12.9837 -13.579 6
      vertex -12.9837 -13.579 0
    endloop
  endfacet
  facet normal -0.941805 -0.33616 0
    outer loop
      vertex -12.9837 -13.579 6
      vertex -12.9474 -13.6807 0
      vertex -12.9474 -13.6807 6
    endloop
  endfacet
  facet normal -0.803212 -0.595693 0
    outer loop
      vertex -13.0854 -13.3889 0
      vertex -13.1497 -13.3022 6
      vertex -13.1497 -13.3022 0
    endloop
  endfacet
  facet normal -0.803212 -0.595693 0
    outer loop
      vertex -13.1497 -13.3022 6
      vertex -13.0854 -13.3889 0
      vertex -13.0854 -13.3889 6
    endloop
  endfacet
  facet normal -0.740987 -0.671519 0
    outer loop
      vertex -13.1497 -13.3022 0
      vertex -13.2222 -13.2222 6
      vertex -13.2222 -13.2222 0
    endloop
  endfacet
  facet normal -0.740987 -0.671519 0
    outer loop
      vertex -13.2222 -13.2222 6
      vertex -13.1497 -13.3022 0
      vertex -13.1497 -13.3022 6
    endloop
  endfacet
  facet normal -0.857738 -0.514087 0
    outer loop
      vertex -13.0299 -13.4815 0
      vertex -13.0854 -13.3889 6
      vertex -13.0854 -13.3889 0
    endloop
  endfacet
  facet normal -0.857738 -0.514087 0
    outer loop
      vertex -13.0854 -13.3889 6
      vertex -13.0299 -13.4815 0
      vertex -13.0299 -13.4815 6
    endloop
  endfacet
  facet normal -0.146347 -0.989233 0
    outer loop
      vertex -13.8922 -12.9053 0
      vertex -13.7854 -12.9211 6
      vertex -13.8922 -12.9053 6
    endloop
  endfacet
  facet normal -0.146347 -0.989233 -0
    outer loop
      vertex -13.7854 -12.9211 6
      vertex -13.8922 -12.9053 0
      vertex -13.7854 -12.9211 0
    endloop
  endfacet
  facet normal -0.0491058 -0.998794 0
    outer loop
      vertex -14 -12.9 0
      vertex -13.8922 -12.9053 6
      vertex -14 -12.9 6
    endloop
  endfacet
  facet normal -0.0491058 -0.998794 -0
    outer loop
      vertex -13.8922 -12.9053 6
      vertex -14 -12.9 0
      vertex -13.8922 -12.9053 0
    endloop
  endfacet
  facet normal -0.595693 -0.803212 0
    outer loop
      vertex -13.3889 -13.0854 0
      vertex -13.3022 -13.1497 6
      vertex -13.3889 -13.0854 6
    endloop
  endfacet
  facet normal -0.595693 -0.803212 -0
    outer loop
      vertex -13.3022 -13.1497 6
      vertex -13.3889 -13.0854 0
      vertex -13.3022 -13.1497 0
    endloop
  endfacet
  facet normal -0.514087 -0.857738 0
    outer loop
      vertex -13.4815 -13.0299 0
      vertex -13.3889 -13.0854 6
      vertex -13.4815 -13.0299 6
    endloop
  endfacet
  facet normal -0.514087 -0.857738 -0
    outer loop
      vertex -13.3889 -13.0854 6
      vertex -13.4815 -13.0299 0
      vertex -13.3889 -13.0854 0
    endloop
  endfacet
  facet normal 0.941805 -0.33616 0
    outer loop
      vertex -15.0526 -13.6807 6
      vertex -15.0163 -13.579 0
      vertex -15.0163 -13.579 6
    endloop
  endfacet
  facet normal 0.941805 -0.33616 0
    outer loop
      vertex -15.0163 -13.579 0
      vertex -15.0526 -13.6807 6
      vertex -15.0526 -13.6807 0
    endloop
  endfacet
  facet normal 0.595693 -0.803212 0
    outer loop
      vertex -14.6978 -13.1497 0
      vertex -14.6111 -13.0854 6
      vertex -14.6978 -13.1497 6
    endloop
  endfacet
  facet normal 0.595693 -0.803212 0
    outer loop
      vertex -14.6111 -13.0854 6
      vertex -14.6978 -13.1497 0
      vertex -14.6111 -13.0854 0
    endloop
  endfacet
  facet normal 0.146347 -0.989233 0
    outer loop
      vertex -14.2146 -12.9211 0
      vertex -14.1078 -12.9053 6
      vertex -14.2146 -12.9211 6
    endloop
  endfacet
  facet normal 0.146347 -0.989233 0
    outer loop
      vertex -14.1078 -12.9053 6
      vertex -14.2146 -12.9211 0
      vertex -14.1078 -12.9053 0
    endloop
  endfacet
  facet normal 0.243625 -0.969869 0
    outer loop
      vertex -14.3193 -12.9474 0
      vertex -14.2146 -12.9211 6
      vertex -14.3193 -12.9474 6
    endloop
  endfacet
  facet normal 0.243625 -0.969869 0
    outer loop
      vertex -14.2146 -12.9211 6
      vertex -14.3193 -12.9474 0
      vertex -14.2146 -12.9211 0
    endloop
  endfacet
  facet normal -0.998794 0.0491058 0
    outer loop
      vertex -12.9053 -14.1078 0
      vertex -12.9 -14 6
      vertex -12.9 -14 0
    endloop
  endfacet
  facet normal -0.998794 0.0491058 0
    outer loop
      vertex -12.9 -14 6
      vertex -12.9053 -14.1078 0
      vertex -12.9053 -14.1078 6
    endloop
  endfacet
  facet normal 0.969869 0.243625 0
    outer loop
      vertex -15.0526 -14.3193 6
      vertex -15.0789 -14.2146 0
      vertex -15.0789 -14.2146 6
    endloop
  endfacet
  facet normal 0.969869 0.243625 0
    outer loop
      vertex -15.0789 -14.2146 0
      vertex -15.0526 -14.3193 6
      vertex -15.0526 -14.3193 0
    endloop
  endfacet
  facet normal 0.941805 0.33616 0
    outer loop
      vertex -15.0163 -14.421 6
      vertex -15.0526 -14.3193 0
      vertex -15.0526 -14.3193 6
    endloop
  endfacet
  facet normal 0.941805 0.33616 0
    outer loop
      vertex -15.0526 -14.3193 0
      vertex -15.0163 -14.421 6
      vertex -15.0163 -14.421 0
    endloop
  endfacet
  facet normal -0.428206 0.903681 0
    outer loop
      vertex -13.4815 -14.9701 0
      vertex -13.579 -15.0163 6
      vertex -13.4815 -14.9701 6
    endloop
  endfacet
  facet normal -0.428206 0.903681 0
    outer loop
      vertex -13.579 -15.0163 6
      vertex -13.4815 -14.9701 0
      vertex -13.579 -15.0163 0
    endloop
  endfacet
  facet normal -0.243625 -0.969869 0
    outer loop
      vertex -13.7854 -12.9211 0
      vertex -13.6807 -12.9474 6
      vertex -13.7854 -12.9211 6
    endloop
  endfacet
  facet normal -0.243625 -0.969869 -0
    outer loop
      vertex -13.6807 -12.9474 6
      vertex -13.7854 -12.9211 0
      vertex -13.6807 -12.9474 0
    endloop
  endfacet
  facet normal -0.428206 -0.903681 0
    outer loop
      vertex -13.579 -12.9837 0
      vertex -13.4815 -13.0299 6
      vertex -13.579 -12.9837 6
    endloop
  endfacet
  facet normal -0.428206 -0.903681 -0
    outer loop
      vertex -13.4815 -13.0299 6
      vertex -13.579 -12.9837 0
      vertex -13.4815 -13.0299 0
    endloop
  endfacet
  facet normal 0.803212 -0.595693 0
    outer loop
      vertex -14.9146 -13.3889 6
      vertex -14.8503 -13.3022 0
      vertex -14.8503 -13.3022 6
    endloop
  endfacet
  facet normal 0.803212 -0.595693 0
    outer loop
      vertex -14.8503 -13.3022 0
      vertex -14.9146 -13.3889 6
      vertex -14.9146 -13.3889 0
    endloop
  endfacet
  facet normal 0.969869 -0.243625 0
    outer loop
      vertex -15.0789 -13.7854 6
      vertex -15.0526 -13.6807 0
      vertex -15.0526 -13.6807 6
    endloop
  endfacet
  facet normal 0.969869 -0.243625 0
    outer loop
      vertex -15.0526 -13.6807 0
      vertex -15.0789 -13.7854 6
      vertex -15.0789 -13.7854 0
    endloop
  endfacet
  facet normal 0.671519 -0.740987 0
    outer loop
      vertex -14.7778 -13.2222 0
      vertex -14.6978 -13.1497 6
      vertex -14.7778 -13.2222 6
    endloop
  endfacet
  facet normal 0.671519 -0.740987 0
    outer loop
      vertex -14.6978 -13.1497 6
      vertex -14.7778 -13.2222 0
      vertex -14.6978 -13.1497 0
    endloop
  endfacet
  facet normal 0.514087 -0.857738 0
    outer loop
      vertex -14.6111 -13.0854 0
      vertex -14.5185 -13.0299 6
      vertex -14.6111 -13.0854 6
    endloop
  endfacet
  facet normal 0.514087 -0.857738 0
    outer loop
      vertex -14.5185 -13.0299 6
      vertex -14.6111 -13.0854 0
      vertex -14.5185 -13.0299 0
    endloop
  endfacet
  facet normal 0.33616 -0.941805 0
    outer loop
      vertex -14.421 -12.9837 0
      vertex -14.3193 -12.9474 6
      vertex -14.421 -12.9837 6
    endloop
  endfacet
  facet normal 0.33616 -0.941805 0
    outer loop
      vertex -14.3193 -12.9474 6
      vertex -14.421 -12.9837 0
      vertex -14.3193 -12.9474 0
    endloop
  endfacet
  facet normal -0.969869 0.243625 0
    outer loop
      vertex -12.9474 -14.3193 0
      vertex -12.9211 -14.2146 6
      vertex -12.9211 -14.2146 0
    endloop
  endfacet
  facet normal -0.969869 0.243625 0
    outer loop
      vertex -12.9211 -14.2146 6
      vertex -12.9474 -14.3193 0
      vertex -12.9474 -14.3193 6
    endloop
  endfacet
  facet normal -0.857738 0.514087 0
    outer loop
      vertex -13.0854 -14.6111 0
      vertex -13.0299 -14.5185 6
      vertex -13.0299 -14.5185 0
    endloop
  endfacet
  facet normal -0.857738 0.514087 0
    outer loop
      vertex -13.0299 -14.5185 6
      vertex -13.0854 -14.6111 0
      vertex -13.0854 -14.6111 6
    endloop
  endfacet
  facet normal -0.941805 0.33616 0
    outer loop
      vertex -12.9837 -14.421 0
      vertex -12.9474 -14.3193 6
      vertex -12.9474 -14.3193 0
    endloop
  endfacet
  facet normal -0.941805 0.33616 0
    outer loop
      vertex -12.9474 -14.3193 6
      vertex -12.9837 -14.421 0
      vertex -12.9837 -14.421 6
    endloop
  endfacet
  facet normal -0.903681 0.428206 0
    outer loop
      vertex -13.0299 -14.5185 0
      vertex -12.9837 -14.421 6
      vertex -12.9837 -14.421 0
    endloop
  endfacet
  facet normal -0.903681 0.428206 0
    outer loop
      vertex -12.9837 -14.421 6
      vertex -13.0299 -14.5185 0
      vertex -13.0299 -14.5185 6
    endloop
  endfacet
  facet normal -0.803212 0.595693 0
    outer loop
      vertex -13.1497 -14.6978 0
      vertex -13.0854 -14.6111 6
      vertex -13.0854 -14.6111 0
    endloop
  endfacet
  facet normal -0.803212 0.595693 0
    outer loop
      vertex -13.0854 -14.6111 6
      vertex -13.1497 -14.6978 0
      vertex -13.1497 -14.6978 6
    endloop
  endfacet
  facet normal 0.0491058 0.998794 -0
    outer loop
      vertex -14 -15.1 0
      vertex -14.1078 -15.0947 6
      vertex -14 -15.1 6
    endloop
  endfacet
  facet normal 0.0491058 0.998794 0
    outer loop
      vertex -14.1078 -15.0947 6
      vertex -14 -15.1 0
      vertex -14.1078 -15.0947 0
    endloop
  endfacet
  facet normal 0.740987 0.671519 0
    outer loop
      vertex -14.7778 -14.7778 6
      vertex -14.8503 -14.6978 0
      vertex -14.8503 -14.6978 6
    endloop
  endfacet
  facet normal 0.740987 0.671519 0
    outer loop
      vertex -14.8503 -14.6978 0
      vertex -14.7778 -14.7778 6
      vertex -14.7778 -14.7778 0
    endloop
  endfacet
  facet normal 0.998794 0.0491058 0
    outer loop
      vertex -15.0947 -14.1078 6
      vertex -15.1 -14 0
      vertex -15.1 -14 6
    endloop
  endfacet
  facet normal 0.998794 0.0491058 0
    outer loop
      vertex -15.1 -14 0
      vertex -15.0947 -14.1078 6
      vertex -15.0947 -14.1078 0
    endloop
  endfacet
  facet normal 0.989233 0.146347 0
    outer loop
      vertex -15.0789 -14.2146 6
      vertex -15.0947 -14.1078 0
      vertex -15.0947 -14.1078 6
    endloop
  endfacet
  facet normal 0.989233 0.146347 0
    outer loop
      vertex -15.0947 -14.1078 0
      vertex -15.0789 -14.2146 6
      vertex -15.0789 -14.2146 0
    endloop
  endfacet
  facet normal -0.33616 0.941805 0
    outer loop
      vertex -13.579 -15.0163 0
      vertex -13.6807 -15.0526 6
      vertex -13.579 -15.0163 6
    endloop
  endfacet
  facet normal -0.33616 0.941805 0
    outer loop
      vertex -13.6807 -15.0526 6
      vertex -13.579 -15.0163 0
      vertex -13.6807 -15.0526 0
    endloop
  endfacet
  facet normal -0.989233 0.146347 0
    outer loop
      vertex -12.9211 -14.2146 0
      vertex -12.9053 -14.1078 6
      vertex -12.9053 -14.1078 0
    endloop
  endfacet
  facet normal -0.989233 0.146347 0
    outer loop
      vertex -12.9053 -14.1078 6
      vertex -12.9211 -14.2146 0
      vertex -12.9211 -14.2146 6
    endloop
  endfacet
  facet normal -0.514087 0.857738 0
    outer loop
      vertex -13.3889 -14.9146 0
      vertex -13.4815 -14.9701 6
      vertex -13.3889 -14.9146 6
    endloop
  endfacet
  facet normal -0.514087 0.857738 0
    outer loop
      vertex -13.4815 -14.9701 6
      vertex -13.3889 -14.9146 0
      vertex -13.4815 -14.9701 0
    endloop
  endfacet
  facet normal -0.671519 0.740987 0
    outer loop
      vertex -13.2222 -14.7778 0
      vertex -13.3022 -14.8503 6
      vertex -13.2222 -14.7778 6
    endloop
  endfacet
  facet normal -0.671519 0.740987 0
    outer loop
      vertex -13.3022 -14.8503 6
      vertex -13.2222 -14.7778 0
      vertex -13.3022 -14.8503 0
    endloop
  endfacet
  facet normal -0.0491058 0.998794 0
    outer loop
      vertex -13.8922 -15.0947 0
      vertex -14 -15.1 6
      vertex -13.8922 -15.0947 6
    endloop
  endfacet
  facet normal -0.0491058 0.998794 0
    outer loop
      vertex -14 -15.1 6
      vertex -13.8922 -15.0947 0
      vertex -14 -15.1 0
    endloop
  endfacet
  facet normal 0.146347 0.989233 -0
    outer loop
      vertex -14.1078 -15.0947 0
      vertex -14.2146 -15.0789 6
      vertex -14.1078 -15.0947 6
    endloop
  endfacet
  facet normal 0.146347 0.989233 0
    outer loop
      vertex -14.2146 -15.0789 6
      vertex -14.1078 -15.0947 0
      vertex -14.2146 -15.0789 0
    endloop
  endfacet
  facet normal 0.671519 0.740987 -0
    outer loop
      vertex -14.6978 -14.8503 0
      vertex -14.7778 -14.7778 6
      vertex -14.6978 -14.8503 6
    endloop
  endfacet
  facet normal 0.671519 0.740987 0
    outer loop
      vertex -14.7778 -14.7778 6
      vertex -14.6978 -14.8503 0
      vertex -14.7778 -14.7778 0
    endloop
  endfacet
  facet normal 0.803212 0.595693 0
    outer loop
      vertex -14.8503 -14.6978 6
      vertex -14.9146 -14.6111 0
      vertex -14.9146 -14.6111 6
    endloop
  endfacet
  facet normal 0.803212 0.595693 0
    outer loop
      vertex -14.9146 -14.6111 0
      vertex -14.8503 -14.6978 6
      vertex -14.8503 -14.6978 0
    endloop
  endfacet
  facet normal 0.903681 0.428206 0
    outer loop
      vertex -14.9701 -14.5185 6
      vertex -15.0163 -14.421 0
      vertex -15.0163 -14.421 6
    endloop
  endfacet
  facet normal 0.903681 0.428206 0
    outer loop
      vertex -15.0163 -14.421 0
      vertex -14.9701 -14.5185 6
      vertex -14.9701 -14.5185 0
    endloop
  endfacet
  facet normal -0.243625 0.969869 0
    outer loop
      vertex -13.6807 -15.0526 0
      vertex -13.7854 -15.0789 6
      vertex -13.6807 -15.0526 6
    endloop
  endfacet
  facet normal -0.243625 0.969869 0
    outer loop
      vertex -13.7854 -15.0789 6
      vertex -13.6807 -15.0526 0
      vertex -13.7854 -15.0789 0
    endloop
  endfacet
  facet normal -0.595693 0.803212 0
    outer loop
      vertex -13.3022 -14.8503 0
      vertex -13.3889 -14.9146 6
      vertex -13.3022 -14.8503 6
    endloop
  endfacet
  facet normal -0.595693 0.803212 0
    outer loop
      vertex -13.3889 -14.9146 6
      vertex -13.3022 -14.8503 0
      vertex -13.3889 -14.9146 0
    endloop
  endfacet
  facet normal -0.740987 0.671519 0
    outer loop
      vertex -13.2222 -14.7778 0
      vertex -13.1497 -14.6978 6
      vertex -13.1497 -14.6978 0
    endloop
  endfacet
  facet normal -0.740987 0.671519 0
    outer loop
      vertex -13.1497 -14.6978 6
      vertex -13.2222 -14.7778 0
      vertex -13.2222 -14.7778 6
    endloop
  endfacet
  facet normal 0.243625 0.969869 -0
    outer loop
      vertex -14.2146 -15.0789 0
      vertex -14.3193 -15.0526 6
      vertex -14.2146 -15.0789 6
    endloop
  endfacet
  facet normal 0.243625 0.969869 0
    outer loop
      vertex -14.3193 -15.0526 6
      vertex -14.2146 -15.0789 0
      vertex -14.3193 -15.0526 0
    endloop
  endfacet
  facet normal 0.595693 0.803212 -0
    outer loop
      vertex -14.6111 -14.9146 0
      vertex -14.6978 -14.8503 6
      vertex -14.6111 -14.9146 6
    endloop
  endfacet
  facet normal 0.595693 0.803212 0
    outer loop
      vertex -14.6978 -14.8503 6
      vertex -14.6111 -14.9146 0
      vertex -14.6978 -14.8503 0
    endloop
  endfacet
  facet normal 0.857738 0.514087 0
    outer loop
      vertex -14.9146 -14.6111 6
      vertex -14.9701 -14.5185 0
      vertex -14.9701 -14.5185 6
    endloop
  endfacet
  facet normal 0.857738 0.514087 0
    outer loop
      vertex -14.9701 -14.5185 0
      vertex -14.9146 -14.6111 6
      vertex -14.9146 -14.6111 0
    endloop
  endfacet
  facet normal 0.428206 0.903681 -0
    outer loop
      vertex -14.421 -15.0163 0
      vertex -14.5185 -14.9701 6
      vertex -14.421 -15.0163 6
    endloop
  endfacet
  facet normal 0.428206 0.903681 0
    outer loop
      vertex -14.5185 -14.9701 6
      vertex -14.421 -15.0163 0
      vertex -14.5185 -14.9701 0
    endloop
  endfacet
  facet normal 0.514087 0.857738 -0
    outer loop
      vertex -14.5185 -14.9701 0
      vertex -14.6111 -14.9146 6
      vertex -14.5185 -14.9701 6
    endloop
  endfacet
  facet normal 0.514087 0.857738 0
    outer loop
      vertex -14.6111 -14.9146 6
      vertex -14.5185 -14.9701 0
      vertex -14.6111 -14.9146 0
    endloop
  endfacet
  facet normal 0.33616 0.941805 -0
    outer loop
      vertex -14.3193 -15.0526 0
      vertex -14.421 -15.0163 6
      vertex -14.3193 -15.0526 6
    endloop
  endfacet
  facet normal 0.33616 0.941805 0
    outer loop
      vertex -14.421 -15.0163 6
      vertex -14.3193 -15.0526 0
      vertex -14.421 -15.0163 0
    endloop
  endfacet
  facet normal -0.969869 -0.243625 0
    outer loop
      vertex -12.9211 14.2146 0
      vertex -12.9474 14.3193 6
      vertex -12.9474 14.3193 0
    endloop
  endfacet
  facet normal -0.969869 -0.243625 0
    outer loop
      vertex -12.9474 14.3193 6
      vertex -12.9211 14.2146 0
      vertex -12.9211 14.2146 6
    endloop
  endfacet
  facet normal -0.998794 -0.0491058 0
    outer loop
      vertex -12.9 14 0
      vertex -12.9053 14.1078 6
      vertex -12.9053 14.1078 0
    endloop
  endfacet
  facet normal -0.998794 -0.0491058 0
    outer loop
      vertex -12.9053 14.1078 6
      vertex -12.9 14 0
      vertex -12.9 14 6
    endloop
  endfacet
  facet normal 0.0491058 -0.998794 0
    outer loop
      vertex -14.1078 15.0947 0
      vertex -14 15.1 6
      vertex -14.1078 15.0947 6
    endloop
  endfacet
  facet normal 0.0491058 -0.998794 0
    outer loop
      vertex -14 15.1 6
      vertex -14.1078 15.0947 0
      vertex -14 15.1 0
    endloop
  endfacet
  facet normal -0.671519 -0.740987 0
    outer loop
      vertex -13.3022 14.8503 0
      vertex -13.2222 14.7778 6
      vertex -13.3022 14.8503 6
    endloop
  endfacet
  facet normal -0.671519 -0.740987 -0
    outer loop
      vertex -13.2222 14.7778 6
      vertex -13.3022 14.8503 0
      vertex -13.2222 14.7778 0
    endloop
  endfacet
  facet normal 0.740987 -0.671519 0
    outer loop
      vertex -14.8503 14.6978 6
      vertex -14.7778 14.7778 0
      vertex -14.7778 14.7778 6
    endloop
  endfacet
  facet normal 0.740987 -0.671519 0
    outer loop
      vertex -14.7778 14.7778 0
      vertex -14.8503 14.6978 6
      vertex -14.8503 14.6978 0
    endloop
  endfacet
  facet normal 0.428206 -0.903681 0
    outer loop
      vertex -14.5185 14.9701 0
      vertex -14.421 15.0163 6
      vertex -14.5185 14.9701 6
    endloop
  endfacet
  facet normal 0.428206 -0.903681 0
    outer loop
      vertex -14.421 15.0163 6
      vertex -14.5185 14.9701 0
      vertex -14.421 15.0163 0
    endloop
  endfacet
  facet normal 0.740987 0.671519 0
    outer loop
      vertex -14.7778 13.2222 6
      vertex -14.8503 13.3022 0
      vertex -14.8503 13.3022 6
    endloop
  endfacet
  facet normal 0.740987 0.671519 0
    outer loop
      vertex -14.8503 13.3022 0
      vertex -14.7778 13.2222 6
      vertex -14.7778 13.2222 0
    endloop
  endfacet
  facet normal -0.941805 -0.33616 0
    outer loop
      vertex -12.9474 14.3193 0
      vertex -12.9837 14.421 6
      vertex -12.9837 14.421 0
    endloop
  endfacet
  facet normal -0.941805 -0.33616 0
    outer loop
      vertex -12.9837 14.421 6
      vertex -12.9474 14.3193 0
      vertex -12.9474 14.3193 6
    endloop
  endfacet
  facet normal -0.33616 -0.941805 0
    outer loop
      vertex -13.6807 15.0526 0
      vertex -13.579 15.0163 6
      vertex -13.6807 15.0526 6
    endloop
  endfacet
  facet normal -0.33616 -0.941805 -0
    outer loop
      vertex -13.579 15.0163 6
      vertex -13.6807 15.0526 0
      vertex -13.579 15.0163 0
    endloop
  endfacet
  facet normal 0.903681 -0.428206 0
    outer loop
      vertex -15.0163 14.421 6
      vertex -14.9701 14.5185 0
      vertex -14.9701 14.5185 6
    endloop
  endfacet
  facet normal 0.903681 -0.428206 0
    outer loop
      vertex -14.9701 14.5185 0
      vertex -15.0163 14.421 6
      vertex -15.0163 14.421 0
    endloop
  endfacet
  facet normal 0.857738 -0.514087 0
    outer loop
      vertex -14.9701 14.5185 6
      vertex -14.9146 14.6111 0
      vertex -14.9146 14.6111 6
    endloop
  endfacet
  facet normal 0.857738 -0.514087 0
    outer loop
      vertex -14.9146 14.6111 0
      vertex -14.9701 14.5185 6
      vertex -14.9701 14.5185 0
    endloop
  endfacet
  facet normal 0.998794 0.0491058 0
    outer loop
      vertex -15.0947 13.8922 6
      vertex -15.1 14 0
      vertex -15.1 14 6
    endloop
  endfacet
  facet normal 0.998794 0.0491058 0
    outer loop
      vertex -15.1 14 0
      vertex -15.0947 13.8922 6
      vertex -15.0947 13.8922 0
    endloop
  endfacet
  facet normal -0.903681 0.428206 0
    outer loop
      vertex -13.0299 13.4815 0
      vertex -12.9837 13.579 6
      vertex -12.9837 13.579 0
    endloop
  endfacet
  facet normal -0.903681 0.428206 0
    outer loop
      vertex -12.9837 13.579 6
      vertex -13.0299 13.4815 0
      vertex -13.0299 13.4815 6
    endloop
  endfacet
  facet normal -0.33616 0.941805 0
    outer loop
      vertex -13.579 12.9837 0
      vertex -13.6807 12.9474 6
      vertex -13.579 12.9837 6
    endloop
  endfacet
  facet normal -0.33616 0.941805 0
    outer loop
      vertex -13.6807 12.9474 6
      vertex -13.579 12.9837 0
      vertex -13.6807 12.9474 0
    endloop
  endfacet
  facet normal -0.740987 0.671519 0
    outer loop
      vertex -13.2222 13.2222 0
      vertex -13.1497 13.3022 6
      vertex -13.1497 13.3022 0
    endloop
  endfacet
  facet normal -0.740987 0.671519 0
    outer loop
      vertex -13.1497 13.3022 6
      vertex -13.2222 13.2222 0
      vertex -13.2222 13.2222 6
    endloop
  endfacet
  facet normal -0.969869 0.243625 0
    outer loop
      vertex -12.9474 13.6807 0
      vertex -12.9211 13.7854 6
      vertex -12.9211 13.7854 0
    endloop
  endfacet
  facet normal -0.969869 0.243625 0
    outer loop
      vertex -12.9211 13.7854 6
      vertex -12.9474 13.6807 0
      vertex -12.9474 13.6807 6
    endloop
  endfacet
  facet normal 0.243625 0.969869 -0
    outer loop
      vertex -14.2146 12.9211 0
      vertex -14.3193 12.9474 6
      vertex -14.2146 12.9211 6
    endloop
  endfacet
  facet normal 0.243625 0.969869 0
    outer loop
      vertex -14.3193 12.9474 6
      vertex -14.2146 12.9211 0
      vertex -14.3193 12.9474 0
    endloop
  endfacet
  facet normal 0.428206 0.903681 -0
    outer loop
      vertex -14.421 12.9837 0
      vertex -14.5185 13.0299 6
      vertex -14.421 12.9837 6
    endloop
  endfacet
  facet normal 0.428206 0.903681 0
    outer loop
      vertex -14.5185 13.0299 6
      vertex -14.421 12.9837 0
      vertex -14.5185 13.0299 0
    endloop
  endfacet
  facet normal -0.989233 -0.146347 0
    outer loop
      vertex -12.9053 14.1078 0
      vertex -12.9211 14.2146 6
      vertex -12.9211 14.2146 0
    endloop
  endfacet
  facet normal -0.989233 -0.146347 0
    outer loop
      vertex -12.9211 14.2146 6
      vertex -12.9053 14.1078 0
      vertex -12.9053 14.1078 6
    endloop
  endfacet
  facet normal -0.903681 -0.428206 0
    outer loop
      vertex -12.9837 14.421 0
      vertex -13.0299 14.5185 6
      vertex -13.0299 14.5185 0
    endloop
  endfacet
  facet normal -0.903681 -0.428206 0
    outer loop
      vertex -13.0299 14.5185 6
      vertex -12.9837 14.421 0
      vertex -12.9837 14.421 6
    endloop
  endfacet
  facet normal -0.857738 -0.514087 0
    outer loop
      vertex -13.0299 14.5185 0
      vertex -13.0854 14.6111 6
      vertex -13.0854 14.6111 0
    endloop
  endfacet
  facet normal -0.857738 -0.514087 0
    outer loop
      vertex -13.0854 14.6111 6
      vertex -13.0299 14.5185 0
      vertex -13.0299 14.5185 6
    endloop
  endfacet
  facet normal -0.740987 -0.671519 0
    outer loop
      vertex -13.1497 14.6978 0
      vertex -13.2222 14.7778 6
      vertex -13.2222 14.7778 0
    endloop
  endfacet
  facet normal -0.740987 -0.671519 0
    outer loop
      vertex -13.2222 14.7778 6
      vertex -13.1497 14.6978 0
      vertex -13.1497 14.6978 6
    endloop
  endfacet
  facet normal -0.803212 -0.595693 0
    outer loop
      vertex -13.0854 14.6111 0
      vertex -13.1497 14.6978 6
      vertex -13.1497 14.6978 0
    endloop
  endfacet
  facet normal -0.803212 -0.595693 0
    outer loop
      vertex -13.1497 14.6978 6
      vertex -13.0854 14.6111 0
      vertex -13.0854 14.6111 6
    endloop
  endfacet
  facet normal -0.146347 -0.989233 0
    outer loop
      vertex -13.8922 15.0947 0
      vertex -13.7854 15.0789 6
      vertex -13.8922 15.0947 6
    endloop
  endfacet
  facet normal -0.146347 -0.989233 -0
    outer loop
      vertex -13.7854 15.0789 6
      vertex -13.8922 15.0947 0
      vertex -13.7854 15.0789 0
    endloop
  endfacet
  facet normal -0.595693 -0.803212 0
    outer loop
      vertex -13.3889 14.9146 0
      vertex -13.3022 14.8503 6
      vertex -13.3889 14.9146 6
    endloop
  endfacet
  facet normal -0.595693 -0.803212 -0
    outer loop
      vertex -13.3022 14.8503 6
      vertex -13.3889 14.9146 0
      vertex -13.3022 14.8503 0
    endloop
  endfacet
  facet normal -0.428206 -0.903681 0
    outer loop
      vertex -13.579 15.0163 0
      vertex -13.4815 14.9701 6
      vertex -13.579 15.0163 6
    endloop
  endfacet
  facet normal -0.428206 -0.903681 -0
    outer loop
      vertex -13.4815 14.9701 6
      vertex -13.579 15.0163 0
      vertex -13.4815 14.9701 0
    endloop
  endfacet
  facet normal -0.514087 -0.857738 0
    outer loop
      vertex -13.4815 14.9701 0
      vertex -13.3889 14.9146 6
      vertex -13.4815 14.9701 6
    endloop
  endfacet
  facet normal -0.514087 -0.857738 -0
    outer loop
      vertex -13.3889 14.9146 6
      vertex -13.4815 14.9701 0
      vertex -13.3889 14.9146 0
    endloop
  endfacet
  facet normal 0.941805 -0.33616 0
    outer loop
      vertex -15.0526 14.3193 6
      vertex -15.0163 14.421 0
      vertex -15.0163 14.421 6
    endloop
  endfacet
  facet normal 0.941805 -0.33616 0
    outer loop
      vertex -15.0163 14.421 0
      vertex -15.0526 14.3193 6
      vertex -15.0526 14.3193 0
    endloop
  endfacet
  facet normal 0.989233 -0.146347 0
    outer loop
      vertex -15.0947 14.1078 6
      vertex -15.0789 14.2146 0
      vertex -15.0789 14.2146 6
    endloop
  endfacet
  facet normal 0.989233 -0.146347 0
    outer loop
      vertex -15.0789 14.2146 0
      vertex -15.0947 14.1078 6
      vertex -15.0947 14.1078 0
    endloop
  endfacet
  facet normal 0.595693 -0.803212 0
    outer loop
      vertex -14.6978 14.8503 0
      vertex -14.6111 14.9146 6
      vertex -14.6978 14.8503 6
    endloop
  endfacet
  facet normal 0.595693 -0.803212 0
    outer loop
      vertex -14.6111 14.9146 6
      vertex -14.6978 14.8503 0
      vertex -14.6111 14.9146 0
    endloop
  endfacet
  facet normal 0.146347 -0.989233 0
    outer loop
      vertex -14.2146 15.0789 0
      vertex -14.1078 15.0947 6
      vertex -14.2146 15.0789 6
    endloop
  endfacet
  facet normal 0.146347 -0.989233 0
    outer loop
      vertex -14.1078 15.0947 6
      vertex -14.2146 15.0789 0
      vertex -14.1078 15.0947 0
    endloop
  endfacet
  facet normal 0.33616 -0.941805 0
    outer loop
      vertex -14.421 15.0163 0
      vertex -14.3193 15.0526 6
      vertex -14.421 15.0163 6
    endloop
  endfacet
  facet normal 0.33616 -0.941805 0
    outer loop
      vertex -14.3193 15.0526 6
      vertex -14.421 15.0163 0
      vertex -14.3193 15.0526 0
    endloop
  endfacet
  facet normal 0.243625 -0.969869 0
    outer loop
      vertex -14.3193 15.0526 0
      vertex -14.2146 15.0789 6
      vertex -14.3193 15.0526 6
    endloop
  endfacet
  facet normal 0.243625 -0.969869 0
    outer loop
      vertex -14.2146 15.0789 6
      vertex -14.3193 15.0526 0
      vertex -14.2146 15.0789 0
    endloop
  endfacet
  facet normal -0.146347 0.989233 0
    outer loop
      vertex -13.7854 12.9211 0
      vertex -13.8922 12.9053 6
      vertex -13.7854 12.9211 6
    endloop
  endfacet
  facet normal -0.146347 0.989233 0
    outer loop
      vertex -13.8922 12.9053 6
      vertex -13.7854 12.9211 0
      vertex -13.8922 12.9053 0
    endloop
  endfacet
  facet normal -0.243625 0.969869 0
    outer loop
      vertex -13.6807 12.9474 0
      vertex -13.7854 12.9211 6
      vertex -13.6807 12.9474 6
    endloop
  endfacet
  facet normal -0.243625 0.969869 0
    outer loop
      vertex -13.7854 12.9211 6
      vertex -13.6807 12.9474 0
      vertex -13.7854 12.9211 0
    endloop
  endfacet
  facet normal -0.514087 0.857738 0
    outer loop
      vertex -13.3889 13.0854 0
      vertex -13.4815 13.0299 6
      vertex -13.3889 13.0854 6
    endloop
  endfacet
  facet normal -0.514087 0.857738 0
    outer loop
      vertex -13.4815 13.0299 6
      vertex -13.3889 13.0854 0
      vertex -13.4815 13.0299 0
    endloop
  endfacet
  facet normal -0.671519 0.740987 0
    outer loop
      vertex -13.2222 13.2222 0
      vertex -13.3022 13.1497 6
      vertex -13.2222 13.2222 6
    endloop
  endfacet
  facet normal -0.671519 0.740987 0
    outer loop
      vertex -13.3022 13.1497 6
      vertex -13.2222 13.2222 0
      vertex -13.3022 13.1497 0
    endloop
  endfacet
  facet normal -0.803212 0.595693 0
    outer loop
      vertex -13.1497 13.3022 0
      vertex -13.0854 13.3889 6
      vertex -13.0854 13.3889 0
    endloop
  endfacet
  facet normal -0.803212 0.595693 0
    outer loop
      vertex -13.0854 13.3889 6
      vertex -13.1497 13.3022 0
      vertex -13.1497 13.3022 6
    endloop
  endfacet
  facet normal -0.857738 0.514087 0
    outer loop
      vertex -13.0854 13.3889 0
      vertex -13.0299 13.4815 6
      vertex -13.0299 13.4815 0
    endloop
  endfacet
  facet normal -0.857738 0.514087 0
    outer loop
      vertex -13.0299 13.4815 6
      vertex -13.0854 13.3889 0
      vertex -13.0854 13.3889 6
    endloop
  endfacet
  facet normal 0.0491058 0.998794 -0
    outer loop
      vertex -14 12.9 0
      vertex -14.1078 12.9053 6
      vertex -14 12.9 6
    endloop
  endfacet
  facet normal 0.0491058 0.998794 0
    outer loop
      vertex -14.1078 12.9053 6
      vertex -14 12.9 0
      vertex -14.1078 12.9053 0
    endloop
  endfacet
  facet normal 0.595693 0.803212 -0
    outer loop
      vertex -14.6111 13.0854 0
      vertex -14.6978 13.1497 6
      vertex -14.6111 13.0854 6
    endloop
  endfacet
  facet normal 0.595693 0.803212 0
    outer loop
      vertex -14.6978 13.1497 6
      vertex -14.6111 13.0854 0
      vertex -14.6978 13.1497 0
    endloop
  endfacet
  facet normal 0.33616 0.941805 -0
    outer loop
      vertex -14.3193 12.9474 0
      vertex -14.421 12.9837 6
      vertex -14.3193 12.9474 6
    endloop
  endfacet
  facet normal 0.33616 0.941805 0
    outer loop
      vertex -14.421 12.9837 6
      vertex -14.3193 12.9474 0
      vertex -14.421 12.9837 0
    endloop
  endfacet
  facet normal -0.0491058 0.998794 0
    outer loop
      vertex -13.8922 12.9053 0
      vertex -14 12.9 6
      vertex -13.8922 12.9053 6
    endloop
  endfacet
  facet normal -0.0491058 0.998794 0
    outer loop
      vertex -14 12.9 6
      vertex -13.8922 12.9053 0
      vertex -14 12.9 0
    endloop
  endfacet
  facet normal 0.514087 0.857738 -0
    outer loop
      vertex -14.5185 13.0299 0
      vertex -14.6111 13.0854 6
      vertex -14.5185 13.0299 6
    endloop
  endfacet
  facet normal 0.514087 0.857738 0
    outer loop
      vertex -14.6111 13.0854 6
      vertex -14.5185 13.0299 0
      vertex -14.6111 13.0854 0
    endloop
  endfacet
  facet normal 0.671519 0.740987 -0
    outer loop
      vertex -14.6978 13.1497 0
      vertex -14.7778 13.2222 6
      vertex -14.6978 13.1497 6
    endloop
  endfacet
  facet normal 0.671519 0.740987 0
    outer loop
      vertex -14.7778 13.2222 6
      vertex -14.6978 13.1497 0
      vertex -14.7778 13.2222 0
    endloop
  endfacet
  facet normal 0.857738 0.514087 0
    outer loop
      vertex -14.9146 13.3889 6
      vertex -14.9701 13.4815 0
      vertex -14.9701 13.4815 6
    endloop
  endfacet
  facet normal 0.857738 0.514087 0
    outer loop
      vertex -14.9701 13.4815 0
      vertex -14.9146 13.3889 6
      vertex -14.9146 13.3889 0
    endloop
  endfacet
  facet normal 0.941805 0.33616 0
    outer loop
      vertex -15.0163 13.579 6
      vertex -15.0526 13.6807 0
      vertex -15.0526 13.6807 6
    endloop
  endfacet
  facet normal 0.941805 0.33616 0
    outer loop
      vertex -15.0526 13.6807 0
      vertex -15.0163 13.579 6
      vertex -15.0163 13.579 0
    endloop
  endfacet
  facet normal 0.989233 0.146347 0
    outer loop
      vertex -15.0789 13.7854 6
      vertex -15.0947 13.8922 0
      vertex -15.0947 13.8922 6
    endloop
  endfacet
  facet normal 0.989233 0.146347 0
    outer loop
      vertex -15.0947 13.8922 0
      vertex -15.0789 13.7854 6
      vertex -15.0789 13.7854 0
    endloop
  endfacet
  facet normal 0.903681 0.428206 0
    outer loop
      vertex -14.9701 13.4815 6
      vertex -15.0163 13.579 0
      vertex -15.0163 13.579 6
    endloop
  endfacet
  facet normal 0.903681 0.428206 0
    outer loop
      vertex -15.0163 13.579 0
      vertex -14.9701 13.4815 6
      vertex -14.9701 13.4815 0
    endloop
  endfacet
  facet normal -0.0491058 -0.998794 0
    outer loop
      vertex -14 15.1 0
      vertex -13.8922 15.0947 6
      vertex -14 15.1 6
    endloop
  endfacet
  facet normal -0.0491058 -0.998794 -0
    outer loop
      vertex -13.8922 15.0947 6
      vertex -14 15.1 0
      vertex -13.8922 15.0947 0
    endloop
  endfacet
  facet normal -0.243625 -0.969869 0
    outer loop
      vertex -13.7854 15.0789 0
      vertex -13.6807 15.0526 6
      vertex -13.7854 15.0789 6
    endloop
  endfacet
  facet normal -0.243625 -0.969869 -0
    outer loop
      vertex -13.6807 15.0526 6
      vertex -13.7854 15.0789 0
      vertex -13.6807 15.0526 0
    endloop
  endfacet
  facet normal 0.803212 -0.595693 0
    outer loop
      vertex -14.9146 14.6111 6
      vertex -14.8503 14.6978 0
      vertex -14.8503 14.6978 6
    endloop
  endfacet
  facet normal 0.803212 -0.595693 0
    outer loop
      vertex -14.8503 14.6978 0
      vertex -14.9146 14.6111 6
      vertex -14.9146 14.6111 0
    endloop
  endfacet
  facet normal 0.998794 -0.0491058 0
    outer loop
      vertex -15.1 14 6
      vertex -15.0947 14.1078 0
      vertex -15.0947 14.1078 6
    endloop
  endfacet
  facet normal 0.998794 -0.0491058 0
    outer loop
      vertex -15.0947 14.1078 0
      vertex -15.1 14 6
      vertex -15.1 14 0
    endloop
  endfacet
  facet normal 0.969869 -0.243625 0
    outer loop
      vertex -15.0789 14.2146 6
      vertex -15.0526 14.3193 0
      vertex -15.0526 14.3193 6
    endloop
  endfacet
  facet normal 0.969869 -0.243625 0
    outer loop
      vertex -15.0526 14.3193 0
      vertex -15.0789 14.2146 6
      vertex -15.0789 14.2146 0
    endloop
  endfacet
  facet normal 0.671519 -0.740987 0
    outer loop
      vertex -14.7778 14.7778 0
      vertex -14.6978 14.8503 6
      vertex -14.7778 14.7778 6
    endloop
  endfacet
  facet normal 0.671519 -0.740987 0
    outer loop
      vertex -14.6978 14.8503 6
      vertex -14.7778 14.7778 0
      vertex -14.6978 14.8503 0
    endloop
  endfacet
  facet normal 0.514087 -0.857738 0
    outer loop
      vertex -14.6111 14.9146 0
      vertex -14.5185 14.9701 6
      vertex -14.6111 14.9146 6
    endloop
  endfacet
  facet normal 0.514087 -0.857738 0
    outer loop
      vertex -14.5185 14.9701 6
      vertex -14.6111 14.9146 0
      vertex -14.5185 14.9701 0
    endloop
  endfacet
  facet normal -0.428206 0.903681 0
    outer loop
      vertex -13.4815 13.0299 0
      vertex -13.579 12.9837 6
      vertex -13.4815 13.0299 6
    endloop
  endfacet
  facet normal -0.428206 0.903681 0
    outer loop
      vertex -13.579 12.9837 6
      vertex -13.4815 13.0299 0
      vertex -13.579 12.9837 0
    endloop
  endfacet
  facet normal -0.595693 0.803212 0
    outer loop
      vertex -13.3022 13.1497 0
      vertex -13.3889 13.0854 6
      vertex -13.3022 13.1497 6
    endloop
  endfacet
  facet normal -0.595693 0.803212 0
    outer loop
      vertex -13.3889 13.0854 6
      vertex -13.3022 13.1497 0
      vertex -13.3889 13.0854 0
    endloop
  endfacet
  facet normal -0.941805 0.33616 0
    outer loop
      vertex -12.9837 13.579 0
      vertex -12.9474 13.6807 6
      vertex -12.9474 13.6807 0
    endloop
  endfacet
  facet normal -0.941805 0.33616 0
    outer loop
      vertex -12.9474 13.6807 6
      vertex -12.9837 13.579 0
      vertex -12.9837 13.579 6
    endloop
  endfacet
  facet normal -0.989233 0.146347 0
    outer loop
      vertex -12.9211 13.7854 0
      vertex -12.9053 13.8922 6
      vertex -12.9053 13.8922 0
    endloop
  endfacet
  facet normal -0.989233 0.146347 0
    outer loop
      vertex -12.9053 13.8922 6
      vertex -12.9211 13.7854 0
      vertex -12.9211 13.7854 6
    endloop
  endfacet
  facet normal -0.998794 0.0491058 0
    outer loop
      vertex -12.9053 13.8922 0
      vertex -12.9 14 6
      vertex -12.9 14 0
    endloop
  endfacet
  facet normal -0.998794 0.0491058 0
    outer loop
      vertex -12.9 14 6
      vertex -12.9053 13.8922 0
      vertex -12.9053 13.8922 6
    endloop
  endfacet
  facet normal 0.146347 0.989233 -0
    outer loop
      vertex -14.1078 12.9053 0
      vertex -14.2146 12.9211 6
      vertex -14.1078 12.9053 6
    endloop
  endfacet
  facet normal 0.146347 0.989233 0
    outer loop
      vertex -14.2146 12.9211 6
      vertex -14.1078 12.9053 0
      vertex -14.2146 12.9211 0
    endloop
  endfacet
  facet normal 0.803212 0.595693 0
    outer loop
      vertex -14.8503 13.3022 6
      vertex -14.9146 13.3889 0
      vertex -14.9146 13.3889 6
    endloop
  endfacet
  facet normal 0.803212 0.595693 0
    outer loop
      vertex -14.9146 13.3889 0
      vertex -14.8503 13.3022 6
      vertex -14.8503 13.3022 0
    endloop
  endfacet
  facet normal 0.969869 0.243625 0
    outer loop
      vertex -15.0526 13.6807 6
      vertex -15.0789 13.7854 0
      vertex -15.0789 13.7854 6
    endloop
  endfacet
  facet normal 0.969869 0.243625 0
    outer loop
      vertex -15.0789 13.7854 0
      vertex -15.0526 13.6807 6
      vertex -15.0526 13.6807 0
    endloop
  endfacet
  facet normal -0.857738 -0.514087 0
    outer loop
      vertex 14.9701 -13.4815 0
      vertex 14.9146 -13.3889 6
      vertex 14.9146 -13.3889 0
    endloop
  endfacet
  facet normal -0.857738 -0.514087 0
    outer loop
      vertex 14.9146 -13.3889 6
      vertex 14.9701 -13.4815 0
      vertex 14.9701 -13.4815 6
    endloop
  endfacet
  facet normal -0.33616 -0.941805 0
    outer loop
      vertex 14.3193 -12.9474 0
      vertex 14.421 -12.9837 6
      vertex 14.3193 -12.9474 6
    endloop
  endfacet
  facet normal -0.33616 -0.941805 -0
    outer loop
      vertex 14.421 -12.9837 6
      vertex 14.3193 -12.9474 0
      vertex 14.421 -12.9837 0
    endloop
  endfacet
  facet normal 0.428206 -0.903681 0
    outer loop
      vertex 13.4815 -13.0299 0
      vertex 13.579 -12.9837 6
      vertex 13.4815 -13.0299 6
    endloop
  endfacet
  facet normal 0.428206 -0.903681 0
    outer loop
      vertex 13.579 -12.9837 6
      vertex 13.4815 -13.0299 0
      vertex 13.579 -12.9837 0
    endloop
  endfacet
  facet normal 0.941805 -0.33616 0
    outer loop
      vertex 12.9474 -13.6807 6
      vertex 12.9837 -13.579 0
      vertex 12.9837 -13.579 6
    endloop
  endfacet
  facet normal 0.941805 -0.33616 0
    outer loop
      vertex 12.9837 -13.579 0
      vertex 12.9474 -13.6807 6
      vertex 12.9474 -13.6807 0
    endloop
  endfacet
  facet normal -0.998794 0.0491058 0
    outer loop
      vertex 15.0947 -14.1078 0
      vertex 15.1 -14 6
      vertex 15.1 -14 0
    endloop
  endfacet
  facet normal -0.998794 0.0491058 0
    outer loop
      vertex 15.1 -14 6
      vertex 15.0947 -14.1078 0
      vertex 15.0947 -14.1078 6
    endloop
  endfacet
  facet normal -0.0491058 -0.998794 0
    outer loop
      vertex 14 -12.9 0
      vertex 14.1078 -12.9053 6
      vertex 14 -12.9 6
    endloop
  endfacet
  facet normal -0.0491058 -0.998794 -0
    outer loop
      vertex 14.1078 -12.9053 6
      vertex 14 -12.9 0
      vertex 14.1078 -12.9053 0
    endloop
  endfacet
  facet normal -0.514087 -0.857738 0
    outer loop
      vertex 14.5185 -13.0299 0
      vertex 14.6111 -13.0854 6
      vertex 14.5185 -13.0299 6
    endloop
  endfacet
  facet normal -0.514087 -0.857738 -0
    outer loop
      vertex 14.6111 -13.0854 6
      vertex 14.5185 -13.0299 0
      vertex 14.6111 -13.0854 0
    endloop
  endfacet
  facet normal 0.998794 -0.0491058 0
    outer loop
      vertex 12.9 -14 6
      vertex 12.9053 -13.8922 0
      vertex 12.9053 -13.8922 6
    endloop
  endfacet
  facet normal 0.998794 -0.0491058 0
    outer loop
      vertex 12.9053 -13.8922 0
      vertex 12.9 -14 6
      vertex 12.9 -14 0
    endloop
  endfacet
  facet normal 0.803212 -0.595693 0
    outer loop
      vertex 13.0854 -13.3889 6
      vertex 13.1497 -13.3022 0
      vertex 13.1497 -13.3022 6
    endloop
  endfacet
  facet normal 0.803212 -0.595693 0
    outer loop
      vertex 13.1497 -13.3022 0
      vertex 13.0854 -13.3889 6
      vertex 13.0854 -13.3889 0
    endloop
  endfacet
  facet normal 0.243625 -0.969869 0
    outer loop
      vertex 13.6807 -12.9474 0
      vertex 13.7854 -12.9211 6
      vertex 13.6807 -12.9474 6
    endloop
  endfacet
  facet normal 0.243625 -0.969869 0
    outer loop
      vertex 13.7854 -12.9211 6
      vertex 13.6807 -12.9474 0
      vertex 13.7854 -12.9211 0
    endloop
  endfacet
  facet normal -0.514087 0.857738 0
    outer loop
      vertex 14.6111 -14.9146 0
      vertex 14.5185 -14.9701 6
      vertex 14.6111 -14.9146 6
    endloop
  endfacet
  facet normal -0.514087 0.857738 0
    outer loop
      vertex 14.5185 -14.9701 6
      vertex 14.6111 -14.9146 0
      vertex 14.5185 -14.9701 0
    endloop
  endfacet
  facet normal -0.989233 -0.146347 0
    outer loop
      vertex 15.0947 -13.8922 0
      vertex 15.0789 -13.7854 6
      vertex 15.0789 -13.7854 0
    endloop
  endfacet
  facet normal -0.989233 -0.146347 0
    outer loop
      vertex 15.0789 -13.7854 6
      vertex 15.0947 -13.8922 0
      vertex 15.0947 -13.8922 6
    endloop
  endfacet
  facet normal -0.803212 -0.595693 0
    outer loop
      vertex 14.9146 -13.3889 0
      vertex 14.8503 -13.3022 6
      vertex 14.8503 -13.3022 0
    endloop
  endfacet
  facet normal -0.803212 -0.595693 0
    outer loop
      vertex 14.8503 -13.3022 6
      vertex 14.9146 -13.3889 0
      vertex 14.9146 -13.3889 6
    endloop
  endfacet
  facet normal -0.671519 -0.740987 0
    outer loop
      vertex 14.6978 -13.1497 0
      vertex 14.7778 -13.2222 6
      vertex 14.6978 -13.1497 6
    endloop
  endfacet
  facet normal -0.671519 -0.740987 -0
    outer loop
      vertex 14.7778 -13.2222 6
      vertex 14.6978 -13.1497 0
      vertex 14.7778 -13.2222 0
    endloop
  endfacet
  facet normal -0.740987 -0.671519 0
    outer loop
      vertex 14.8503 -13.3022 0
      vertex 14.7778 -13.2222 6
      vertex 14.7778 -13.2222 0
    endloop
  endfacet
  facet normal -0.740987 -0.671519 0
    outer loop
      vertex 14.7778 -13.2222 6
      vertex 14.8503 -13.3022 0
      vertex 14.8503 -13.3022 6
    endloop
  endfacet
  facet normal 0.0491058 -0.998794 0
    outer loop
      vertex 13.8922 -12.9053 0
      vertex 14 -12.9 6
      vertex 13.8922 -12.9053 6
    endloop
  endfacet
  facet normal 0.0491058 -0.998794 0
    outer loop
      vertex 14 -12.9 6
      vertex 13.8922 -12.9053 0
      vertex 14 -12.9 0
    endloop
  endfacet
  facet normal -0.243625 -0.969869 0
    outer loop
      vertex 14.2146 -12.9211 0
      vertex 14.3193 -12.9474 6
      vertex 14.2146 -12.9211 6
    endloop
  endfacet
  facet normal -0.243625 -0.969869 -0
    outer loop
      vertex 14.3193 -12.9474 6
      vertex 14.2146 -12.9211 0
      vertex 14.3193 -12.9474 0
    endloop
  endfacet
  facet normal -0.146347 -0.989233 0
    outer loop
      vertex 14.1078 -12.9053 0
      vertex 14.2146 -12.9211 6
      vertex 14.1078 -12.9053 6
    endloop
  endfacet
  facet normal -0.146347 -0.989233 -0
    outer loop
      vertex 14.2146 -12.9211 6
      vertex 14.1078 -12.9053 0
      vertex 14.2146 -12.9211 0
    endloop
  endfacet
  facet normal -0.428206 -0.903681 0
    outer loop
      vertex 14.421 -12.9837 0
      vertex 14.5185 -13.0299 6
      vertex 14.421 -12.9837 6
    endloop
  endfacet
  facet normal -0.428206 -0.903681 -0
    outer loop
      vertex 14.5185 -13.0299 6
      vertex 14.421 -12.9837 0
      vertex 14.5185 -13.0299 0
    endloop
  endfacet
  facet normal -0.595693 -0.803212 0
    outer loop
      vertex 14.6111 -13.0854 0
      vertex 14.6978 -13.1497 6
      vertex 14.6111 -13.0854 6
    endloop
  endfacet
  facet normal -0.595693 -0.803212 -0
    outer loop
      vertex 14.6978 -13.1497 6
      vertex 14.6111 -13.0854 0
      vertex 14.6978 -13.1497 0
    endloop
  endfacet
  facet normal 0.969869 -0.243625 0
    outer loop
      vertex 12.9211 -13.7854 6
      vertex 12.9474 -13.6807 0
      vertex 12.9474 -13.6807 6
    endloop
  endfacet
  facet normal 0.969869 -0.243625 0
    outer loop
      vertex 12.9474 -13.6807 0
      vertex 12.9211 -13.7854 6
      vertex 12.9211 -13.7854 0
    endloop
  endfacet
  facet normal 0.989233 -0.146347 0
    outer loop
      vertex 12.9053 -13.8922 6
      vertex 12.9211 -13.7854 0
      vertex 12.9211 -13.7854 6
    endloop
  endfacet
  facet normal 0.989233 -0.146347 0
    outer loop
      vertex 12.9211 -13.7854 0
      vertex 12.9053 -13.8922 6
      vertex 12.9053 -13.8922 0
    endloop
  endfacet
  facet normal 0.903681 -0.428206 0
    outer loop
      vertex 12.9837 -13.579 6
      vertex 13.0299 -13.4815 0
      vertex 13.0299 -13.4815 6
    endloop
  endfacet
  facet normal 0.903681 -0.428206 0
    outer loop
      vertex 13.0299 -13.4815 0
      vertex 12.9837 -13.579 6
      vertex 12.9837 -13.579 0
    endloop
  endfacet
  facet normal 0.857738 -0.514087 0
    outer loop
      vertex 13.0299 -13.4815 6
      vertex 13.0854 -13.3889 0
      vertex 13.0854 -13.3889 6
    endloop
  endfacet
  facet normal 0.857738 -0.514087 0
    outer loop
      vertex 13.0854 -13.3889 0
      vertex 13.0299 -13.4815 6
      vertex 13.0299 -13.4815 0
    endloop
  endfacet
  facet normal 0.33616 -0.941805 0
    outer loop
      vertex 13.579 -12.9837 0
      vertex 13.6807 -12.9474 6
      vertex 13.579 -12.9837 6
    endloop
  endfacet
  facet normal 0.33616 -0.941805 0
    outer loop
      vertex 13.6807 -12.9474 6
      vertex 13.579 -12.9837 0
      vertex 13.6807 -12.9474 0
    endloop
  endfacet
  facet normal 0.146347 -0.989233 0
    outer loop
      vertex 13.7854 -12.9211 0
      vertex 13.8922 -12.9053 6
      vertex 13.7854 -12.9211 6
    endloop
  endfacet
  facet normal 0.146347 -0.989233 0
    outer loop
      vertex 13.8922 -12.9053 6
      vertex 13.7854 -12.9211 0
      vertex 13.8922 -12.9053 0
    endloop
  endfacet
  facet normal 0.595693 -0.803212 0
    outer loop
      vertex 13.3022 -13.1497 0
      vertex 13.3889 -13.0854 6
      vertex 13.3022 -13.1497 6
    endloop
  endfacet
  facet normal 0.595693 -0.803212 0
    outer loop
      vertex 13.3889 -13.0854 6
      vertex 13.3022 -13.1497 0
      vertex 13.3889 -13.0854 0
    endloop
  endfacet
  facet normal 0.671519 -0.740987 0
    outer loop
      vertex 13.2222 -13.2222 0
      vertex 13.3022 -13.1497 6
      vertex 13.2222 -13.2222 6
    endloop
  endfacet
  facet normal 0.671519 -0.740987 0
    outer loop
      vertex 13.3022 -13.1497 6
      vertex 13.2222 -13.2222 0
      vertex 13.3022 -13.1497 0
    endloop
  endfacet
  facet normal 0.514087 -0.857738 0
    outer loop
      vertex 13.3889 -13.0854 0
      vertex 13.4815 -13.0299 6
      vertex 13.3889 -13.0854 6
    endloop
  endfacet
  facet normal 0.514087 -0.857738 0
    outer loop
      vertex 13.4815 -13.0299 6
      vertex 13.3889 -13.0854 0
      vertex 13.4815 -13.0299 0
    endloop
  endfacet
  facet normal 0.740987 -0.671519 0
    outer loop
      vertex 13.1497 -13.3022 6
      vertex 13.2222 -13.2222 0
      vertex 13.2222 -13.2222 6
    endloop
  endfacet
  facet normal 0.740987 -0.671519 0
    outer loop
      vertex 13.2222 -13.2222 0
      vertex 13.1497 -13.3022 6
      vertex 13.1497 -13.3022 0
    endloop
  endfacet
  facet normal -0.998794 -0.0491058 0
    outer loop
      vertex 15.1 -14 0
      vertex 15.0947 -13.8922 6
      vertex 15.0947 -13.8922 0
    endloop
  endfacet
  facet normal -0.998794 -0.0491058 0
    outer loop
      vertex 15.0947 -13.8922 6
      vertex 15.1 -14 0
      vertex 15.1 -14 6
    endloop
  endfacet
  facet normal -0.969869 0.243625 0
    outer loop
      vertex 15.0526 -14.3193 0
      vertex 15.0789 -14.2146 6
      vertex 15.0789 -14.2146 0
    endloop
  endfacet
  facet normal -0.969869 0.243625 0
    outer loop
      vertex 15.0789 -14.2146 6
      vertex 15.0526 -14.3193 0
      vertex 15.0526 -14.3193 6
    endloop
  endfacet
  facet normal -0.903681 -0.428206 0
    outer loop
      vertex 15.0163 -13.579 0
      vertex 14.9701 -13.4815 6
      vertex 14.9701 -13.4815 0
    endloop
  endfacet
  facet normal -0.903681 -0.428206 0
    outer loop
      vertex 14.9701 -13.4815 6
      vertex 15.0163 -13.579 0
      vertex 15.0163 -13.579 6
    endloop
  endfacet
  facet normal -0.941805 -0.33616 0
    outer loop
      vertex 15.0526 -13.6807 0
      vertex 15.0163 -13.579 6
      vertex 15.0163 -13.579 0
    endloop
  endfacet
  facet normal -0.941805 -0.33616 0
    outer loop
      vertex 15.0163 -13.579 6
      vertex 15.0526 -13.6807 0
      vertex 15.0526 -13.6807 6
    endloop
  endfacet
  facet normal -0.969869 -0.243625 0
    outer loop
      vertex 15.0789 -13.7854 0
      vertex 15.0526 -13.6807 6
      vertex 15.0526 -13.6807 0
    endloop
  endfacet
  facet normal -0.969869 -0.243625 0
    outer loop
      vertex 15.0526 -13.6807 6
      vertex 15.0789 -13.7854 0
      vertex 15.0789 -13.7854 6
    endloop
  endfacet
  facet normal -0.989233 0.146347 0
    outer loop
      vertex 15.0789 -14.2146 0
      vertex 15.0947 -14.1078 6
      vertex 15.0947 -14.1078 0
    endloop
  endfacet
  facet normal -0.989233 0.146347 0
    outer loop
      vertex 15.0947 -14.1078 6
      vertex 15.0789 -14.2146 0
      vertex 15.0789 -14.2146 6
    endloop
  endfacet
  facet normal -0.803212 0.595693 0
    outer loop
      vertex 14.8503 -14.6978 0
      vertex 14.9146 -14.6111 6
      vertex 14.9146 -14.6111 0
    endloop
  endfacet
  facet normal -0.803212 0.595693 0
    outer loop
      vertex 14.9146 -14.6111 6
      vertex 14.8503 -14.6978 0
      vertex 14.8503 -14.6978 6
    endloop
  endfacet
  facet normal -0.903681 0.428206 0
    outer loop
      vertex 14.9701 -14.5185 0
      vertex 15.0163 -14.421 6
      vertex 15.0163 -14.421 0
    endloop
  endfacet
  facet normal -0.903681 0.428206 0
    outer loop
      vertex 15.0163 -14.421 6
      vertex 14.9701 -14.5185 0
      vertex 14.9701 -14.5185 6
    endloop
  endfacet
  facet normal -0.857738 0.514087 0
    outer loop
      vertex 14.9146 -14.6111 0
      vertex 14.9701 -14.5185 6
      vertex 14.9701 -14.5185 0
    endloop
  endfacet
  facet normal -0.857738 0.514087 0
    outer loop
      vertex 14.9701 -14.5185 6
      vertex 14.9146 -14.6111 0
      vertex 14.9146 -14.6111 6
    endloop
  endfacet
  facet normal -0.0491058 0.998794 0
    outer loop
      vertex 14.1078 -15.0947 0
      vertex 14 -15.1 6
      vertex 14.1078 -15.0947 6
    endloop
  endfacet
  facet normal -0.0491058 0.998794 0
    outer loop
      vertex 14 -15.1 6
      vertex 14.1078 -15.0947 0
      vertex 14 -15.1 0
    endloop
  endfacet
  facet normal 0.998794 0.0491058 0
    outer loop
      vertex 12.9053 -14.1078 6
      vertex 12.9 -14 0
      vertex 12.9 -14 6
    endloop
  endfacet
  facet normal 0.998794 0.0491058 0
    outer loop
      vertex 12.9 -14 0
      vertex 12.9053 -14.1078 6
      vertex 12.9053 -14.1078 0
    endloop
  endfacet
  facet normal -0.428206 0.903681 0
    outer loop
      vertex 14.5185 -14.9701 0
      vertex 14.421 -15.0163 6
      vertex 14.5185 -14.9701 6
    endloop
  endfacet
  facet normal -0.428206 0.903681 0
    outer loop
      vertex 14.421 -15.0163 6
      vertex 14.5185 -14.9701 0
      vertex 14.421 -15.0163 0
    endloop
  endfacet
  facet normal -0.33616 0.941805 0
    outer loop
      vertex 14.421 -15.0163 0
      vertex 14.3193 -15.0526 6
      vertex 14.421 -15.0163 6
    endloop
  endfacet
  facet normal -0.33616 0.941805 0
    outer loop
      vertex 14.3193 -15.0526 6
      vertex 14.421 -15.0163 0
      vertex 14.3193 -15.0526 0
    endloop
  endfacet
  facet normal -0.671519 0.740987 0
    outer loop
      vertex 14.7778 -14.7778 0
      vertex 14.6978 -14.8503 6
      vertex 14.7778 -14.7778 6
    endloop
  endfacet
  facet normal -0.671519 0.740987 0
    outer loop
      vertex 14.6978 -14.8503 6
      vertex 14.7778 -14.7778 0
      vertex 14.6978 -14.8503 0
    endloop
  endfacet
  facet normal -0.941805 0.33616 0
    outer loop
      vertex 15.0163 -14.421 0
      vertex 15.0526 -14.3193 6
      vertex 15.0526 -14.3193 0
    endloop
  endfacet
  facet normal -0.941805 0.33616 0
    outer loop
      vertex 15.0526 -14.3193 6
      vertex 15.0163 -14.421 0
      vertex 15.0163 -14.421 6
    endloop
  endfacet
  facet normal 0.857738 0.514087 0
    outer loop
      vertex 13.0854 -14.6111 6
      vertex 13.0299 -14.5185 0
      vertex 13.0299 -14.5185 6
    endloop
  endfacet
  facet normal 0.857738 0.514087 0
    outer loop
      vertex 13.0299 -14.5185 0
      vertex 13.0854 -14.6111 6
      vertex 13.0854 -14.6111 0
    endloop
  endfacet
  facet normal 0.941805 0.33616 0
    outer loop
      vertex 12.9837 -14.421 6
      vertex 12.9474 -14.3193 0
      vertex 12.9474 -14.3193 6
    endloop
  endfacet
  facet normal 0.941805 0.33616 0
    outer loop
      vertex 12.9474 -14.3193 0
      vertex 12.9837 -14.421 6
      vertex 12.9837 -14.421 0
    endloop
  endfacet
  facet normal 0.969869 0.243625 0
    outer loop
      vertex 12.9474 -14.3193 6
      vertex 12.9211 -14.2146 0
      vertex 12.9211 -14.2146 6
    endloop
  endfacet
  facet normal 0.969869 0.243625 0
    outer loop
      vertex 12.9211 -14.2146 0
      vertex 12.9474 -14.3193 6
      vertex 12.9474 -14.3193 0
    endloop
  endfacet
  facet normal 0.903681 0.428206 0
    outer loop
      vertex 13.0299 -14.5185 6
      vertex 12.9837 -14.421 0
      vertex 12.9837 -14.421 6
    endloop
  endfacet
  facet normal 0.903681 0.428206 0
    outer loop
      vertex 12.9837 -14.421 0
      vertex 13.0299 -14.5185 6
      vertex 13.0299 -14.5185 0
    endloop
  endfacet
  facet normal -0.243625 0.969869 0
    outer loop
      vertex 14.3193 -15.0526 0
      vertex 14.2146 -15.0789 6
      vertex 14.3193 -15.0526 6
    endloop
  endfacet
  facet normal -0.243625 0.969869 0
    outer loop
      vertex 14.2146 -15.0789 6
      vertex 14.3193 -15.0526 0
      vertex 14.2146 -15.0789 0
    endloop
  endfacet
  facet normal -0.146347 0.989233 0
    outer loop
      vertex 14.2146 -15.0789 0
      vertex 14.1078 -15.0947 6
      vertex 14.2146 -15.0789 6
    endloop
  endfacet
  facet normal -0.146347 0.989233 0
    outer loop
      vertex 14.1078 -15.0947 6
      vertex 14.2146 -15.0789 0
      vertex 14.1078 -15.0947 0
    endloop
  endfacet
  facet normal -0.740987 0.671519 0
    outer loop
      vertex 14.7778 -14.7778 0
      vertex 14.8503 -14.6978 6
      vertex 14.8503 -14.6978 0
    endloop
  endfacet
  facet normal -0.740987 0.671519 0
    outer loop
      vertex 14.8503 -14.6978 6
      vertex 14.7778 -14.7778 0
      vertex 14.7778 -14.7778 6
    endloop
  endfacet
  facet normal -0.595693 0.803212 0
    outer loop
      vertex 14.6978 -14.8503 0
      vertex 14.6111 -14.9146 6
      vertex 14.6978 -14.8503 6
    endloop
  endfacet
  facet normal -0.595693 0.803212 0
    outer loop
      vertex 14.6111 -14.9146 6
      vertex 14.6978 -14.8503 0
      vertex 14.6111 -14.9146 0
    endloop
  endfacet
  facet normal 0.595693 0.803212 -0
    outer loop
      vertex 13.3889 -14.9146 0
      vertex 13.3022 -14.8503 6
      vertex 13.3889 -14.9146 6
    endloop
  endfacet
  facet normal 0.595693 0.803212 0
    outer loop
      vertex 13.3022 -14.8503 6
      vertex 13.3889 -14.9146 0
      vertex 13.3022 -14.8503 0
    endloop
  endfacet
  facet normal 0.428206 0.903681 -0
    outer loop
      vertex 13.579 -15.0163 0
      vertex 13.4815 -14.9701 6
      vertex 13.579 -15.0163 6
    endloop
  endfacet
  facet normal 0.428206 0.903681 0
    outer loop
      vertex 13.4815 -14.9701 6
      vertex 13.579 -15.0163 0
      vertex 13.4815 -14.9701 0
    endloop
  endfacet
  facet normal 0.243625 0.969869 -0
    outer loop
      vertex 13.7854 -15.0789 0
      vertex 13.6807 -15.0526 6
      vertex 13.7854 -15.0789 6
    endloop
  endfacet
  facet normal 0.243625 0.969869 0
    outer loop
      vertex 13.6807 -15.0526 6
      vertex 13.7854 -15.0789 0
      vertex 13.6807 -15.0526 0
    endloop
  endfacet
  facet normal 0.740987 0.671519 0
    outer loop
      vertex 13.2222 -14.7778 6
      vertex 13.1497 -14.6978 0
      vertex 13.1497 -14.6978 6
    endloop
  endfacet
  facet normal 0.740987 0.671519 0
    outer loop
      vertex 13.1497 -14.6978 0
      vertex 13.2222 -14.7778 6
      vertex 13.2222 -14.7778 0
    endloop
  endfacet
  facet normal 0.803212 0.595693 0
    outer loop
      vertex 13.1497 -14.6978 6
      vertex 13.0854 -14.6111 0
      vertex 13.0854 -14.6111 6
    endloop
  endfacet
  facet normal 0.803212 0.595693 0
    outer loop
      vertex 13.0854 -14.6111 0
      vertex 13.1497 -14.6978 6
      vertex 13.1497 -14.6978 0
    endloop
  endfacet
  facet normal 0.671519 0.740987 -0
    outer loop
      vertex 13.3022 -14.8503 0
      vertex 13.2222 -14.7778 6
      vertex 13.3022 -14.8503 6
    endloop
  endfacet
  facet normal 0.671519 0.740987 0
    outer loop
      vertex 13.2222 -14.7778 6
      vertex 13.3022 -14.8503 0
      vertex 13.2222 -14.7778 0
    endloop
  endfacet
  facet normal 0.989233 0.146347 0
    outer loop
      vertex 12.9211 -14.2146 6
      vertex 12.9053 -14.1078 0
      vertex 12.9053 -14.1078 6
    endloop
  endfacet
  facet normal 0.989233 0.146347 0
    outer loop
      vertex 12.9053 -14.1078 0
      vertex 12.9211 -14.2146 6
      vertex 12.9211 -14.2146 0
    endloop
  endfacet
  facet normal 0.514087 0.857738 -0
    outer loop
      vertex 13.4815 -14.9701 0
      vertex 13.3889 -14.9146 6
      vertex 13.4815 -14.9701 6
    endloop
  endfacet
  facet normal 0.514087 0.857738 0
    outer loop
      vertex 13.3889 -14.9146 6
      vertex 13.4815 -14.9701 0
      vertex 13.3889 -14.9146 0
    endloop
  endfacet
  facet normal 0.33616 0.941805 -0
    outer loop
      vertex 13.6807 -15.0526 0
      vertex 13.579 -15.0163 6
      vertex 13.6807 -15.0526 6
    endloop
  endfacet
  facet normal 0.33616 0.941805 0
    outer loop
      vertex 13.579 -15.0163 6
      vertex 13.6807 -15.0526 0
      vertex 13.579 -15.0163 0
    endloop
  endfacet
  facet normal 0.146347 0.989233 -0
    outer loop
      vertex 13.8922 -15.0947 0
      vertex 13.7854 -15.0789 6
      vertex 13.8922 -15.0947 6
    endloop
  endfacet
  facet normal 0.146347 0.989233 0
    outer loop
      vertex 13.7854 -15.0789 6
      vertex 13.8922 -15.0947 0
      vertex 13.7854 -15.0789 0
    endloop
  endfacet
  facet normal 0.0491058 0.998794 -0
    outer loop
      vertex 14 -15.1 0
      vertex 13.8922 -15.0947 6
      vertex 14 -15.1 6
    endloop
  endfacet
  facet normal 0.0491058 0.998794 0
    outer loop
      vertex 13.8922 -15.0947 6
      vertex 14 -15.1 0
      vertex 13.8922 -15.0947 0
    endloop
  endfacet
  facet normal -0.595693 -0.803212 0
    outer loop
      vertex 14.6111 14.9146 0
      vertex 14.6978 14.8503 6
      vertex 14.6111 14.9146 6
    endloop
  endfacet
  facet normal -0.595693 -0.803212 -0
    outer loop
      vertex 14.6978 14.8503 6
      vertex 14.6111 14.9146 0
      vertex 14.6978 14.8503 0
    endloop
  endfacet
  facet normal 0.428206 -0.903681 0
    outer loop
      vertex 13.4815 14.9701 0
      vertex 13.579 15.0163 6
      vertex 13.4815 14.9701 6
    endloop
  endfacet
  facet normal 0.428206 -0.903681 0
    outer loop
      vertex 13.579 15.0163 6
      vertex 13.4815 14.9701 0
      vertex 13.579 15.0163 0
    endloop
  endfacet
  facet normal 0.941805 -0.33616 0
    outer loop
      vertex 12.9474 14.3193 6
      vertex 12.9837 14.421 0
      vertex 12.9837 14.421 6
    endloop
  endfacet
  facet normal 0.941805 -0.33616 0
    outer loop
      vertex 12.9837 14.421 0
      vertex 12.9474 14.3193 6
      vertex 12.9474 14.3193 0
    endloop
  endfacet
  facet normal -0.903681 -0.428206 0
    outer loop
      vertex 15.0163 14.421 0
      vertex 14.9701 14.5185 6
      vertex 14.9701 14.5185 0
    endloop
  endfacet
  facet normal -0.903681 -0.428206 0
    outer loop
      vertex 14.9701 14.5185 6
      vertex 15.0163 14.421 0
      vertex 15.0163 14.421 6
    endloop
  endfacet
  facet normal -0.857738 -0.514087 0
    outer loop
      vertex 14.9701 14.5185 0
      vertex 14.9146 14.6111 6
      vertex 14.9146 14.6111 0
    endloop
  endfacet
  facet normal -0.857738 -0.514087 0
    outer loop
      vertex 14.9146 14.6111 6
      vertex 14.9701 14.5185 0
      vertex 14.9701 14.5185 6
    endloop
  endfacet
  facet normal -0.33616 -0.941805 0
    outer loop
      vertex 14.3193 15.0526 0
      vertex 14.421 15.0163 6
      vertex 14.3193 15.0526 6
    endloop
  endfacet
  facet normal -0.33616 -0.941805 -0
    outer loop
      vertex 14.421 15.0163 6
      vertex 14.3193 15.0526 0
      vertex 14.421 15.0163 0
    endloop
  endfacet
  facet normal 0.803212 -0.595693 0
    outer loop
      vertex 13.0854 14.6111 6
      vertex 13.1497 14.6978 0
      vertex 13.1497 14.6978 6
    endloop
  endfacet
  facet normal 0.803212 -0.595693 0
    outer loop
      vertex 13.1497 14.6978 0
      vertex 13.0854 14.6111 6
      vertex 13.0854 14.6111 0
    endloop
  endfacet
  facet normal 0.243625 -0.969869 0
    outer loop
      vertex 13.6807 15.0526 0
      vertex 13.7854 15.0789 6
      vertex 13.6807 15.0526 6
    endloop
  endfacet
  facet normal 0.243625 -0.969869 0
    outer loop
      vertex 13.7854 15.0789 6
      vertex 13.6807 15.0526 0
      vertex 13.7854 15.0789 0
    endloop
  endfacet
  facet normal -0.998794 0.0491058 0
    outer loop
      vertex 15.0947 13.8922 0
      vertex 15.1 14 6
      vertex 15.1 14 0
    endloop
  endfacet
  facet normal -0.998794 0.0491058 0
    outer loop
      vertex 15.1 14 6
      vertex 15.0947 13.8922 0
      vertex 15.0947 13.8922 6
    endloop
  endfacet
  facet normal -0.803212 0.595693 0
    outer loop
      vertex 14.8503 13.3022 0
      vertex 14.9146 13.3889 6
      vertex 14.9146 13.3889 0
    endloop
  endfacet
  facet normal -0.803212 0.595693 0
    outer loop
      vertex 14.9146 13.3889 6
      vertex 14.8503 13.3022 0
      vertex 14.8503 13.3022 6
    endloop
  endfacet
  facet normal 0.0491058 0.998794 -0
    outer loop
      vertex 14 12.9 0
      vertex 13.8922 12.9053 6
      vertex 14 12.9 6
    endloop
  endfacet
  facet normal 0.0491058 0.998794 0
    outer loop
      vertex 13.8922 12.9053 6
      vertex 14 12.9 0
      vertex 13.8922 12.9053 0
    endloop
  endfacet
  facet normal 0.595693 0.803212 -0
    outer loop
      vertex 13.3889 13.0854 0
      vertex 13.3022 13.1497 6
      vertex 13.3889 13.0854 6
    endloop
  endfacet
  facet normal 0.595693 0.803212 0
    outer loop
      vertex 13.3022 13.1497 6
      vertex 13.3889 13.0854 0
      vertex 13.3022 13.1497 0
    endloop
  endfacet
  facet normal -0.989233 -0.146347 0
    outer loop
      vertex 15.0947 14.1078 0
      vertex 15.0789 14.2146 6
      vertex 15.0789 14.2146 0
    endloop
  endfacet
  facet normal -0.989233 -0.146347 0
    outer loop
      vertex 15.0789 14.2146 6
      vertex 15.0947 14.1078 0
      vertex 15.0947 14.1078 6
    endloop
  endfacet
  facet normal -0.969869 -0.243625 0
    outer loop
      vertex 15.0789 14.2146 0
      vertex 15.0526 14.3193 6
      vertex 15.0526 14.3193 0
    endloop
  endfacet
  facet normal -0.969869 -0.243625 0
    outer loop
      vertex 15.0526 14.3193 6
      vertex 15.0789 14.2146 0
      vertex 15.0789 14.2146 6
    endloop
  endfacet
  facet normal -0.941805 -0.33616 0
    outer loop
      vertex 15.0526 14.3193 0
      vertex 15.0163 14.421 6
      vertex 15.0163 14.421 0
    endloop
  endfacet
  facet normal -0.941805 -0.33616 0
    outer loop
      vertex 15.0163 14.421 6
      vertex 15.0526 14.3193 0
      vertex 15.0526 14.3193 6
    endloop
  endfacet
  facet normal -0.740987 -0.671519 0
    outer loop
      vertex 14.8503 14.6978 0
      vertex 14.7778 14.7778 6
      vertex 14.7778 14.7778 0
    endloop
  endfacet
  facet normal -0.740987 -0.671519 0
    outer loop
      vertex 14.7778 14.7778 6
      vertex 14.8503 14.6978 0
      vertex 14.8503 14.6978 6
    endloop
  endfacet
  facet normal -0.803212 -0.595693 0
    outer loop
      vertex 14.9146 14.6111 0
      vertex 14.8503 14.6978 6
      vertex 14.8503 14.6978 0
    endloop
  endfacet
  facet normal -0.803212 -0.595693 0
    outer loop
      vertex 14.8503 14.6978 6
      vertex 14.9146 14.6111 0
      vertex 14.9146 14.6111 6
    endloop
  endfacet
  facet normal -0.671519 -0.740987 0
    outer loop
      vertex 14.6978 14.8503 0
      vertex 14.7778 14.7778 6
      vertex 14.6978 14.8503 6
    endloop
  endfacet
  facet normal -0.671519 -0.740987 -0
    outer loop
      vertex 14.7778 14.7778 6
      vertex 14.6978 14.8503 0
      vertex 14.7778 14.7778 0
    endloop
  endfacet
  facet normal -0.514087 -0.857738 0
    outer loop
      vertex 14.5185 14.9701 0
      vertex 14.6111 14.9146 6
      vertex 14.5185 14.9701 6
    endloop
  endfacet
  facet normal -0.514087 -0.857738 -0
    outer loop
      vertex 14.6111 14.9146 6
      vertex 14.5185 14.9701 0
      vertex 14.6111 14.9146 0
    endloop
  endfacet
  facet normal 0.0491058 -0.998794 0
    outer loop
      vertex 13.8922 15.0947 0
      vertex 14 15.1 6
      vertex 13.8922 15.0947 6
    endloop
  endfacet
  facet normal 0.0491058 -0.998794 0
    outer loop
      vertex 14 15.1 6
      vertex 13.8922 15.0947 0
      vertex 14 15.1 0
    endloop
  endfacet
  facet normal -0.428206 -0.903681 0
    outer loop
      vertex 14.421 15.0163 0
      vertex 14.5185 14.9701 6
      vertex 14.421 15.0163 6
    endloop
  endfacet
  facet normal -0.428206 -0.903681 -0
    outer loop
      vertex 14.5185 14.9701 6
      vertex 14.421 15.0163 0
      vertex 14.5185 14.9701 0
    endloop
  endfacet
  facet normal -0.243625 -0.969869 0
    outer loop
      vertex 14.2146 15.0789 0
      vertex 14.3193 15.0526 6
      vertex 14.2146 15.0789 6
    endloop
  endfacet
  facet normal -0.243625 -0.969869 -0
    outer loop
      vertex 14.3193 15.0526 6
      vertex 14.2146 15.0789 0
      vertex 14.3193 15.0526 0
    endloop
  endfacet
  facet normal -0.146347 -0.989233 0
    outer loop
      vertex 14.1078 15.0947 0
      vertex 14.2146 15.0789 6
      vertex 14.1078 15.0947 6
    endloop
  endfacet
  facet normal -0.146347 -0.989233 -0
    outer loop
      vertex 14.2146 15.0789 6
      vertex 14.1078 15.0947 0
      vertex 14.2146 15.0789 0
    endloop
  endfacet
  facet normal 0.998794 0.0491058 0
    outer loop
      vertex 12.9053 13.8922 6
      vertex 12.9 14 0
      vertex 12.9 14 6
    endloop
  endfacet
  facet normal 0.998794 0.0491058 0
    outer loop
      vertex 12.9 14 0
      vertex 12.9053 13.8922 6
      vertex 12.9053 13.8922 0
    endloop
  endfacet
  facet normal 0.969869 -0.243625 0
    outer loop
      vertex 12.9211 14.2146 6
      vertex 12.9474 14.3193 0
      vertex 12.9474 14.3193 6
    endloop
  endfacet
  facet normal 0.969869 -0.243625 0
    outer loop
      vertex 12.9474 14.3193 0
      vertex 12.9211 14.2146 6
      vertex 12.9211 14.2146 0
    endloop
  endfacet
  facet normal 0.989233 -0.146347 0
    outer loop
      vertex 12.9053 14.1078 6
      vertex 12.9211 14.2146 0
      vertex 12.9211 14.2146 6
    endloop
  endfacet
  facet normal 0.989233 -0.146347 0
    outer loop
      vertex 12.9211 14.2146 0
      vertex 12.9053 14.1078 6
      vertex 12.9053 14.1078 0
    endloop
  endfacet
  facet normal 0.903681 -0.428206 0
    outer loop
      vertex 12.9837 14.421 6
      vertex 13.0299 14.5185 0
      vertex 13.0299 14.5185 6
    endloop
  endfacet
  facet normal 0.903681 -0.428206 0
    outer loop
      vertex 13.0299 14.5185 0
      vertex 12.9837 14.421 6
      vertex 12.9837 14.421 0
    endloop
  endfacet
  facet normal 0.857738 -0.514087 0
    outer loop
      vertex 13.0299 14.5185 6
      vertex 13.0854 14.6111 0
      vertex 13.0854 14.6111 6
    endloop
  endfacet
  facet normal 0.857738 -0.514087 0
    outer loop
      vertex 13.0854 14.6111 0
      vertex 13.0299 14.5185 6
      vertex 13.0299 14.5185 0
    endloop
  endfacet
  facet normal 0.33616 -0.941805 0
    outer loop
      vertex 13.579 15.0163 0
      vertex 13.6807 15.0526 6
      vertex 13.579 15.0163 6
    endloop
  endfacet
  facet normal 0.33616 -0.941805 0
    outer loop
      vertex 13.6807 15.0526 6
      vertex 13.579 15.0163 0
      vertex 13.6807 15.0526 0
    endloop
  endfacet
  facet normal 0.146347 -0.989233 0
    outer loop
      vertex 13.7854 15.0789 0
      vertex 13.8922 15.0947 6
      vertex 13.7854 15.0789 6
    endloop
  endfacet
  facet normal 0.146347 -0.989233 0
    outer loop
      vertex 13.8922 15.0947 6
      vertex 13.7854 15.0789 0
      vertex 13.8922 15.0947 0
    endloop
  endfacet
  facet normal 0.595693 -0.803212 0
    outer loop
      vertex 13.3022 14.8503 0
      vertex 13.3889 14.9146 6
      vertex 13.3022 14.8503 6
    endloop
  endfacet
  facet normal 0.595693 -0.803212 0
    outer loop
      vertex 13.3889 14.9146 6
      vertex 13.3022 14.8503 0
      vertex 13.3889 14.9146 0
    endloop
  endfacet
  facet normal 0.671519 -0.740987 0
    outer loop
      vertex 13.2222 14.7778 0
      vertex 13.3022 14.8503 6
      vertex 13.2222 14.7778 6
    endloop
  endfacet
  facet normal 0.671519 -0.740987 0
    outer loop
      vertex 13.3022 14.8503 6
      vertex 13.2222 14.7778 0
      vertex 13.3022 14.8503 0
    endloop
  endfacet
  facet normal 0.514087 -0.857738 0
    outer loop
      vertex 13.3889 14.9146 0
      vertex 13.4815 14.9701 6
      vertex 13.3889 14.9146 6
    endloop
  endfacet
  facet normal 0.514087 -0.857738 0
    outer loop
      vertex 13.4815 14.9701 6
      vertex 13.3889 14.9146 0
      vertex 13.4815 14.9701 0
    endloop
  endfacet
  facet normal 0.740987 -0.671519 0
    outer loop
      vertex 13.1497 14.6978 6
      vertex 13.2222 14.7778 0
      vertex 13.2222 14.7778 6
    endloop
  endfacet
  facet normal 0.740987 -0.671519 0
    outer loop
      vertex 13.2222 14.7778 0
      vertex 13.1497 14.6978 6
      vertex 13.1497 14.6978 0
    endloop
  endfacet
  facet normal -0.998794 -0.0491058 0
    outer loop
      vertex 15.1 14 0
      vertex 15.0947 14.1078 6
      vertex 15.0947 14.1078 0
    endloop
  endfacet
  facet normal -0.998794 -0.0491058 0
    outer loop
      vertex 15.0947 14.1078 6
      vertex 15.1 14 0
      vertex 15.1 14 6
    endloop
  endfacet
  facet normal -0.146347 0.989233 0
    outer loop
      vertex 14.2146 12.9211 0
      vertex 14.1078 12.9053 6
      vertex 14.2146 12.9211 6
    endloop
  endfacet
  facet normal -0.146347 0.989233 0
    outer loop
      vertex 14.1078 12.9053 6
      vertex 14.2146 12.9211 0
      vertex 14.1078 12.9053 0
    endloop
  endfacet
  facet normal -0.969869 0.243625 0
    outer loop
      vertex 15.0526 13.6807 0
      vertex 15.0789 13.7854 6
      vertex 15.0789 13.7854 0
    endloop
  endfacet
  facet normal -0.969869 0.243625 0
    outer loop
      vertex 15.0789 13.7854 6
      vertex 15.0526 13.6807 0
      vertex 15.0526 13.6807 6
    endloop
  endfacet
  facet normal -0.243625 0.969869 0
    outer loop
      vertex 14.3193 12.9474 0
      vertex 14.2146 12.9211 6
      vertex 14.3193 12.9474 6
    endloop
  endfacet
  facet normal -0.243625 0.969869 0
    outer loop
      vertex 14.2146 12.9211 6
      vertex 14.3193 12.9474 0
      vertex 14.2146 12.9211 0
    endloop
  endfacet
  facet normal -0.33616 0.941805 0
    outer loop
      vertex 14.421 12.9837 0
      vertex 14.3193 12.9474 6
      vertex 14.421 12.9837 6
    endloop
  endfacet
  facet normal -0.33616 0.941805 0
    outer loop
      vertex 14.3193 12.9474 6
      vertex 14.421 12.9837 0
      vertex 14.3193 12.9474 0
    endloop
  endfacet
  facet normal -0.671519 0.740987 0
    outer loop
      vertex 14.7778 13.2222 0
      vertex 14.6978 13.1497 6
      vertex 14.7778 13.2222 6
    endloop
  endfacet
  facet normal -0.671519 0.740987 0
    outer loop
      vertex 14.6978 13.1497 6
      vertex 14.7778 13.2222 0
      vertex 14.6978 13.1497 0
    endloop
  endfacet
  facet normal -0.514087 0.857738 0
    outer loop
      vertex 14.6111 13.0854 0
      vertex 14.5185 13.0299 6
      vertex 14.6111 13.0854 6
    endloop
  endfacet
  facet normal -0.514087 0.857738 0
    outer loop
      vertex 14.5185 13.0299 6
      vertex 14.6111 13.0854 0
      vertex 14.5185 13.0299 0
    endloop
  endfacet
  facet normal -0.903681 0.428206 0
    outer loop
      vertex 14.9701 13.4815 0
      vertex 15.0163 13.579 6
      vertex 15.0163 13.579 0
    endloop
  endfacet
  facet normal -0.903681 0.428206 0
    outer loop
      vertex 15.0163 13.579 6
      vertex 14.9701 13.4815 0
      vertex 14.9701 13.4815 6
    endloop
  endfacet
  facet normal -0.0491058 0.998794 0
    outer loop
      vertex 14.1078 12.9053 0
      vertex 14 12.9 6
      vertex 14.1078 12.9053 6
    endloop
  endfacet
  facet normal -0.0491058 0.998794 0
    outer loop
      vertex 14 12.9 6
      vertex 14.1078 12.9053 0
      vertex 14 12.9 0
    endloop
  endfacet
  facet normal 0.243625 0.969869 -0
    outer loop
      vertex 13.7854 12.9211 0
      vertex 13.6807 12.9474 6
      vertex 13.7854 12.9211 6
    endloop
  endfacet
  facet normal 0.243625 0.969869 0
    outer loop
      vertex 13.6807 12.9474 6
      vertex 13.7854 12.9211 0
      vertex 13.6807 12.9474 0
    endloop
  endfacet
  facet normal 0.428206 0.903681 -0
    outer loop
      vertex 13.579 12.9837 0
      vertex 13.4815 13.0299 6
      vertex 13.579 12.9837 6
    endloop
  endfacet
  facet normal 0.428206 0.903681 0
    outer loop
      vertex 13.4815 13.0299 6
      vertex 13.579 12.9837 0
      vertex 13.4815 13.0299 0
    endloop
  endfacet
  facet normal 0.941805 0.33616 0
    outer loop
      vertex 12.9837 13.579 6
      vertex 12.9474 13.6807 0
      vertex 12.9474 13.6807 6
    endloop
  endfacet
  facet normal 0.941805 0.33616 0
    outer loop
      vertex 12.9474 13.6807 0
      vertex 12.9837 13.579 6
      vertex 12.9837 13.579 0
    endloop
  endfacet
  facet normal 0.989233 0.146347 0
    outer loop
      vertex 12.9211 13.7854 6
      vertex 12.9053 13.8922 0
      vertex 12.9053 13.8922 6
    endloop
  endfacet
  facet normal 0.989233 0.146347 0
    outer loop
      vertex 12.9053 13.8922 0
      vertex 12.9211 13.7854 6
      vertex 12.9211 13.7854 0
    endloop
  endfacet
  facet normal 0.740987 0.671519 0
    outer loop
      vertex 13.2222 13.2222 6
      vertex 13.1497 13.3022 0
      vertex 13.1497 13.3022 6
    endloop
  endfacet
  facet normal 0.740987 0.671519 0
    outer loop
      vertex 13.1497 13.3022 0
      vertex 13.2222 13.2222 6
      vertex 13.2222 13.2222 0
    endloop
  endfacet
  facet normal 0.857738 0.514087 0
    outer loop
      vertex 13.0854 13.3889 6
      vertex 13.0299 13.4815 0
      vertex 13.0299 13.4815 6
    endloop
  endfacet
  facet normal 0.857738 0.514087 0
    outer loop
      vertex 13.0299 13.4815 0
      vertex 13.0854 13.3889 6
      vertex 13.0854 13.3889 0
    endloop
  endfacet
  facet normal -0.0491058 -0.998794 0
    outer loop
      vertex 14 15.1 0
      vertex 14.1078 15.0947 6
      vertex 14 15.1 6
    endloop
  endfacet
  facet normal -0.0491058 -0.998794 -0
    outer loop
      vertex 14.1078 15.0947 6
      vertex 14 15.1 0
      vertex 14.1078 15.0947 0
    endloop
  endfacet
  facet normal 0.998794 -0.0491058 0
    outer loop
      vertex 12.9 14 6
      vertex 12.9053 14.1078 0
      vertex 12.9053 14.1078 6
    endloop
  endfacet
  facet normal 0.998794 -0.0491058 0
    outer loop
      vertex 12.9053 14.1078 0
      vertex 12.9 14 6
      vertex 12.9 14 0
    endloop
  endfacet
  facet normal -0.989233 0.146347 0
    outer loop
      vertex 15.0789 13.7854 0
      vertex 15.0947 13.8922 6
      vertex 15.0947 13.8922 0
    endloop
  endfacet
  facet normal -0.989233 0.146347 0
    outer loop
      vertex 15.0947 13.8922 6
      vertex 15.0789 13.7854 0
      vertex 15.0789 13.7854 6
    endloop
  endfacet
  facet normal -0.428206 0.903681 0
    outer loop
      vertex 14.5185 13.0299 0
      vertex 14.421 12.9837 6
      vertex 14.5185 13.0299 6
    endloop
  endfacet
  facet normal -0.428206 0.903681 0
    outer loop
      vertex 14.421 12.9837 6
      vertex 14.5185 13.0299 0
      vertex 14.421 12.9837 0
    endloop
  endfacet
  facet normal -0.740987 0.671519 0
    outer loop
      vertex 14.7778 13.2222 0
      vertex 14.8503 13.3022 6
      vertex 14.8503 13.3022 0
    endloop
  endfacet
  facet normal -0.740987 0.671519 0
    outer loop
      vertex 14.8503 13.3022 6
      vertex 14.7778 13.2222 0
      vertex 14.7778 13.2222 6
    endloop
  endfacet
  facet normal -0.595693 0.803212 0
    outer loop
      vertex 14.6978 13.1497 0
      vertex 14.6111 13.0854 6
      vertex 14.6978 13.1497 6
    endloop
  endfacet
  facet normal -0.595693 0.803212 0
    outer loop
      vertex 14.6111 13.0854 6
      vertex 14.6978 13.1497 0
      vertex 14.6111 13.0854 0
    endloop
  endfacet
  facet normal -0.941805 0.33616 0
    outer loop
      vertex 15.0163 13.579 0
      vertex 15.0526 13.6807 6
      vertex 15.0526 13.6807 0
    endloop
  endfacet
  facet normal -0.941805 0.33616 0
    outer loop
      vertex 15.0526 13.6807 6
      vertex 15.0163 13.579 0
      vertex 15.0163 13.579 6
    endloop
  endfacet
  facet normal -0.857738 0.514087 0
    outer loop
      vertex 14.9146 13.3889 0
      vertex 14.9701 13.4815 6
      vertex 14.9701 13.4815 0
    endloop
  endfacet
  facet normal -0.857738 0.514087 0
    outer loop
      vertex 14.9701 13.4815 6
      vertex 14.9146 13.3889 0
      vertex 14.9146 13.3889 6
    endloop
  endfacet
  facet normal 0.146347 0.989233 -0
    outer loop
      vertex 13.8922 12.9053 0
      vertex 13.7854 12.9211 6
      vertex 13.8922 12.9053 6
    endloop
  endfacet
  facet normal 0.146347 0.989233 0
    outer loop
      vertex 13.7854 12.9211 6
      vertex 13.8922 12.9053 0
      vertex 13.7854 12.9211 0
    endloop
  endfacet
  facet normal 0.33616 0.941805 -0
    outer loop
      vertex 13.6807 12.9474 0
      vertex 13.579 12.9837 6
      vertex 13.6807 12.9474 6
    endloop
  endfacet
  facet normal 0.33616 0.941805 0
    outer loop
      vertex 13.579 12.9837 6
      vertex 13.6807 12.9474 0
      vertex 13.579 12.9837 0
    endloop
  endfacet
  facet normal 0.514087 0.857738 -0
    outer loop
      vertex 13.4815 13.0299 0
      vertex 13.3889 13.0854 6
      vertex 13.4815 13.0299 6
    endloop
  endfacet
  facet normal 0.514087 0.857738 0
    outer loop
      vertex 13.3889 13.0854 6
      vertex 13.4815 13.0299 0
      vertex 13.3889 13.0854 0
    endloop
  endfacet
  facet normal 0.903681 0.428206 0
    outer loop
      vertex 13.0299 13.4815 6
      vertex 12.9837 13.579 0
      vertex 12.9837 13.579 6
    endloop
  endfacet
  facet normal 0.903681 0.428206 0
    outer loop
      vertex 12.9837 13.579 0
      vertex 13.0299 13.4815 6
      vertex 13.0299 13.4815 0
    endloop
  endfacet
  facet normal 0.969869 0.243625 0
    outer loop
      vertex 12.9474 13.6807 6
      vertex 12.9211 13.7854 0
      vertex 12.9211 13.7854 6
    endloop
  endfacet
  facet normal 0.969869 0.243625 0
    outer loop
      vertex 12.9211 13.7854 0
      vertex 12.9474 13.6807 6
      vertex 12.9474 13.6807 0
    endloop
  endfacet
  facet normal 0.803212 0.595693 0
    outer loop
      vertex 13.1497 13.3022 6
      vertex 13.0854 13.3889 0
      vertex 13.0854 13.3889 6
    endloop
  endfacet
  facet normal 0.803212 0.595693 0
    outer loop
      vertex 13.0854 13.3889 0
      vertex 13.1497 13.3022 6
      vertex 13.1497 13.3022 0
    endloop
  endfacet
  facet normal 0.671519 0.740987 -0
    outer loop
      vertex 13.3022 13.1497 0
      vertex 13.2222 13.2222 6
      vertex 13.3022 13.1497 6
    endloop
  endfacet
  facet normal 0.671519 0.740987 0
    outer loop
      vertex 13.2222 13.2222 6
      vertex 13.3022 13.1497 0
      vertex 13.2222 13.2222 0
    endloop
  endfacet
  facet normal 0 -1 0
    outer loop
      vertex -17 -19 0
      vertex 17 -19 6
      vertex -17 -19 6
    endloop
  endfacet
  facet normal 0 -1 -0
    outer loop
      vertex 17 -19 6
      vertex -17 -19 0
      vertex 17 -19 0
    endloop
  endfacet
  facet normal 0.0489209 -0.998803 0
    outer loop
      vertex 17 -19 0
      vertex 17.196 -18.9904 6
      vertex 17 -19 6
    endloop
  endfacet
  facet normal 0.0489209 -0.998803 0
    outer loop
      vertex 17.196 -18.9904 6
      vertex 17 -19 0
      vertex 17.196 -18.9904 0
    endloop
  endfacet
  facet normal 0.146696 -0.989182 0
    outer loop
      vertex 17.196 -18.9904 0
      vertex 17.3902 -18.9616 6
      vertex 17.196 -18.9904 6
    endloop
  endfacet
  facet normal 0.146696 -0.989182 0
    outer loop
      vertex 17.3902 -18.9616 6
      vertex 17.196 -18.9904 0
      vertex 17.3902 -18.9616 0
    endloop
  endfacet
  facet normal -0 0 1
    outer loop
      vertex -13.4815 13.0299 6
      vertex -9.47011 9.01854 6
      vertex -13.3889 13.0854 6
    endloop
  endfacet
  facet normal 0 0 1
    outer loop
      vertex -10 -4 6
      vertex -12.9053 -13.8922 6
      vertex -12.9 -14 6
    endloop
  endfacet
  facet normal 0 0 1
    outer loop
      vertex -9.47011 9.01854 6
      vertex -13.4815 13.0299 6
      vertex -9.51627 8.92095 6
    endloop
  endfacet
  facet normal 0 0 1
    outer loop
      vertex -10 -4 6
      vertex -12.9211 -13.7854 6
      vertex -12.9053 -13.8922 6
    endloop
  endfacet
  facet normal -0 0 1
    outer loop
      vertex -13.579 12.9837 6
      vertex -9.51627 8.92095 6
      vertex -13.4815 13.0299 6
    endloop
  endfacet
  facet normal 0 0 1
    outer loop
      vertex -10 -4 6
      vertex -12.9474 -13.6807 6
      vertex -12.9211 -13.7854 6
    endloop
  endfacet
  facet normal 0 0 1
    outer loop
      vertex -9.51627 8.92095 6
      vertex -13.579 12.9837 6
      vertex -9.55263 8.81931 6
    endloop
  endfacet
  facet normal 0 0 1
    outer loop
      vertex -10 -4 6
      vertex -12.9837 -13.579 6
      vertex -12.9474 -13.6807 6
    endloop
  endfacet
  facet normal -0 0 1
    outer loop
      vertex -13.6807 12.9474 6
      vertex -9.55263 8.81931 6
      vertex -13.579 12.9837 6
    endloop
  endfacet
  facet normal 0 0 1
    outer loop
      vertex -10 -4 6
      vertex -13.0299 -13.4815 6
      vertex -12.9837 -13.579 6
    endloop
  endfacet
  facet normal 0 0 1
    outer loop
      vertex -9.55263 8.81931 6
      vertex -13.6807 12.9474 6
      vertex -9.57886 8.7146 6
    endloop
  endfacet
  facet normal 0 0 1
    outer loop
      vertex -10 -4 6
      vertex -13.0854 -13.3889 6
      vertex -13.0299 -13.4815 6
    endloop
  endfacet
  facet normal -0 0 1
    outer loop
      vertex -13.7854 12.9211 6
      vertex -9.57886 8.7146 6
      vertex -13.6807 12.9474 6
    endloop
  endfacet
  facet normal 0 0 1
    outer loop
      vertex -10 -4 6
      vertex -13.1497 -13.3022 6
      vertex -13.0854 -13.3889 6
    endloop
  endfacet
  facet normal 0 0 1
    outer loop
      vertex -9.57886 8.7146 6
      vertex -13.7854 12.9211 6
      vertex -9.5947 8.60782 6
    endloop
  endfacet
  facet normal 0 0 1
    outer loop
      vertex -10 -4 6
      vertex -13.2222 -13.2222 6
      vertex -13.1497 -13.3022 6
    endloop
  endfacet
  facet normal -0 0 1
    outer loop
      vertex -13.8922 12.9053 6
      vertex -9.5947 8.60782 6
      vertex -13.7854 12.9211 6
    endloop
  endfacet
  facet normal 0 0 1
    outer loop
      vertex -10 -4 6
      vertex -13.3022 -13.1497 6
      vertex -13.2222 -13.2222 6
    endloop
  endfacet
  facet normal 0 0 1
    outer loop
      vertex -9.5947 8.60782 6
      vertex -13.8922 12.9053 6
      vertex -9.6 8.5 6
    endloop
  endfacet
  facet normal 0 0 1
    outer loop
      vertex -10 -4 6
      vertex -13.3889 -13.0854 6
      vertex -13.3022 -13.1497 6
    endloop
  endfacet
  facet normal -0 0 1
    outer loop
      vertex -14 12.9 6
      vertex -9.6 8.5 6
      vertex -13.8922 12.9053 6
    endloop
  endfacet
  facet normal 0 0 1
    outer loop
      vertex -10 -4 6
      vertex -13.4815 -13.0299 6
      vertex -13.3889 -13.0854 6
    endloop
  endfacet
  facet normal 0 0 1
    outer loop
      vertex -9.6 8.5 6
      vertex -14 12.9 6
      vertex -9.5947 8.39218 6
    endloop
  endfacet
  facet normal 0 0 1
    outer loop
      vertex -10 -4 6
      vertex -13.579 -12.9837 6
      vertex -13.4815 -13.0299 6
    endloop
  endfacet
  facet normal 0 0 1
    outer loop
      vertex -14.1078 12.9053 6
      vertex -9.5947 8.39218 6
      vertex -14 12.9 6
    endloop
  endfacet
  facet normal 0 0 1
    outer loop
      vertex -10 -4 6
      vertex -13.6807 -12.9474 6
      vertex -13.579 -12.9837 6
    endloop
  endfacet
  facet normal 0 0 1
    outer loop
      vertex -9.5947 8.39218 6
      vertex -14.1078 12.9053 6
      vertex -9.57886 8.2854 6
    endloop
  endfacet
  facet normal 0 0 1
    outer loop
      vertex -10 -4 6
      vertex -13.7854 -12.9211 6
      vertex -13.6807 -12.9474 6
    endloop
  endfacet
  facet normal 0 0 1
    outer loop
      vertex -14.2146 12.9211 6
      vertex -9.57886 8.2854 6
      vertex -14.1078 12.9053 6
    endloop
  endfacet
  facet normal 0 0 1
    outer loop
      vertex -10 -4 6
      vertex -13.8922 -12.9053 6
      vertex -13.7854 -12.9211 6
    endloop
  endfacet
  facet normal 0 0 1
    outer loop
      vertex -9.57886 8.2854 6
      vertex -14.2146 12.9211 6
      vertex -10 4 6
    endloop
  endfacet
  facet normal 0 0 1
    outer loop
      vertex -10 -4 6
      vertex -14 -12.9 6
      vertex -13.8922 -12.9053 6
    endloop
  endfacet
  facet normal 0 0 1
    outer loop
      vertex -14.3193 12.9474 6
      vertex -10 4 6
      vertex -14.2146 12.9211 6
    endloop
  endfacet
  facet normal 0 0 1
    outer loop
      vertex -10 -4 6
      vertex -14.1078 -12.9053 6
      vertex -14 -12.9 6
    endloop
  endfacet
  facet normal 0 0 1
    outer loop
      vertex -14.421 12.9837 6
      vertex -10 4 6
      vertex -14.3193 12.9474 6
    endloop
  endfacet
  facet normal 0 0 1
    outer loop
      vertex -10 -4 6
      vertex -14.2146 -12.9211 6
      vertex -14.1078 -12.9053 6
    endloop
  endfacet
  facet normal 0 0 1
    outer loop
      vertex -14.5185 13.0299 6
      vertex -10 4 6
      vertex -14.421 12.9837 6
    endloop
  endfacet
  facet normal 0 0 1
    outer loop
      vertex -10 -4 6
      vertex -14.3193 -12.9474 6
      vertex -14.2146 -12.9211 6
    endloop
  endfacet
  facet normal 0 0 1
    outer loop
      vertex -14.6111 13.0854 6
      vertex -10 4 6
      vertex -14.5185 13.0299 6
    endloop
  endfacet
  facet normal 0 0 1
    outer loop
      vertex -10 -4 6
      vertex -14.421 -12.9837 6
      vertex -14.3193 -12.9474 6
    endloop
  endfacet
  facet normal 0 0 1
    outer loop
      vertex -14.6978 13.1497 6
      vertex -10 4 6
      vertex -14.6111 13.0854 6
    endloop
  endfacet
  facet normal 0 0 1
    outer loop
      vertex -10 -4 6
      vertex -14.5185 -13.0299 6
      vertex -14.421 -12.9837 6
    endloop
  endfacet
  facet normal 0 0 1
    outer loop
      vertex -14.7778 13.2222 6
      vertex -10 4 6
      vertex -14.6978 13.1497 6
    endloop
  endfacet
  facet normal 0 0 1
    outer loop
      vertex -10 -4 6
      vertex -14.6111 -13.0854 6
      vertex -14.5185 -13.0299 6
    endloop
  endfacet
  facet normal 0 0 1
    outer loop
      vertex -10 4 6
      vertex -14.7778 13.2222 6
      vertex -10 -4 6
    endloop
  endfacet
  facet normal 0 0 1
    outer loop
      vertex -10 -4 6
      vertex -14.6978 -13.1497 6
      vertex -14.6111 -13.0854 6
    endloop
  endfacet
  facet normal 0 0 1
    outer loop
      vertex -14.7778 -13.2222 6
      vertex -10 -4 6
      vertex -14.7778 13.2222 6
    endloop
  endfacet
  facet normal 0 0 1
    outer loop
      vertex -10 -4 6
      vertex -14.7778 -13.2222 6
      vertex -14.6978 -13.1497 6
    endloop
  endfacet
  facet normal 0 0 1
    outer loop
      vertex -14.8503 13.3022 6
      vertex -14.7778 -13.2222 6
      vertex -14.7778 13.2222 6
    endloop
  endfacet
  facet normal 0 0 1
    outer loop
      vertex -14.8503 13.3022 6
      vertex -14.8503 -13.3022 6
      vertex -14.7778 -13.2222 6
    endloop
  endfacet
  facet normal 0 0 1
    outer loop
      vertex -19 17 6
      vertex -14.8503 13.3022 6
      vertex -14.9146 13.3889 6
    endloop
  endfacet
  facet normal 0 0 1
    outer loop
      vertex -14.8503 13.3022 6
      vertex -19 17 6
      vertex -14.8503 -13.3022 6
    endloop
  endfacet
  facet normal 0 0 1
    outer loop
      vertex -19 17 6
      vertex -14.9146 13.3889 6
      vertex -14.9701 13.4815 6
    endloop
  endfacet
  facet normal 0 0 1
    outer loop
      vertex -19 -17 6
      vertex -14.8503 -13.3022 6
      vertex -19 17 6
    endloop
  endfacet
  facet normal 0 0 1
    outer loop
      vertex -19 17 6
      vertex -14.9701 13.4815 6
      vertex -15.0163 13.579 6
    endloop
  endfacet
  facet normal 0 0 1
    outer loop
      vertex -14.8503 -13.3022 6
      vertex -19 -17 6
      vertex -14.9146 -13.3889 6
    endloop
  endfacet
  facet normal 0 0 1
    outer loop
      vertex -19 17 6
      vertex -15.0163 13.579 6
      vertex -15.0526 13.6807 6
    endloop
  endfacet
  facet normal 0 0 1
    outer loop
      vertex -14.9146 -13.3889 6
      vertex -19 -17 6
      vertex -14.9701 -13.4815 6
    endloop
  endfacet
  facet normal 0 0 1
    outer loop
      vertex -19 17 6
      vertex -15.0526 13.6807 6
      vertex -15.0789 13.7854 6
    endloop
  endfacet
  facet normal 0 0 1
    outer loop
      vertex -14.9701 -13.4815 6
      vertex -19 -17 6
      vertex -15.0163 -13.579 6
    endloop
  endfacet
  facet normal 0 0 1
    outer loop
      vertex -19 17 6
      vertex -15.0789 13.7854 6
      vertex -15.0947 13.8922 6
    endloop
  endfacet
  facet normal 0 0 1
    outer loop
      vertex -15.0163 -13.579 6
      vertex -19 -17 6
      vertex -15.0526 -13.6807 6
    endloop
  endfacet
  facet normal 0 0 1
    outer loop
      vertex -19 17 6
      vertex -15.0947 13.8922 6
      vertex -15.1 14 6
    endloop
  endfacet
  facet normal 0 0 1
    outer loop
      vertex -15.0526 -13.6807 6
      vertex -19 -17 6
      vertex -15.0789 -13.7854 6
    endloop
  endfacet
  facet normal 0 0 1
    outer loop
      vertex -8.18069 9.55263 6
      vertex -4 10 6
      vertex -4 19 6
    endloop
  endfacet
  facet normal 0 0 1
    outer loop
      vertex -4 10 6
      vertex -7.4053 8.60782 6
      vertex -7.4 8.5 6
    endloop
  endfacet
  facet normal 0 0 1
    outer loop
      vertex -4 10 6
      vertex -7.42114 8.7146 6
      vertex -7.4053 8.60782 6
    endloop
  endfacet
  facet normal 0 0 1
    outer loop
      vertex -4 10 6
      vertex -7.44736 8.81931 6
      vertex -7.42114 8.7146 6
    endloop
  endfacet
  facet normal 0 0 1
    outer loop
      vertex -4 10 6
      vertex -7.48373 8.92095 6
      vertex -7.44736 8.81931 6
    endloop
  endfacet
  facet normal 0 0 1
    outer loop
      vertex -4 10 6
      vertex -7.52989 9.01854 6
      vertex -7.48373 8.92095 6
    endloop
  endfacet
  facet normal 0 0 1
    outer loop
      vertex -4 10 6
      vertex -7.58538 9.11113 6
      vertex -7.52989 9.01854 6
    endloop
  endfacet
  facet normal 0 0 1
    outer loop
      vertex -4 10 6
      vertex -7.64969 9.19783 6
      vertex -7.58538 9.11113 6
    endloop
  endfacet
  facet normal 0 0 1
    outer loop
      vertex -4 10 6
      vertex -7.72218 9.27782 6
      vertex -7.64969 9.19783 6
    endloop
  endfacet
  facet normal 0 0 1
    outer loop
      vertex -4 10 6
      vertex -7.80217 9.35031 6
      vertex -7.72218 9.27782 6
    endloop
  endfacet
  facet normal 0 0 1
    outer loop
      vertex -4 10 6
      vertex -7.88887 9.41462 6
      vertex -7.80217 9.35031 6
    endloop
  endfacet
  facet normal 0 0 1
    outer loop
      vertex -4 10 6
      vertex -7.98146 9.47011 6
      vertex -7.88887 9.41462 6
    endloop
  endfacet
  facet normal 0 0 1
    outer loop
      vertex -4 10 6
      vertex -8.07905 9.51627 6
      vertex -7.98146 9.47011 6
    endloop
  endfacet
  facet normal 0 0 1
    outer loop
      vertex -4 10 6
      vertex -8.18069 9.55263 6
      vertex -8.07905 9.51627 6
    endloop
  endfacet
  facet normal 0 0 1
    outer loop
      vertex -4 19 6
      vertex -8.2854 9.57886 6
      vertex -8.18069 9.55263 6
    endloop
  endfacet
  facet normal 0 0 1
    outer loop
      vertex -4 19 6
      vertex -8.39218 9.5947 6
      vertex -8.2854 9.57886 6
    endloop
  endfacet
  facet normal -0 0 1
    outer loop
      vertex -12.9053 14.1078 6
      vertex -8.39218 9.5947 6
      vertex -4 19 6
    endloop
  endfacet
  facet normal 0 0 1
    outer loop
      vertex -8.39218 9.5947 6
      vertex -12.9053 14.1078 6
      vertex -8.5 9.6 6
    endloop
  endfacet
  facet normal -0 -0 1
    outer loop
      vertex -12.9 14 6
      vertex -8.5 9.6 6
      vertex -12.9053 14.1078 6
    endloop
  endfacet
  facet normal 0 0 1
    outer loop
      vertex -8.5 9.6 6
      vertex -12.9 14 6
      vertex -8.60782 9.5947 6
    endloop
  endfacet
  facet normal -0 0 1
    outer loop
      vertex -12.9053 13.8922 6
      vertex -8.60782 9.5947 6
      vertex -12.9 14 6
    endloop
  endfacet
  facet normal 0 0 1
    outer loop
      vertex -8.60782 9.5947 6
      vertex -12.9053 13.8922 6
      vertex -8.7146 9.57886 6
    endloop
  endfacet
  facet normal -0 0 1
    outer loop
      vertex -12.9211 13.7854 6
      vertex -8.7146 9.57886 6
      vertex -12.9053 13.8922 6
    endloop
  endfacet
  facet normal 0 0 1
    outer loop
      vertex -8.7146 9.57886 6
      vertex -12.9211 13.7854 6
      vertex -8.81931 9.55263 6
    endloop
  endfacet
  facet normal -0 0 1
    outer loop
      vertex -12.9474 13.6807 6
      vertex -8.81931 9.55263 6
      vertex -12.9211 13.7854 6
    endloop
  endfacet
  facet normal 0 0 1
    outer loop
      vertex -8.81931 9.55263 6
      vertex -12.9474 13.6807 6
      vertex -8.92095 9.51627 6
    endloop
  endfacet
  facet normal -0 0 1
    outer loop
      vertex -12.9837 13.579 6
      vertex -8.92095 9.51627 6
      vertex -12.9474 13.6807 6
    endloop
  endfacet
  facet normal -0 0 1
    outer loop
      vertex -13.0299 13.4815 6
      vertex -9.01854 9.47011 6
      vertex -12.9837 13.579 6
    endloop
  endfacet
  facet normal -0 0 1
    outer loop
      vertex -13.2222 13.2222 6
      vertex -9.27782 9.27782 6
      vertex -13.1497 13.3022 6
    endloop
  endfacet
  facet normal -0 0 1
    outer loop
      vertex -13.3889 13.0854 6
      vertex -9.41462 9.11113 6
      vertex -13.3022 13.1497 6
    endloop
  endfacet
  facet normal 0 0 1
    outer loop
      vertex -9.27782 9.27782 6
      vertex -13.2222 13.2222 6
      vertex -9.35031 9.19783 6
    endloop
  endfacet
  facet normal 0 0 1
    outer loop
      vertex -9.19783 9.35031 6
      vertex -13.1497 13.3022 6
      vertex -9.27782 9.27782 6
    endloop
  endfacet
  facet normal -0 0 1
    outer loop
      vertex -13.1497 13.3022 6
      vertex -9.19783 9.35031 6
      vertex -13.0854 13.3889 6
    endloop
  endfacet
  facet normal 0 0 1
    outer loop
      vertex -9.11113 9.41462 6
      vertex -13.0854 13.3889 6
      vertex -9.19783 9.35031 6
    endloop
  endfacet
  facet normal -0 0 1
    outer loop
      vertex -13.0854 13.3889 6
      vertex -9.11113 9.41462 6
      vertex -13.0299 13.4815 6
    endloop
  endfacet
  facet normal 0 0 1
    outer loop
      vertex -9.01854 9.47011 6
      vertex -13.0299 13.4815 6
      vertex -9.11113 9.41462 6
    endloop
  endfacet
  facet normal 0 0 1
    outer loop
      vertex -8.92095 9.51627 6
      vertex -12.9837 13.579 6
      vertex -9.01854 9.47011 6
    endloop
  endfacet
  facet normal 0 0 1
    outer loop
      vertex -4 19 6
      vertex -12.9211 14.2146 6
      vertex -12.9053 14.1078 6
    endloop
  endfacet
  facet normal 0 0 1
    outer loop
      vertex -4 19 6
      vertex -12.9474 14.3193 6
      vertex -12.9211 14.2146 6
    endloop
  endfacet
  facet normal 0 0 1
    outer loop
      vertex -4 19 6
      vertex -12.9837 14.421 6
      vertex -12.9474 14.3193 6
    endloop
  endfacet
  facet normal 0 0 1
    outer loop
      vertex -4 19 6
      vertex -13.0299 14.5185 6
      vertex -12.9837 14.421 6
    endloop
  endfacet
  facet normal 0 0 1
    outer loop
      vertex -4 19 6
      vertex -13.0854 14.6111 6
      vertex -13.0299 14.5185 6
    endloop
  endfacet
  facet normal 0 0 1
    outer loop
      vertex -4 19 6
      vertex -13.1497 14.6978 6
      vertex -13.0854 14.6111 6
    endloop
  endfacet
  facet normal 0 0 1
    outer loop
      vertex -4 19 6
      vertex -13.2222 14.7778 6
      vertex -13.1497 14.6978 6
    endloop
  endfacet
  facet normal 0 0 1
    outer loop
      vertex -4 19 6
      vertex -13.3022 14.8503 6
      vertex -13.2222 14.7778 6
    endloop
  endfacet
  facet normal 0 0 1
    outer loop
      vertex -4 19 6
      vertex -13.3889 14.9146 6
      vertex -13.3022 14.8503 6
    endloop
  endfacet
  facet normal 0 0 1
    outer loop
      vertex -4 19 6
      vertex -13.4815 14.9701 6
      vertex -13.3889 14.9146 6
    endloop
  endfacet
  facet normal -0 0 1
    outer loop
      vertex -17 19 6
      vertex -13.4815 14.9701 6
      vertex -4 19 6
    endloop
  endfacet
  facet normal 0 0 1
    outer loop
      vertex -13.4815 14.9701 6
      vertex -17 19 6
      vertex -13.579 15.0163 6
    endloop
  endfacet
  facet normal 0 0 1
    outer loop
      vertex -13.579 15.0163 6
      vertex -17 19 6
      vertex -13.6807 15.0526 6
    endloop
  endfacet
  facet normal 0 0 1
    outer loop
      vertex -13.6807 15.0526 6
      vertex -17 19 6
      vertex -13.7854 15.0789 6
    endloop
  endfacet
  facet normal 0 0 1
    outer loop
      vertex -13.7854 15.0789 6
      vertex -17 19 6
      vertex -13.8922 15.0947 6
    endloop
  endfacet
  facet normal 0 0 1
    outer loop
      vertex -13.8922 15.0947 6
      vertex -17 19 6
      vertex -14 15.1 6
    endloop
  endfacet
  facet normal 0 0 1
    outer loop
      vertex -14 15.1 6
      vertex -17 19 6
      vertex -14.1078 15.0947 6
    endloop
  endfacet
  facet normal 0 0 1
    outer loop
      vertex -14.1078 15.0947 6
      vertex -17 19 6
      vertex -14.2146 15.0789 6
    endloop
  endfacet
  facet normal 0 0 1
    outer loop
      vertex -14.2146 15.0789 6
      vertex -17 19 6
      vertex -14.3193 15.0526 6
    endloop
  endfacet
  facet normal 0 0 1
    outer loop
      vertex -15.0947 14.1078 6
      vertex -19 17 6
      vertex -15.1 14 6
    endloop
  endfacet
  facet normal 0 0 1
    outer loop
      vertex -15.0789 14.2146 6
      vertex -19 17 6
      vertex -15.0947 14.1078 6
    endloop
  endfacet
  facet normal 0 0 1
    outer loop
      vertex -15.0526 14.3193 6
      vertex -19 17 6
      vertex -15.0789 14.2146 6
    endloop
  endfacet
  facet normal 0 0 1
    outer loop
      vertex -15.0163 14.421 6
      vertex -19 17 6
      vertex -15.0526 14.3193 6
    endloop
  endfacet
  facet normal 0 0 1
    outer loop
      vertex -14.9701 14.5185 6
      vertex -19 17 6
      vertex -15.0163 14.421 6
    endloop
  endfacet
  facet normal 0 0 1
    outer loop
      vertex -14.9146 14.6111 6
      vertex -19 17 6
      vertex -14.9701 14.5185 6
    endloop
  endfacet
  facet normal 0 0 1
    outer loop
      vertex -14.8503 14.6978 6
      vertex -19 17 6
      vertex -14.9146 14.6111 6
    endloop
  endfacet
  facet normal 0 0 1
    outer loop
      vertex -14.7778 14.7778 6
      vertex -19 17 6
      vertex -14.8503 14.6978 6
    endloop
  endfacet
  facet normal -0 0 1
    outer loop
      vertex -19 17 6
      vertex -14.7778 14.7778 6
      vertex -17 19 6
    endloop
  endfacet
  facet normal 0 0 1
    outer loop
      vertex -14.6978 14.8503 6
      vertex -17 19 6
      vertex -14.7778 14.7778 6
    endloop
  endfacet
  facet normal 0 0 1
    outer loop
      vertex -14.6111 14.9146 6
      vertex -17 19 6
      vertex -14.6978 14.8503 6
    endloop
  endfacet
  facet normal 0 0 1
    outer loop
      vertex -14.5185 14.9701 6
      vertex -17 19 6
      vertex -14.6111 14.9146 6
    endloop
  endfacet
  facet normal 0 0 1
    outer loop
      vertex -14.421 15.0163 6
      vertex -17 19 6
      vertex -14.5185 14.9701 6
    endloop
  endfacet
  facet normal 0 0 1
    outer loop
      vertex -14.3193 15.0526 6
      vertex -17 19 6
      vertex -14.421 15.0163 6
    endloop
  endfacet
  facet normal 0 0 1
    outer loop
      vertex -7.4053 8.39218 6
      vertex -4 10 6
      vertex -7.4 8.5 6
    endloop
  endfacet
  facet normal 0 0 1
    outer loop
      vertex -7.42114 8.2854 6
      vertex -4 10 6
      vertex -7.4053 8.39218 6
    endloop
  endfacet
  facet normal 0 0 1
    outer loop
      vertex -7.44736 8.18069 6
      vertex -4 10 6
      vertex -7.42114 8.2854 6
    endloop
  endfacet
  facet normal 0 0 1
    outer loop
      vertex -7.48373 8.07905 6
      vertex -4 10 6
      vertex -7.44736 8.18069 6
    endloop
  endfacet
  facet normal 0 0 1
    outer loop
      vertex -7.52989 7.98146 6
      vertex -4 10 6
      vertex -7.48373 8.07905 6
    endloop
  endfacet
  facet normal 0 0 1
    outer loop
      vertex -7.58538 7.88887 6
      vertex -4 10 6
      vertex -7.52989 7.98146 6
    endloop
  endfacet
  facet normal 0 0 1
    outer loop
      vertex -7.64969 7.80217 6
      vertex -4 10 6
      vertex -7.58538 7.88887 6
    endloop
  endfacet
  facet normal 0 0 1
    outer loop
      vertex -7.72218 7.72218 6
      vertex -4 10 6
      vertex -7.64969 7.80217 6
    endloop
  endfacet
  facet normal 0 0 1
    outer loop
      vertex -10 4 6
      vertex -7.72218 7.72218 6
      vertex -7.80217 7.64969 6
    endloop
  endfacet
  facet normal 0 0 1
    outer loop
      vertex -10 4 6
      vertex -7.80217 7.64969 6
      vertex -7.88887 7.58538 6
    endloop
  endfacet
  facet normal -0 0 1
    outer loop
      vertex -7.72218 7.72218 6
      vertex -10 4 6
      vertex -4 10 6
    endloop
  endfacet
  facet normal -0 0 1
    outer loop
      vertex -7.98146 7.52989 6
      vertex -10 4 6
      vertex -7.88887 7.58538 6
    endloop
  endfacet
  facet normal -0 0 1
    outer loop
      vertex -8.07905 7.48373 6
      vertex -10 4 6
      vertex -7.98146 7.52989 6
    endloop
  endfacet
  facet normal -0 0 1
    outer loop
      vertex -8.18069 7.44736 6
      vertex -10 4 6
      vertex -8.07905 7.48373 6
    endloop
  endfacet
  facet normal -0 0 1
    outer loop
      vertex -8.2854 7.42114 6
      vertex -10 4 6
      vertex -8.18069 7.44736 6
    endloop
  endfacet
  facet normal -0 0 1
    outer loop
      vertex -8.39218 7.4053 6
      vertex -10 4 6
      vertex -8.2854 7.42114 6
    endloop
  endfacet
  facet normal -0 0 1
    outer loop
      vertex -8.5 7.4 6
      vertex -10 4 6
      vertex -8.39218 7.4053 6
    endloop
  endfacet
  facet normal 0 0 1
    outer loop
      vertex -8.60782 7.4053 6
      vertex -10 4 6
      vertex -8.5 7.4 6
    endloop
  endfacet
  facet normal 0 0 1
    outer loop
      vertex -8.7146 7.42114 6
      vertex -10 4 6
      vertex -8.60782 7.4053 6
    endloop
  endfacet
  facet normal 0 0 1
    outer loop
      vertex -8.81931 7.44736 6
      vertex -10 4 6
      vertex -8.7146 7.42114 6
    endloop
  endfacet
  facet normal 0 0 1
    outer loop
      vertex -8.92095 7.48373 6
      vertex -10 4 6
      vertex -8.81931 7.44736 6
    endloop
  endfacet
  facet normal 0 0 1
    outer loop
      vertex -9.01854 7.52989 6
      vertex -10 4 6
      vertex -8.92095 7.48373 6
    endloop
  endfacet
  facet normal 0 0 1
    outer loop
      vertex -9.11113 7.58538 6
      vertex -10 4 6
      vertex -9.01854 7.52989 6
    endloop
  endfacet
  facet normal 0 0 1
    outer loop
      vertex -9.19783 7.64969 6
      vertex -10 4 6
      vertex -9.11113 7.58538 6
    endloop
  endfacet
  facet normal 0 0 1
    outer loop
      vertex -9.27782 7.72218 6
      vertex -10 4 6
      vertex -9.19783 7.64969 6
    endloop
  endfacet
  facet normal 0 0 1
    outer loop
      vertex -9.35031 7.80217 6
      vertex -10 4 6
      vertex -9.27782 7.72218 6
    endloop
  endfacet
  facet normal 0 0 1
    outer loop
      vertex -9.41462 7.88887 6
      vertex -10 4 6
      vertex -9.35031 7.80217 6
    endloop
  endfacet
  facet normal 0 0 1
    outer loop
      vertex -9.47011 7.98146 6
      vertex -10 4 6
      vertex -9.41462 7.88887 6
    endloop
  endfacet
  facet normal 0 0 1
    outer loop
      vertex -9.51627 8.07905 6
      vertex -10 4 6
      vertex -9.47011 7.98146 6
    endloop
  endfacet
  facet normal 0 0 1
    outer loop
      vertex -9.55263 8.18069 6
      vertex -10 4 6
      vertex -9.51627 8.07905 6
    endloop
  endfacet
  facet normal 0 0 1
    outer loop
      vertex -9.57886 8.2854 6
      vertex -10 4 6
      vertex -9.55263 8.18069 6
    endloop
  endfacet
  facet normal 0 0 1
    outer loop
      vertex -9.35031 9.19783 6
      vertex -13.3022 13.1497 6
      vertex -9.41462 9.11113 6
    endloop
  endfacet
  facet normal -0 0 1
    outer loop
      vertex -13.3022 13.1497 6
      vertex -9.35031 9.19783 6
      vertex -13.2222 13.2222 6
    endloop
  endfacet
  facet normal 0 0 1
    outer loop
      vertex -4 -10 6
      vertex -7.4053 -8.39218 6
      vertex -7.4 -8.5 6
    endloop
  endfacet
  facet normal 0 0 1
    outer loop
      vertex -4 -10 6
      vertex -7.42114 -8.2854 6
      vertex -7.4053 -8.39218 6
    endloop
  endfacet
  facet normal 0 0 1
    outer loop
      vertex -4 -10 6
      vertex -7.44736 -8.18069 6
      vertex -7.42114 -8.2854 6
    endloop
  endfacet
  facet normal 0 0 1
    outer loop
      vertex -4 -10 6
      vertex -7.48373 -8.07905 6
      vertex -7.44736 -8.18069 6
    endloop
  endfacet
  facet normal 0 0 1
    outer loop
      vertex -4 -10 6
      vertex -7.52989 -7.98146 6
      vertex -7.48373 -8.07905 6
    endloop
  endfacet
  facet normal 0 0 1
    outer loop
      vertex -4 -10 6
      vertex -7.58538 -7.88887 6
      vertex -7.52989 -7.98146 6
    endloop
  endfacet
  facet normal 0 0 1
    outer loop
      vertex -4 -10 6
      vertex -7.64969 -7.80217 6
      vertex -7.58538 -7.88887 6
    endloop
  endfacet
  facet normal 0 0 1
    outer loop
      vertex -4 -10 6
      vertex -7.72218 -7.72218 6
      vertex -7.64969 -7.80217 6
    endloop
  endfacet
  facet normal 0 0 1
    outer loop
      vertex -10 -4 6
      vertex -7.72218 -7.72218 6
      vertex -4 -10 6
    endloop
  endfacet
  facet normal 0 0 1
    outer loop
      vertex -7.72218 -7.72218 6
      vertex -10 -4 6
      vertex -7.80217 -7.64969 6
    endloop
  endfacet
  facet normal 0 0 1
    outer loop
      vertex -12.9 -14 6
      vertex -9.5947 -8.39218 6
      vertex -10 -4 6
    endloop
  endfacet
  facet normal 0 0 1
    outer loop
      vertex -9.57886 -8.2854 6
      vertex -10 -4 6
      vertex -9.5947 -8.39218 6
    endloop
  endfacet
  facet normal 0 0 1
    outer loop
      vertex -9.55263 -8.18069 6
      vertex -10 -4 6
      vertex -9.57886 -8.2854 6
    endloop
  endfacet
  facet normal 0 0 1
    outer loop
      vertex -9.51627 -8.07905 6
      vertex -10 -4 6
      vertex -9.55263 -8.18069 6
    endloop
  endfacet
  facet normal 0 0 1
    outer loop
      vertex -9.47011 -7.98146 6
      vertex -10 -4 6
      vertex -9.51627 -8.07905 6
    endloop
  endfacet
  facet normal 0 0 1
    outer loop
      vertex -9.41462 -7.88887 6
      vertex -10 -4 6
      vertex -9.47011 -7.98146 6
    endloop
  endfacet
  facet normal 0 0 1
    outer loop
      vertex -9.35031 -7.80217 6
      vertex -10 -4 6
      vertex -9.41462 -7.88887 6
    endloop
  endfacet
  facet normal 0 0 1
    outer loop
      vertex -9.27782 -7.72218 6
      vertex -10 -4 6
      vertex -9.35031 -7.80217 6
    endloop
  endfacet
  facet normal 0 0 1
    outer loop
      vertex -9.19783 -7.64969 6
      vertex -10 -4 6
      vertex -9.27782 -7.72218 6
    endloop
  endfacet
  facet normal 0 0 1
    outer loop
      vertex -9.11113 -7.58538 6
      vertex -10 -4 6
      vertex -9.19783 -7.64969 6
    endloop
  endfacet
  facet normal 0 0 1
    outer loop
      vertex -9.01854 -7.52989 6
      vertex -10 -4 6
      vertex -9.11113 -7.58538 6
    endloop
  endfacet
  facet normal 0 0 1
    outer loop
      vertex -8.92095 -7.48373 6
      vertex -10 -4 6
      vertex -9.01854 -7.52989 6
    endloop
  endfacet
  facet normal 0 0 1
    outer loop
      vertex -8.81931 -7.44736 6
      vertex -10 -4 6
      vertex -8.92095 -7.48373 6
    endloop
  endfacet
  facet normal 0 0 1
    outer loop
      vertex -8.7146 -7.42114 6
      vertex -10 -4 6
      vertex -8.81931 -7.44736 6
    endloop
  endfacet
  facet normal 0 0 1
    outer loop
      vertex -8.60782 -7.4053 6
      vertex -10 -4 6
      vertex -8.7146 -7.42114 6
    endloop
  endfacet
  facet normal 0 0 1
    outer loop
      vertex -8.5 -7.4 6
      vertex -10 -4 6
      vertex -8.60782 -7.4053 6
    endloop
  endfacet
  facet normal 0 0 1
    outer loop
      vertex -8.39218 -7.4053 6
      vertex -10 -4 6
      vertex -8.5 -7.4 6
    endloop
  endfacet
  facet normal 0 0 1
    outer loop
      vertex -8.2854 -7.42114 6
      vertex -10 -4 6
      vertex -8.39218 -7.4053 6
    endloop
  endfacet
  facet normal 0 0 1
    outer loop
      vertex -8.18069 -7.44736 6
      vertex -10 -4 6
      vertex -8.2854 -7.42114 6
    endloop
  endfacet
  facet normal 0 0 1
    outer loop
      vertex -8.07905 -7.48373 6
      vertex -10 -4 6
      vertex -8.18069 -7.44736 6
    endloop
  endfacet
  facet normal 0 0 1
    outer loop
      vertex -7.98146 -7.52989 6
      vertex -10 -4 6
      vertex -8.07905 -7.48373 6
    endloop
  endfacet
  facet normal 0 0 1
    outer loop
      vertex -7.88887 -7.58538 6
      vertex -10 -4 6
      vertex -7.98146 -7.52989 6
    endloop
  endfacet
  facet normal 0 0 1
    outer loop
      vertex -7.80217 -7.64969 6
      vertex -10 -4 6
      vertex -7.88887 -7.58538 6
    endloop
  endfacet
  facet normal 0 0 1
    outer loop
      vertex 14.1078 -12.9053 6
      vertex 9.5947 -8.39218 6
      vertex 9.6 -8.5 6
    endloop
  endfacet
  facet normal 0 0 1
    outer loop
      vertex 14.2146 -12.9211 6
      vertex 9.57886 -8.2854 6
      vertex 9.5947 -8.39218 6
    endloop
  endfacet
  facet normal 0 0 1
    outer loop
      vertex 10 -4 6
      vertex 9.55263 -8.18069 6
      vertex 9.57886 -8.2854 6
    endloop
  endfacet
  facet normal 0 0 1
    outer loop
      vertex 10 -4 6
      vertex 9.51627 -8.07905 6
      vertex 9.55263 -8.18069 6
    endloop
  endfacet
  facet normal 0 0 1
    outer loop
      vertex 10 -4 6
      vertex 9.47011 -7.98146 6
      vertex 9.51627 -8.07905 6
    endloop
  endfacet
  facet normal 0 0 1
    outer loop
      vertex 10 -4 6
      vertex 9.41462 -7.88887 6
      vertex 9.47011 -7.98146 6
    endloop
  endfacet
  facet normal 0 0 1
    outer loop
      vertex 10 -4 6
      vertex 9.35031 -7.80217 6
      vertex 9.41462 -7.88887 6
    endloop
  endfacet
  facet normal 0 0 1
    outer loop
      vertex 10 -4 6
      vertex 9.27782 -7.72218 6
      vertex 9.35031 -7.80217 6
    endloop
  endfacet
  facet normal 0 0 1
    outer loop
      vertex 10 -4 6
      vertex 9.19783 -7.64969 6
      vertex 9.27782 -7.72218 6
    endloop
  endfacet
  facet normal 0 0 1
    outer loop
      vertex 10 -4 6
      vertex 9.11113 -7.58538 6
      vertex 9.19783 -7.64969 6
    endloop
  endfacet
  facet normal 0 0 1
    outer loop
      vertex 10 -4 6
      vertex 9.01854 -7.52989 6
      vertex 9.11113 -7.58538 6
    endloop
  endfacet
  facet normal 0 0 1
    outer loop
      vertex 10 -4 6
      vertex 8.92095 -7.48373 6
      vertex 9.01854 -7.52989 6
    endloop
  endfacet
  facet normal 0 0 1
    outer loop
      vertex 10 -4 6
      vertex 8.81931 -7.44736 6
      vertex 8.92095 -7.48373 6
    endloop
  endfacet
  facet normal 0 0 1
    outer loop
      vertex 10 -4 6
      vertex 8.7146 -7.42114 6
      vertex 8.81931 -7.44736 6
    endloop
  endfacet
  facet normal 0 0 1
    outer loop
      vertex 10 -4 6
      vertex 8.60782 -7.4053 6
      vertex 8.7146 -7.42114 6
    endloop
  endfacet
  facet normal 0 0 1
    outer loop
      vertex 10 -4 6
      vertex 8.5 -7.4 6
      vertex 8.60782 -7.4053 6
    endloop
  endfacet
  facet normal 0 0 1
    outer loop
      vertex 10 -4 6
      vertex 8.39218 -7.4053 6
      vertex 8.5 -7.4 6
    endloop
  endfacet
  facet normal 0 0 1
    outer loop
      vertex 10 -4 6
      vertex 8.2854 -7.42114 6
      vertex 8.39218 -7.4053 6
    endloop
  endfacet
  facet normal 0 0 1
    outer loop
      vertex 10 -4 6
      vertex 8.18069 -7.44736 6
      vertex 8.2854 -7.42114 6
    endloop
  endfacet
  facet normal 0 0 1
    outer loop
      vertex 10 -4 6
      vertex 8.07905 -7.48373 6
      vertex 8.18069 -7.44736 6
    endloop
  endfacet
  facet normal 0 0 1
    outer loop
      vertex 10 -4 6
      vertex 7.98146 -7.52989 6
      vertex 8.07905 -7.48373 6
    endloop
  endfacet
  facet normal 0 0 1
    outer loop
      vertex 10 -4 6
      vertex 7.88887 -7.58538 6
      vertex 7.98146 -7.52989 6
    endloop
  endfacet
  facet normal 0 0 1
    outer loop
      vertex 10 -4 6
      vertex 7.80217 -7.64969 6
      vertex 7.88887 -7.58538 6
    endloop
  endfacet
  facet normal 0 0 1
    outer loop
      vertex 10 -4 6
      vertex 7.72218 -7.72218 6
      vertex 7.80217 -7.64969 6
    endloop
  endfacet
  facet normal 0 0 1
    outer loop
      vertex 4 -10 6
      vertex 7.72218 -7.72218 6
      vertex 10 -4 6
    endloop
  endfacet
  facet normal 0 0 1
    outer loop
      vertex 7.72218 -7.72218 6
      vertex 4 -10 6
      vertex 7.64969 -7.80217 6
    endloop
  endfacet
  facet normal 0 0 1
    outer loop
      vertex 7.4053 -8.39218 6
      vertex 4 -10 6
      vertex 7.4 -8.5 6
    endloop
  endfacet
  facet normal 0 0 1
    outer loop
      vertex 7.42114 -8.2854 6
      vertex 4 -10 6
      vertex 7.4053 -8.39218 6
    endloop
  endfacet
  facet normal 0 0 1
    outer loop
      vertex 7.44736 -8.18069 6
      vertex 4 -10 6
      vertex 7.42114 -8.2854 6
    endloop
  endfacet
  facet normal 0 0 1
    outer loop
      vertex 7.48373 -8.07905 6
      vertex 4 -10 6
      vertex 7.44736 -8.18069 6
    endloop
  endfacet
  facet normal 0 0 1
    outer loop
      vertex 7.52989 -7.98146 6
      vertex 4 -10 6
      vertex 7.48373 -8.07905 6
    endloop
  endfacet
  facet normal 0 0 1
    outer loop
      vertex 7.58538 -7.88887 6
      vertex 4 -10 6
      vertex 7.52989 -7.98146 6
    endloop
  endfacet
  facet normal 0 0 1
    outer loop
      vertex 7.64969 -7.80217 6
      vertex 4 -10 6
      vertex 7.58538 -7.88887 6
    endloop
  endfacet
  facet normal 0 0 1
    outer loop
      vertex 15.0526 13.6807 6
      vertex 19 17 6
      vertex 15.0789 13.7854 6
    endloop
  endfacet
  facet normal 0 0 1
    outer loop
      vertex 19 -17 6
      vertex 15.0947 -13.8922 6
      vertex 15.1 -14 6
    endloop
  endfacet
  facet normal 0 0 1
    outer loop
      vertex 15.0163 13.579 6
      vertex 19 17 6
      vertex 15.0526 13.6807 6
    endloop
  endfacet
  facet normal 0 0 1
    outer loop
      vertex 19 -17 6
      vertex 15.0789 -13.7854 6
      vertex 15.0947 -13.8922 6
    endloop
  endfacet
  facet normal 0 0 1
    outer loop
      vertex 14.9701 13.4815 6
      vertex 19 17 6
      vertex 15.0163 13.579 6
    endloop
  endfacet
  facet normal 0 0 1
    outer loop
      vertex 19 -17 6
      vertex 15.0526 -13.6807 6
      vertex 15.0789 -13.7854 6
    endloop
  endfacet
  facet normal 0 0 1
    outer loop
      vertex 14.9146 13.3889 6
      vertex 19 17 6
      vertex 14.9701 13.4815 6
    endloop
  endfacet
  facet normal 0 0 1
    outer loop
      vertex 19 -17 6
      vertex 15.0163 -13.579 6
      vertex 15.0526 -13.6807 6
    endloop
  endfacet
  facet normal 0 0 1
    outer loop
      vertex 14.8503 13.3022 6
      vertex 19 17 6
      vertex 14.9146 13.3889 6
    endloop
  endfacet
  facet normal 0 0 1
    outer loop
      vertex 19 -17 6
      vertex 14.9701 -13.4815 6
      vertex 15.0163 -13.579 6
    endloop
  endfacet
  facet normal 0 0 1
    outer loop
      vertex 19 17 6
      vertex 14.8503 13.3022 6
      vertex 19 -17 6
    endloop
  endfacet
  facet normal 0 0 1
    outer loop
      vertex 19 -17 6
      vertex 14.9146 -13.3889 6
      vertex 14.9701 -13.4815 6
    endloop
  endfacet
  facet normal -0 0 1
    outer loop
      vertex 14.8503 -13.3022 6
      vertex 19 -17 6
      vertex 14.8503 13.3022 6
    endloop
  endfacet
  facet normal 0 0 1
    outer loop
      vertex 19 -17 6
      vertex 14.8503 -13.3022 6
      vertex 14.9146 -13.3889 6
    endloop
  endfacet
  facet normal -0 0 1
    outer loop
      vertex 14.7778 13.2222 6
      vertex 14.8503 -13.3022 6
      vertex 14.8503 13.3022 6
    endloop
  endfacet
  facet normal 0 0 1
    outer loop
      vertex 14.7778 13.2222 6
      vertex 14.7778 -13.2222 6
      vertex 14.8503 -13.3022 6
    endloop
  endfacet
  facet normal 0 0 1
    outer loop
      vertex 10 4 6
      vertex 14.7778 13.2222 6
      vertex 14.6978 13.1497 6
    endloop
  endfacet
  facet normal 0 0 1
    outer loop
      vertex 14.7778 13.2222 6
      vertex 10 4 6
      vertex 14.7778 -13.2222 6
    endloop
  endfacet
  facet normal 0 0 1
    outer loop
      vertex 10 4 6
      vertex 14.6978 13.1497 6
      vertex 14.6111 13.0854 6
    endloop
  endfacet
  facet normal -0 0 1
    outer loop
      vertex 10 -4 6
      vertex 14.7778 -13.2222 6
      vertex 10 4 6
    endloop
  endfacet
  facet normal 0 0 1
    outer loop
      vertex 10 4 6
      vertex 14.6111 13.0854 6
      vertex 14.5185 13.0299 6
    endloop
  endfacet
  facet normal 0 0 1
    outer loop
      vertex 14.7778 -13.2222 6
      vertex 10 -4 6
      vertex 14.6978 -13.1497 6
    endloop
  endfacet
  facet normal 0 0 1
    outer loop
      vertex 10 4 6
      vertex 14.5185 13.0299 6
      vertex 14.421 12.9837 6
    endloop
  endfacet
  facet normal 0 0 1
    outer loop
      vertex 14.6978 -13.1497 6
      vertex 10 -4 6
      vertex 14.6111 -13.0854 6
    endloop
  endfacet
  facet normal 0 0 1
    outer loop
      vertex 10 4 6
      vertex 14.421 12.9837 6
      vertex 14.3193 12.9474 6
    endloop
  endfacet
  facet normal 0 0 1
    outer loop
      vertex 14.6111 -13.0854 6
      vertex 10 -4 6
      vertex 14.5185 -13.0299 6
    endloop
  endfacet
  facet normal 0 0 1
    outer loop
      vertex 10 4 6
      vertex 14.3193 12.9474 6
      vertex 14.2146 12.9211 6
    endloop
  endfacet
  facet normal 0 0 1
    outer loop
      vertex 14.5185 -13.0299 6
      vertex 10 -4 6
      vertex 14.421 -12.9837 6
    endloop
  endfacet
  facet normal 0 0 1
    outer loop
      vertex 9.57886 8.2854 6
      vertex 14.2146 12.9211 6
      vertex 14.1078 12.9053 6
    endloop
  endfacet
  facet normal 0 0 1
    outer loop
      vertex 14.421 -12.9837 6
      vertex 10 -4 6
      vertex 14.3193 -12.9474 6
    endloop
  endfacet
  facet normal 0 0 1
    outer loop
      vertex 9.5947 8.39218 6
      vertex 14.1078 12.9053 6
      vertex 14 12.9 6
    endloop
  endfacet
  facet normal 0 0 1
    outer loop
      vertex 14.3193 -12.9474 6
      vertex 10 -4 6
      vertex 14.2146 -12.9211 6
    endloop
  endfacet
  facet normal 0 0 1
    outer loop
      vertex 9.6 8.5 6
      vertex 14 12.9 6
      vertex 13.8922 12.9053 6
    endloop
  endfacet
  facet normal -0 0 1
    outer loop
      vertex 9.57886 -8.2854 6
      vertex 14.2146 -12.9211 6
      vertex 10 -4 6
    endloop
  endfacet
  facet normal 0 0 1
    outer loop
      vertex 9.5947 8.60782 6
      vertex 13.8922 12.9053 6
      vertex 13.7854 12.9211 6
    endloop
  endfacet
  facet normal 0 0 1
    outer loop
      vertex 9.5947 -8.39218 6
      vertex 14.1078 -12.9053 6
      vertex 14.2146 -12.9211 6
    endloop
  endfacet
  facet normal 0 0 1
    outer loop
      vertex 9.57886 8.7146 6
      vertex 13.7854 12.9211 6
      vertex 13.6807 12.9474 6
    endloop
  endfacet
  facet normal 0 0 1
    outer loop
      vertex 14.1078 -12.9053 6
      vertex 9.6 -8.5 6
      vertex 14 -12.9 6
    endloop
  endfacet
  facet normal 0 0 1
    outer loop
      vertex 9.55263 8.81931 6
      vertex 13.6807 12.9474 6
      vertex 13.579 12.9837 6
    endloop
  endfacet
  facet normal 0 0 1
    outer loop
      vertex 14 -12.9 6
      vertex 9.6 -8.5 6
      vertex 13.8922 -12.9053 6
    endloop
  endfacet
  facet normal 0 0 1
    outer loop
      vertex 9.51627 8.92095 6
      vertex 13.579 12.9837 6
      vertex 13.4815 13.0299 6
    endloop
  endfacet
  facet normal -0 0 1
    outer loop
      vertex 9.5947 -8.60782 6
      vertex 13.8922 -12.9053 6
      vertex 9.6 -8.5 6
    endloop
  endfacet
  facet normal 0 0 1
    outer loop
      vertex 9.47011 9.01854 6
      vertex 13.4815 13.0299 6
      vertex 13.3889 13.0854 6
    endloop
  endfacet
  facet normal 0 0 1
    outer loop
      vertex 13.8922 -12.9053 6
      vertex 9.5947 -8.60782 6
      vertex 13.7854 -12.9211 6
    endloop
  endfacet
  facet normal 0 0 1
    outer loop
      vertex 9.41462 9.11113 6
      vertex 13.3889 13.0854 6
      vertex 13.3022 13.1497 6
    endloop
  endfacet
  facet normal -0 0 1
    outer loop
      vertex 9.57886 -8.7146 6
      vertex 13.7854 -12.9211 6
      vertex 9.5947 -8.60782 6
    endloop
  endfacet
  facet normal 0 0 1
    outer loop
      vertex 9.35031 9.19783 6
      vertex 13.3022 13.1497 6
      vertex 13.2222 13.2222 6
    endloop
  endfacet
  facet normal 0 0 1
    outer loop
      vertex 13.7854 -12.9211 6
      vertex 9.57886 -8.7146 6
      vertex 13.6807 -12.9474 6
    endloop
  endfacet
  facet normal 0 0 1
    outer loop
      vertex 9.27782 9.27782 6
      vertex 13.2222 13.2222 6
      vertex 13.1497 13.3022 6
    endloop
  endfacet
  facet normal -0 0 1
    outer loop
      vertex 9.55263 -8.81931 6
      vertex 13.6807 -12.9474 6
      vertex 9.57886 -8.7146 6
    endloop
  endfacet
  facet normal 0 0 1
    outer loop
      vertex 9.19783 9.35031 6
      vertex 13.1497 13.3022 6
      vertex 13.0854 13.3889 6
    endloop
  endfacet
  facet normal 0 0 1
    outer loop
      vertex 13.6807 -12.9474 6
      vertex 9.55263 -8.81931 6
      vertex 13.579 -12.9837 6
    endloop
  endfacet
  facet normal 0 0 1
    outer loop
      vertex 9.11113 9.41462 6
      vertex 13.0854 13.3889 6
      vertex 13.0299 13.4815 6
    endloop
  endfacet
  facet normal -0 0 1
    outer loop
      vertex 9.51627 -8.92095 6
      vertex 13.579 -12.9837 6
      vertex 9.55263 -8.81931 6
    endloop
  endfacet
  facet normal 0 0 1
    outer loop
      vertex 9.01854 9.47011 6
      vertex 13.0299 13.4815 6
      vertex 12.9837 13.579 6
    endloop
  endfacet
  facet normal 0 0 1
    outer loop
      vertex 13.579 -12.9837 6
      vertex 9.51627 -8.92095 6
      vertex 13.4815 -13.0299 6
    endloop
  endfacet
  facet normal 0 0 1
    outer loop
      vertex 8.92095 9.51627 6
      vertex 12.9837 13.579 6
      vertex 12.9474 13.6807 6
    endloop
  endfacet
  facet normal -0 0 1
    outer loop
      vertex 9.47011 -9.01854 6
      vertex 13.4815 -13.0299 6
      vertex 9.51627 -8.92095 6
    endloop
  endfacet
  facet normal 0 0 1
    outer loop
      vertex 8.81931 9.55263 6
      vertex 12.9474 13.6807 6
      vertex 12.9211 13.7854 6
    endloop
  endfacet
  facet normal 0 0 1
    outer loop
      vertex 13.4815 -13.0299 6
      vertex 9.47011 -9.01854 6
      vertex 13.3889 -13.0854 6
    endloop
  endfacet
  facet normal 0 0 1
    outer loop
      vertex 8.7146 9.57886 6
      vertex 12.9211 13.7854 6
      vertex 12.9053 13.8922 6
    endloop
  endfacet
  facet normal -0 0 1
    outer loop
      vertex 9.41462 -9.11113 6
      vertex 13.3889 -13.0854 6
      vertex 9.47011 -9.01854 6
    endloop
  endfacet
  facet normal 0 0 1
    outer loop
      vertex 8.60782 9.5947 6
      vertex 12.9053 13.8922 6
      vertex 12.9 14 6
    endloop
  endfacet
  facet normal 0 0 1
    outer loop
      vertex 13.3889 -13.0854 6
      vertex 9.41462 -9.11113 6
      vertex 13.3022 -13.1497 6
    endloop
  endfacet
  facet normal 0 0 1
    outer loop
      vertex 17 19 6
      vertex 19 17 6
      vertex 18.9904 17.196 6
    endloop
  endfacet
  facet normal 0 0 1
    outer loop
      vertex 15.0947 13.8922 6
      vertex 19 17 6
      vertex 15.1 14 6
    endloop
  endfacet
  facet normal 0 0 1
    outer loop
      vertex 17 19 6
      vertex 18.9904 17.196 6
      vertex 18.9616 17.3902 6
    endloop
  endfacet
  facet normal 0 0 1
    outer loop
      vertex 15.0789 13.7854 6
      vertex 19 17 6
      vertex 15.0947 13.8922 6
    endloop
  endfacet
  facet normal 0 0 1
    outer loop
      vertex 17 19 6
      vertex 18.9616 17.3902 6
      vertex 18.9139 17.5806 6
    endloop
  endfacet
  facet normal -0 0 1
    outer loop
      vertex 15.0947 -14.1078 6
      vertex 19 -17 6
      vertex 15.1 -14 6
    endloop
  endfacet
  facet normal 0 0 1
    outer loop
      vertex 17 19 6
      vertex 18.9139 17.5806 6
      vertex 18.8478 17.7654 6
    endloop
  endfacet
  facet normal -0 0 1
    outer loop
      vertex 15.0789 -14.2146 6
      vertex 19 -17 6
      vertex 15.0947 -14.1078 6
    endloop
  endfacet
  facet normal 0 0 1
    outer loop
      vertex 17 19 6
      vertex 18.8478 17.7654 6
      vertex 18.7638 17.9428 6
    endloop
  endfacet
  facet normal -0 0 1
    outer loop
      vertex 15.0526 -14.3193 6
      vertex 19 -17 6
      vertex 15.0789 -14.2146 6
    endloop
  endfacet
  facet normal 0 0 1
    outer loop
      vertex 17 19 6
      vertex 18.7638 17.9428 6
      vertex 18.6629 18.1111 6
    endloop
  endfacet
  facet normal -0 0 1
    outer loop
      vertex 15.0163 -14.421 6
      vertex 19 -17 6
      vertex 15.0526 -14.3193 6
    endloop
  endfacet
  facet normal 0 0 1
    outer loop
      vertex 17 19 6
      vertex 18.6629 18.1111 6
      vertex 18.546 18.2688 6
    endloop
  endfacet
  facet normal -0 0 1
    outer loop
      vertex 14.9701 -14.5185 6
      vertex 19 -17 6
      vertex 15.0163 -14.421 6
    endloop
  endfacet
  facet normal 0 0 1
    outer loop
      vertex 17 19 6
      vertex 18.546 18.2688 6
      vertex 18.4142 18.4142 6
    endloop
  endfacet
  facet normal -0 0 1
    outer loop
      vertex 14.9146 -14.6111 6
      vertex 19 -17 6
      vertex 14.9701 -14.5185 6
    endloop
  endfacet
  facet normal 0 0 1
    outer loop
      vertex 17 19 6
      vertex 18.4142 18.4142 6
      vertex 18.2688 18.546 6
    endloop
  endfacet
  facet normal -0 0 1
    outer loop
      vertex 14.8503 -14.6978 6
      vertex 19 -17 6
      vertex 14.9146 -14.6111 6
    endloop
  endfacet
  facet normal 0 0 1
    outer loop
      vertex 17 19 6
      vertex 18.2688 18.546 6
      vertex 18.1111 18.6629 6
    endloop
  endfacet
  facet normal -0 0 1
    outer loop
      vertex 14.7778 -14.7778 6
      vertex 19 -17 6
      vertex 14.8503 -14.6978 6
    endloop
  endfacet
  facet normal 0 0 1
    outer loop
      vertex 17 19 6
      vertex 18.1111 18.6629 6
      vertex 17.9428 18.7638 6
    endloop
  endfacet
  facet normal 0 -0 1
    outer loop
      vertex 17 -19 6
      vertex 19 -17 6
      vertex 14.7778 -14.7778 6
    endloop
  endfacet
  facet normal 0 0 1
    outer loop
      vertex 17 19 6
      vertex 17.9428 18.7638 6
      vertex 17.7654 18.8478 6
    endloop
  endfacet
  facet normal 0 0 1
    outer loop
      vertex 19 -17 6
      vertex 17 -19 6
      vertex 18.9904 -17.196 6
    endloop
  endfacet
  facet normal 0 0 1
    outer loop
      vertex 17 19 6
      vertex 17.7654 18.8478 6
      vertex 17.5806 18.9139 6
    endloop
  endfacet
  facet normal 0 0 1
    outer loop
      vertex 18.9904 -17.196 6
      vertex 17 -19 6
      vertex 18.9616 -17.3902 6
    endloop
  endfacet
  facet normal 0 0 1
    outer loop
      vertex 17 19 6
      vertex 17.5806 18.9139 6
      vertex 17.3902 18.9616 6
    endloop
  endfacet
  facet normal 0 0 1
    outer loop
      vertex 18.9616 -17.3902 6
      vertex 17 -19 6
      vertex 18.9139 -17.5806 6
    endloop
  endfacet
  facet normal 0 0 1
    outer loop
      vertex 17 19 6
      vertex 17.3902 18.9616 6
      vertex 17.196 18.9904 6
    endloop
  endfacet
  facet normal 0 0 1
    outer loop
      vertex 18.9139 -17.5806 6
      vertex 17 -19 6
      vertex 18.8478 -17.7654 6
    endloop
  endfacet
  facet normal 0 0 1
    outer loop
      vertex 19 17 6
      vertex 17 19 6
      vertex 14.7778 14.7778 6
    endloop
  endfacet
  facet normal 0 0 1
    outer loop
      vertex 18.7638 -17.9428 6
      vertex 17 -19 6
      vertex 18.6629 -18.1111 6
    endloop
  endfacet
  facet normal 0 0 1
    outer loop
      vertex 18.6629 -18.1111 6
      vertex 17 -19 6
      vertex 18.546 -18.2688 6
    endloop
  endfacet
  facet normal 0 0 1
    outer loop
      vertex 19 17 6
      vertex 15.0947 14.1078 6
      vertex 15.1 14 6
    endloop
  endfacet
  facet normal 0 0 1
    outer loop
      vertex 19 17 6
      vertex 15.0789 14.2146 6
      vertex 15.0947 14.1078 6
    endloop
  endfacet
  facet normal 0 0 1
    outer loop
      vertex 19 17 6
      vertex 15.0526 14.3193 6
      vertex 15.0789 14.2146 6
    endloop
  endfacet
  facet normal 0 0 1
    outer loop
      vertex 19 17 6
      vertex 15.0163 14.421 6
      vertex 15.0526 14.3193 6
    endloop
  endfacet
  facet normal 0 0 1
    outer loop
      vertex 19 17 6
      vertex 14.9701 14.5185 6
      vertex 15.0163 14.421 6
    endloop
  endfacet
  facet normal 0 0 1
    outer loop
      vertex 19 17 6
      vertex 14.9146 14.6111 6
      vertex 14.9701 14.5185 6
    endloop
  endfacet
  facet normal 0 0 1
    outer loop
      vertex 19 17 6
      vertex 14.8503 14.6978 6
      vertex 14.9146 14.6111 6
    endloop
  endfacet
  facet normal 0 0 1
    outer loop
      vertex 19 17 6
      vertex 14.7778 14.7778 6
      vertex 14.8503 14.6978 6
    endloop
  endfacet
  facet normal 0 0 1
    outer loop
      vertex 17 19 6
      vertex 14.6978 14.8503 6
      vertex 14.7778 14.7778 6
    endloop
  endfacet
  facet normal 0 0 1
    outer loop
      vertex 17 19 6
      vertex 14.6111 14.9146 6
      vertex 14.6978 14.8503 6
    endloop
  endfacet
  facet normal 0 0 1
    outer loop
      vertex 17 19 6
      vertex 14.5185 14.9701 6
      vertex 14.6111 14.9146 6
    endloop
  endfacet
  facet normal 0 0 1
    outer loop
      vertex 17 19 6
      vertex 14.421 15.0163 6
      vertex 14.5185 14.9701 6
    endloop
  endfacet
  facet normal 0 0 1
    outer loop
      vertex 17 19 6
      vertex 14.3193 15.0526 6
      vertex 14.421 15.0163 6
    endloop
  endfacet
  facet normal 0 0 1
    outer loop
      vertex 17 19 6
      vertex 14.2146 15.0789 6
      vertex 14.3193 15.0526 6
    endloop
  endfacet
  facet normal 0 0 1
    outer loop
      vertex 17 19 6
      vertex 14.1078 15.0947 6
      vertex 14.2146 15.0789 6
    endloop
  endfacet
  facet normal 0 0 1
    outer loop
      vertex 17 19 6
      vertex 14 15.1 6
      vertex 14.1078 15.0947 6
    endloop
  endfacet
  facet normal 0 0 1
    outer loop
      vertex 17 19 6
      vertex 13.8922 15.0947 6
      vertex 14 15.1 6
    endloop
  endfacet
  facet normal 0 0 1
    outer loop
      vertex 17 19 6
      vertex 13.7854 15.0789 6
      vertex 13.8922 15.0947 6
    endloop
  endfacet
  facet normal 0 0 1
    outer loop
      vertex 17 19 6
      vertex 13.6807 15.0526 6
      vertex 13.7854 15.0789 6
    endloop
  endfacet
  facet normal 0 0 1
    outer loop
      vertex 17 19 6
      vertex 13.579 15.0163 6
      vertex 13.6807 15.0526 6
    endloop
  endfacet
  facet normal 0 0 1
    outer loop
      vertex 17 19 6
      vertex 13.4815 14.9701 6
      vertex 13.579 15.0163 6
    endloop
  endfacet
  facet normal -0 0 1
    outer loop
      vertex 4 19 6
      vertex 13.4815 14.9701 6
      vertex 17 19 6
    endloop
  endfacet
  facet normal 0 0 1
    outer loop
      vertex 13.4815 14.9701 6
      vertex 4 19 6
      vertex 13.3889 14.9146 6
    endloop
  endfacet
  facet normal 0 0 1
    outer loop
      vertex 13.3889 14.9146 6
      vertex 4 19 6
      vertex 13.3022 14.8503 6
    endloop
  endfacet
  facet normal 0 0 1
    outer loop
      vertex 13.3022 14.8503 6
      vertex 4 19 6
      vertex 13.2222 14.7778 6
    endloop
  endfacet
  facet normal -0 0 1
    outer loop
      vertex 9.35031 -9.19783 6
      vertex 13.3022 -13.1497 6
      vertex 9.41462 -9.11113 6
    endloop
  endfacet
  facet normal 0 0 1
    outer loop
      vertex 8.5 9.6 6
      vertex 12.9 14 6
      vertex 12.9053 14.1078 6
    endloop
  endfacet
  facet normal 0 0 1
    outer loop
      vertex 8.39218 9.5947 6
      vertex 12.9053 14.1078 6
      vertex 12.9211 14.2146 6
    endloop
  endfacet
  facet normal 0 0 1
    outer loop
      vertex 4 19 6
      vertex 12.9211 14.2146 6
      vertex 12.9474 14.3193 6
    endloop
  endfacet
  facet normal 0 0 1
    outer loop
      vertex 14 12.9 6
      vertex 9.6 8.5 6
      vertex 9.5947 8.39218 6
    endloop
  endfacet
  facet normal 0 0 1
    outer loop
      vertex 4 19 6
      vertex 12.9474 14.3193 6
      vertex 12.9837 14.421 6
    endloop
  endfacet
  facet normal 0 0 1
    outer loop
      vertex 4 19 6
      vertex 12.9837 14.421 6
      vertex 13.0299 14.5185 6
    endloop
  endfacet
  facet normal 0 0 1
    outer loop
      vertex 13.8922 12.9053 6
      vertex 9.5947 8.60782 6
      vertex 9.6 8.5 6
    endloop
  endfacet
  facet normal 0 0 1
    outer loop
      vertex 13.7854 12.9211 6
      vertex 9.57886 8.7146 6
      vertex 9.5947 8.60782 6
    endloop
  endfacet
  facet normal 0 0 1
    outer loop
      vertex 13.6807 12.9474 6
      vertex 9.55263 8.81931 6
      vertex 9.57886 8.7146 6
    endloop
  endfacet
  facet normal 0 0 1
    outer loop
      vertex 4 19 6
      vertex 13.0299 14.5185 6
      vertex 13.0854 14.6111 6
    endloop
  endfacet
  facet normal 0 0 1
    outer loop
      vertex 13.579 12.9837 6
      vertex 9.51627 8.92095 6
      vertex 9.55263 8.81931 6
    endloop
  endfacet
  facet normal 0 0 1
    outer loop
      vertex 13.4815 13.0299 6
      vertex 9.47011 9.01854 6
      vertex 9.51627 8.92095 6
    endloop
  endfacet
  facet normal 0 0 1
    outer loop
      vertex 13.3889 13.0854 6
      vertex 9.41462 9.11113 6
      vertex 9.47011 9.01854 6
    endloop
  endfacet
  facet normal 0 0 1
    outer loop
      vertex 13.3022 13.1497 6
      vertex 9.35031 9.19783 6
      vertex 9.41462 9.11113 6
    endloop
  endfacet
  facet normal 0 0 1
    outer loop
      vertex 13.2222 13.2222 6
      vertex 9.27782 9.27782 6
      vertex 9.35031 9.19783 6
    endloop
  endfacet
  facet normal 0 0 1
    outer loop
      vertex 13.1497 13.3022 6
      vertex 9.19783 9.35031 6
      vertex 9.27782 9.27782 6
    endloop
  endfacet
  facet normal 0 0 1
    outer loop
      vertex 13.0854 13.3889 6
      vertex 9.11113 9.41462 6
      vertex 9.19783 9.35031 6
    endloop
  endfacet
  facet normal 0 0 1
    outer loop
      vertex 4 19 6
      vertex 13.0854 14.6111 6
      vertex 13.1497 14.6978 6
    endloop
  endfacet
  facet normal 0 0 1
    outer loop
      vertex 13.0299 13.4815 6
      vertex 9.01854 9.47011 6
      vertex 9.11113 9.41462 6
    endloop
  endfacet
  facet normal 0 0 1
    outer loop
      vertex 12.9837 13.579 6
      vertex 8.92095 9.51627 6
      vertex 9.01854 9.47011 6
    endloop
  endfacet
  facet normal 0 0 1
    outer loop
      vertex 12.9474 13.6807 6
      vertex 8.81931 9.55263 6
      vertex 8.92095 9.51627 6
    endloop
  endfacet
  facet normal 0 0 1
    outer loop
      vertex 12.9211 13.7854 6
      vertex 8.7146 9.57886 6
      vertex 8.81931 9.55263 6
    endloop
  endfacet
  facet normal 0 0 1
    outer loop
      vertex 12.9053 13.8922 6
      vertex 8.60782 9.5947 6
      vertex 8.7146 9.57886 6
    endloop
  endfacet
  facet normal 0 0 1
    outer loop
      vertex 12.9 14 6
      vertex 8.5 9.6 6
      vertex 8.60782 9.5947 6
    endloop
  endfacet
  facet normal 0 0 1
    outer loop
      vertex 13.2222 14.7778 6
      vertex 4 19 6
      vertex 13.1497 14.6978 6
    endloop
  endfacet
  facet normal 0 0 1
    outer loop
      vertex 12.9211 14.2146 6
      vertex 4 19 6
      vertex 8.39218 9.5947 6
    endloop
  endfacet
  facet normal 0 0 1
    outer loop
      vertex 12.9053 14.1078 6
      vertex 8.39218 9.5947 6
      vertex 8.5 9.6 6
    endloop
  endfacet
  facet normal 0 0 1
    outer loop
      vertex 8.39218 9.5947 6
      vertex 4 19 6
      vertex 8.2854 9.57886 6
    endloop
  endfacet
  facet normal 0 0 1
    outer loop
      vertex 8.2854 9.57886 6
      vertex 4 19 6
      vertex 8.18069 9.55263 6
    endloop
  endfacet
  facet normal -0 0 1
    outer loop
      vertex 4 10 6
      vertex 8.18069 9.55263 6
      vertex 4 19 6
    endloop
  endfacet
  facet normal 0 0 1
    outer loop
      vertex 8.18069 9.55263 6
      vertex 4 10 6
      vertex 8.07905 9.51627 6
    endloop
  endfacet
  facet normal 0 0 1
    outer loop
      vertex 8.07905 9.51627 6
      vertex 4 10 6
      vertex 7.98146 9.47011 6
    endloop
  endfacet
  facet normal 0 0 1
    outer loop
      vertex 7.98146 9.47011 6
      vertex 4 10 6
      vertex 7.88887 9.41462 6
    endloop
  endfacet
  facet normal 0 0 1
    outer loop
      vertex 7.42114 8.7146 6
      vertex 4 10 6
      vertex 7.4053 8.60782 6
    endloop
  endfacet
  facet normal 0 0 1
    outer loop
      vertex 7.44736 8.81931 6
      vertex 4 10 6
      vertex 7.42114 8.7146 6
    endloop
  endfacet
  facet normal 0 0 1
    outer loop
      vertex 7.48373 8.92095 6
      vertex 4 10 6
      vertex 7.44736 8.81931 6
    endloop
  endfacet
  facet normal 0 0 1
    outer loop
      vertex 7.52989 9.01854 6
      vertex 4 10 6
      vertex 7.48373 8.92095 6
    endloop
  endfacet
  facet normal 0 0 1
    outer loop
      vertex 7.58538 9.11113 6
      vertex 4 10 6
      vertex 7.52989 9.01854 6
    endloop
  endfacet
  facet normal 0 0 1
    outer loop
      vertex 7.64969 9.19783 6
      vertex 4 10 6
      vertex 7.58538 9.11113 6
    endloop
  endfacet
  facet normal 0 0 1
    outer loop
      vertex 7.72218 9.27782 6
      vertex 4 10 6
      vertex 7.64969 9.19783 6
    endloop
  endfacet
  facet normal 0 0 1
    outer loop
      vertex 7.80217 9.35031 6
      vertex 4 10 6
      vertex 7.72218 9.27782 6
    endloop
  endfacet
  facet normal 0 0 1
    outer loop
      vertex 7.88887 9.41462 6
      vertex 4 10 6
      vertex 7.80217 9.35031 6
    endloop
  endfacet
  facet normal 0 0 1
    outer loop
      vertex 18.546 -18.2688 6
      vertex 17 -19 6
      vertex 18.4142 -18.4142 6
    endloop
  endfacet
  facet normal 0 0 1
    outer loop
      vertex 18.4142 -18.4142 6
      vertex 17 -19 6
      vertex 18.2688 -18.546 6
    endloop
  endfacet
  facet normal 0 0 1
    outer loop
      vertex 18.2688 -18.546 6
      vertex 17 -19 6
      vertex 18.1111 -18.6629 6
    endloop
  endfacet
  facet normal 0 0 1
    outer loop
      vertex 18.1111 -18.6629 6
      vertex 17 -19 6
      vertex 17.9428 -18.7638 6
    endloop
  endfacet
  facet normal 0 0 1
    outer loop
      vertex 17.9428 -18.7638 6
      vertex 17 -19 6
      vertex 17.7654 -18.8478 6
    endloop
  endfacet
  facet normal 0 0 1
    outer loop
      vertex 17.7654 -18.8478 6
      vertex 17 -19 6
      vertex 17.5806 -18.9139 6
    endloop
  endfacet
  facet normal 0 0 1
    outer loop
      vertex 17.5806 -18.9139 6
      vertex 17 -19 6
      vertex 17.3902 -18.9616 6
    endloop
  endfacet
  facet normal 0 0 1
    outer loop
      vertex 17.3902 -18.9616 6
      vertex 17 -19 6
      vertex 17.196 -18.9904 6
    endloop
  endfacet
  facet normal 0 0 1
    outer loop
      vertex 18.8478 -17.7654 6
      vertex 17 -19 6
      vertex 18.7638 -17.9428 6
    endloop
  endfacet
  facet normal -0 0 1
    outer loop
      vertex 14.6978 -14.8503 6
      vertex 17 -19 6
      vertex 14.7778 -14.7778 6
    endloop
  endfacet
  facet normal -0 0 1
    outer loop
      vertex 14.6111 -14.9146 6
      vertex 17 -19 6
      vertex 14.6978 -14.8503 6
    endloop
  endfacet
  facet normal -0 0 1
    outer loop
      vertex 14.5185 -14.9701 6
      vertex 17 -19 6
      vertex 14.6111 -14.9146 6
    endloop
  endfacet
  facet normal -0 0 1
    outer loop
      vertex 14.421 -15.0163 6
      vertex 17 -19 6
      vertex 14.5185 -14.9701 6
    endloop
  endfacet
  facet normal -0 0 1
    outer loop
      vertex 14.3193 -15.0526 6
      vertex 17 -19 6
      vertex 14.421 -15.0163 6
    endloop
  endfacet
  facet normal -0 0 1
    outer loop
      vertex 14.2146 -15.0789 6
      vertex 17 -19 6
      vertex 14.3193 -15.0526 6
    endloop
  endfacet
  facet normal -0 0 1
    outer loop
      vertex 14.1078 -15.0947 6
      vertex 17 -19 6
      vertex 14.2146 -15.0789 6
    endloop
  endfacet
  facet normal -0 0 1
    outer loop
      vertex 14 -15.1 6
      vertex 17 -19 6
      vertex 14.1078 -15.0947 6
    endloop
  endfacet
  facet normal 0 0 1
    outer loop
      vertex 13.8922 -15.0947 6
      vertex 17 -19 6
      vertex 14 -15.1 6
    endloop
  endfacet
  facet normal 0 0 1
    outer loop
      vertex 13.7854 -15.0789 6
      vertex 17 -19 6
      vertex 13.8922 -15.0947 6
    endloop
  endfacet
  facet normal 0 0 1
    outer loop
      vertex 13.6807 -15.0526 6
      vertex 17 -19 6
      vertex 13.7854 -15.0789 6
    endloop
  endfacet
  facet normal 0 0 1
    outer loop
      vertex 13.579 -15.0163 6
      vertex 17 -19 6
      vertex 13.6807 -15.0526 6
    endloop
  endfacet
  facet normal 0 0 1
    outer loop
      vertex 13.4815 -14.9701 6
      vertex 17 -19 6
      vertex 13.579 -15.0163 6
    endloop
  endfacet
  facet normal 0 0 1
    outer loop
      vertex 13.3889 -14.9146 6
      vertex 17 -19 6
      vertex 13.4815 -14.9701 6
    endloop
  endfacet
  facet normal 0 0 1
    outer loop
      vertex 13.3022 -14.8503 6
      vertex 17 -19 6
      vertex 13.3889 -14.9146 6
    endloop
  endfacet
  facet normal 0 0 1
    outer loop
      vertex -13.3022 -14.8503 6
      vertex 13.3022 -14.8503 6
      vertex 13.2222 -14.7778 6
    endloop
  endfacet
  facet normal 0 0 1
    outer loop
      vertex 4 -10 6
      vertex 13.2222 -14.7778 6
      vertex 13.1497 -14.6978 6
    endloop
  endfacet
  facet normal 0 0 1
    outer loop
      vertex 13.3022 -13.1497 6
      vertex 9.35031 -9.19783 6
      vertex 13.2222 -13.2222 6
    endloop
  endfacet
  facet normal -0 0 1
    outer loop
      vertex 9.27782 -9.27782 6
      vertex 13.2222 -13.2222 6
      vertex 9.35031 -9.19783 6
    endloop
  endfacet
  facet normal 0 0 1
    outer loop
      vertex 13.2222 -13.2222 6
      vertex 9.27782 -9.27782 6
      vertex 13.1497 -13.3022 6
    endloop
  endfacet
  facet normal -0 0 1
    outer loop
      vertex 9.19783 -9.35031 6
      vertex 13.1497 -13.3022 6
      vertex 9.27782 -9.27782 6
    endloop
  endfacet
  facet normal 0 0 1
    outer loop
      vertex 13.1497 -13.3022 6
      vertex 9.19783 -9.35031 6
      vertex 13.0854 -13.3889 6
    endloop
  endfacet
  facet normal -0 0 1
    outer loop
      vertex 9.11113 -9.41462 6
      vertex 13.0854 -13.3889 6
      vertex 9.19783 -9.35031 6
    endloop
  endfacet
  facet normal 0 0 1
    outer loop
      vertex 13.0854 -13.3889 6
      vertex 9.11113 -9.41462 6
      vertex 13.0299 -13.4815 6
    endloop
  endfacet
  facet normal -0 0 1
    outer loop
      vertex 9.01854 -9.47011 6
      vertex 13.0299 -13.4815 6
      vertex 9.11113 -9.41462 6
    endloop
  endfacet
  facet normal 0 0 1
    outer loop
      vertex 13.0299 -13.4815 6
      vertex 9.01854 -9.47011 6
      vertex 12.9837 -13.579 6
    endloop
  endfacet
  facet normal -0 0 1
    outer loop
      vertex 8.92095 -9.51627 6
      vertex 12.9837 -13.579 6
      vertex 9.01854 -9.47011 6
    endloop
  endfacet
  facet normal 0 0 1
    outer loop
      vertex 12.9837 -13.579 6
      vertex 8.92095 -9.51627 6
      vertex 12.9474 -13.6807 6
    endloop
  endfacet
  facet normal -0 0 1
    outer loop
      vertex 8.81931 -9.55263 6
      vertex 12.9474 -13.6807 6
      vertex 8.92095 -9.51627 6
    endloop
  endfacet
  facet normal 0 0 1
    outer loop
      vertex 12.9474 -13.6807 6
      vertex 8.81931 -9.55263 6
      vertex 12.9211 -13.7854 6
    endloop
  endfacet
  facet normal -0 0 1
    outer loop
      vertex 8.7146 -9.57886 6
      vertex 12.9211 -13.7854 6
      vertex 8.81931 -9.55263 6
    endloop
  endfacet
  facet normal 0 0 1
    outer loop
      vertex 12.9211 -13.7854 6
      vertex 8.7146 -9.57886 6
      vertex 12.9053 -13.8922 6
    endloop
  endfacet
  facet normal -0 0 1
    outer loop
      vertex 8.60782 -9.5947 6
      vertex 12.9053 -13.8922 6
      vertex 8.7146 -9.57886 6
    endloop
  endfacet
  facet normal 0 0 1
    outer loop
      vertex 12.9053 -13.8922 6
      vertex 8.60782 -9.5947 6
      vertex 12.9 -14 6
    endloop
  endfacet
  facet normal -0 0 1
    outer loop
      vertex 8.5 -9.6 6
      vertex 12.9 -14 6
      vertex 8.60782 -9.5947 6
    endloop
  endfacet
  facet normal 0 0 1
    outer loop
      vertex 12.9 -14 6
      vertex 8.5 -9.6 6
      vertex 12.9053 -14.1078 6
    endloop
  endfacet
  facet normal 0 0 1
    outer loop
      vertex 8.39218 -9.5947 6
      vertex 12.9053 -14.1078 6
      vertex 8.5 -9.6 6
    endloop
  endfacet
  facet normal 0 0 1
    outer loop
      vertex 12.9053 -14.1078 6
      vertex 8.39218 -9.5947 6
      vertex 12.9211 -14.2146 6
    endloop
  endfacet
  facet normal 0 0 1
    outer loop
      vertex 8.2854 -9.57886 6
      vertex 12.9211 -14.2146 6
      vertex 8.39218 -9.5947 6
    endloop
  endfacet
  facet normal 0 0 1
    outer loop
      vertex 12.9211 -14.2146 6
      vertex 8.2854 -9.57886 6
      vertex 12.9474 -14.3193 6
    endloop
  endfacet
  facet normal -0 0 1
    outer loop
      vertex 4 -10 6
      vertex 12.9474 -14.3193 6
      vertex 8.2854 -9.57886 6
    endloop
  endfacet
  facet normal 0 0 1
    outer loop
      vertex 12.9474 -14.3193 6
      vertex 4 -10 6
      vertex 12.9837 -14.421 6
    endloop
  endfacet
  facet normal 0 0 1
    outer loop
      vertex 12.9837 -14.421 6
      vertex 4 -10 6
      vertex 13.0299 -14.5185 6
    endloop
  endfacet
  facet normal 0 0 1
    outer loop
      vertex 13.0299 -14.5185 6
      vertex 4 -10 6
      vertex 13.0854 -14.6111 6
    endloop
  endfacet
  facet normal 0 0 1
    outer loop
      vertex 13.0854 -14.6111 6
      vertex 4 -10 6
      vertex 13.1497 -14.6978 6
    endloop
  endfacet
  facet normal 0 0 1
    outer loop
      vertex 4 -10 6
      vertex 8.2854 -9.57886 6
      vertex 8.18069 -9.55263 6
    endloop
  endfacet
  facet normal 0 0 1
    outer loop
      vertex 4 -10 6
      vertex 8.18069 -9.55263 6
      vertex 8.07905 -9.51627 6
    endloop
  endfacet
  facet normal 0 0 1
    outer loop
      vertex 4 -10 6
      vertex 8.07905 -9.51627 6
      vertex 7.98146 -9.47011 6
    endloop
  endfacet
  facet normal 0 0 1
    outer loop
      vertex 4 -10 6
      vertex 7.98146 -9.47011 6
      vertex 7.88887 -9.41462 6
    endloop
  endfacet
  facet normal 0 0 1
    outer loop
      vertex 4 -10 6
      vertex 7.88887 -9.41462 6
      vertex 7.80217 -9.35031 6
    endloop
  endfacet
  facet normal 0 0 1
    outer loop
      vertex 4 -10 6
      vertex 7.80217 -9.35031 6
      vertex 7.72218 -9.27782 6
    endloop
  endfacet
  facet normal 0 0 1
    outer loop
      vertex 4 -10 6
      vertex 7.4053 -8.60782 6
      vertex 7.4 -8.5 6
    endloop
  endfacet
  facet normal 0 0 1
    outer loop
      vertex 4 -10 6
      vertex 7.42114 -8.7146 6
      vertex 7.4053 -8.60782 6
    endloop
  endfacet
  facet normal 0 0 1
    outer loop
      vertex 4 -10 6
      vertex 7.44736 -8.81931 6
      vertex 7.42114 -8.7146 6
    endloop
  endfacet
  facet normal 0 0 1
    outer loop
      vertex 4 -10 6
      vertex 7.48373 -8.92095 6
      vertex 7.44736 -8.81931 6
    endloop
  endfacet
  facet normal 0 0 1
    outer loop
      vertex 4 -10 6
      vertex 7.52989 -9.01854 6
      vertex 7.48373 -8.92095 6
    endloop
  endfacet
  facet normal 0 0 1
    outer loop
      vertex 4 -10 6
      vertex 7.58538 -9.11113 6
      vertex 7.52989 -9.01854 6
    endloop
  endfacet
  facet normal 0 0 1
    outer loop
      vertex 4 -10 6
      vertex 7.64969 -9.19783 6
      vertex 7.58538 -9.11113 6
    endloop
  endfacet
  facet normal 0 0 1
    outer loop
      vertex 4 -10 6
      vertex 7.72218 -9.27782 6
      vertex 7.64969 -9.19783 6
    endloop
  endfacet
  facet normal 0 0 1
    outer loop
      vertex 13.2222 -14.7778 6
      vertex 4 -10 6
      vertex -13.2222 -14.7778 6
    endloop
  endfacet
  facet normal 0 0 1
    outer loop
      vertex -13.2222 -14.7778 6
      vertex 4 -10 6
      vertex -4 -10 6
    endloop
  endfacet
  facet normal -0 0 1
    outer loop
      vertex -7.4053 -8.60782 6
      vertex -4 -10 6
      vertex -7.4 -8.5 6
    endloop
  endfacet
  facet normal -0 0 1
    outer loop
      vertex -7.42114 -8.7146 6
      vertex -4 -10 6
      vertex -7.4053 -8.60782 6
    endloop
  endfacet
  facet normal -0 0 1
    outer loop
      vertex -7.44736 -8.81931 6
      vertex -4 -10 6
      vertex -7.42114 -8.7146 6
    endloop
  endfacet
  facet normal -0 0 1
    outer loop
      vertex -7.48373 -8.92095 6
      vertex -4 -10 6
      vertex -7.44736 -8.81931 6
    endloop
  endfacet
  facet normal -0 0 1
    outer loop
      vertex -7.52989 -9.01854 6
      vertex -4 -10 6
      vertex -7.48373 -8.92095 6
    endloop
  endfacet
  facet normal -0 0 1
    outer loop
      vertex -7.58538 -9.11113 6
      vertex -4 -10 6
      vertex -7.52989 -9.01854 6
    endloop
  endfacet
  facet normal -0 0 1
    outer loop
      vertex -7.64969 -9.19783 6
      vertex -4 -10 6
      vertex -7.58538 -9.11113 6
    endloop
  endfacet
  facet normal -0 0 1
    outer loop
      vertex -7.72218 -9.27782 6
      vertex -4 -10 6
      vertex -7.64969 -9.19783 6
    endloop
  endfacet
  facet normal -0 0 1
    outer loop
      vertex -7.80217 -9.35031 6
      vertex -4 -10 6
      vertex -7.72218 -9.27782 6
    endloop
  endfacet
  facet normal -0 0 1
    outer loop
      vertex -7.88887 -9.41462 6
      vertex -4 -10 6
      vertex -7.80217 -9.35031 6
    endloop
  endfacet
  facet normal -0 0 1
    outer loop
      vertex -7.98146 -9.47011 6
      vertex -4 -10 6
      vertex -7.88887 -9.41462 6
    endloop
  endfacet
  facet normal -0 0 1
    outer loop
      vertex -8.07905 -9.51627 6
      vertex -4 -10 6
      vertex -7.98146 -9.47011 6
    endloop
  endfacet
  facet normal -0 0 1
    outer loop
      vertex -8.18069 -9.55263 6
      vertex -4 -10 6
      vertex -8.07905 -9.51627 6
    endloop
  endfacet
  facet normal 0 0 1
    outer loop
      vertex -12.9474 -14.3193 6
      vertex -4 -10 6
      vertex -8.18069 -9.55263 6
    endloop
  endfacet
  facet normal 0 0 1
    outer loop
      vertex -12.9474 -14.3193 6
      vertex -8.18069 -9.55263 6
      vertex -8.2854 -9.57886 6
    endloop
  endfacet
  facet normal 0 0 1
    outer loop
      vertex -12.9211 -14.2146 6
      vertex -8.2854 -9.57886 6
      vertex -8.39218 -9.5947 6
    endloop
  endfacet
  facet normal 0 0 1
    outer loop
      vertex -12.9053 -14.1078 6
      vertex -8.39218 -9.5947 6
      vertex -8.5 -9.6 6
    endloop
  endfacet
  facet normal 0 0 1
    outer loop
      vertex -12.9 -14 6
      vertex -8.5 -9.6 6
      vertex -8.60782 -9.5947 6
    endloop
  endfacet
  facet normal 0 0 1
    outer loop
      vertex -12.9 -14 6
      vertex -8.60782 -9.5947 6
      vertex -8.7146 -9.57886 6
    endloop
  endfacet
  facet normal 0 0 1
    outer loop
      vertex -12.9 -14 6
      vertex -8.7146 -9.57886 6
      vertex -8.81931 -9.55263 6
    endloop
  endfacet
  facet normal 0 0 1
    outer loop
      vertex -12.9 -14 6
      vertex -8.81931 -9.55263 6
      vertex -8.92095 -9.51627 6
    endloop
  endfacet
  facet normal 0 0 1
    outer loop
      vertex -9.5947 -8.39218 6
      vertex -12.9 -14 6
      vertex -9.6 -8.5 6
    endloop
  endfacet
  facet normal 0 0 1
    outer loop
      vertex -9.41462 9.11113 6
      vertex -13.3889 13.0854 6
      vertex -9.47011 9.01854 6
    endloop
  endfacet
  facet normal 0 0 1
    outer loop
      vertex -9.6 -8.5 6
      vertex -12.9 -14 6
      vertex -9.5947 -8.60782 6
    endloop
  endfacet
  facet normal 0 0 1
    outer loop
      vertex -12.9 -14 6
      vertex -9.57886 -8.7146 6
      vertex -9.5947 -8.60782 6
    endloop
  endfacet
  facet normal 0 0 1
    outer loop
      vertex -12.9 -14 6
      vertex -9.55263 -8.81931 6
      vertex -9.57886 -8.7146 6
    endloop
  endfacet
  facet normal 0 0 1
    outer loop
      vertex -12.9 -14 6
      vertex -9.51627 -8.92095 6
      vertex -9.55263 -8.81931 6
    endloop
  endfacet
  facet normal 0 0 1
    outer loop
      vertex -12.9 -14 6
      vertex -9.47011 -9.01854 6
      vertex -9.51627 -8.92095 6
    endloop
  endfacet
  facet normal 0 0 1
    outer loop
      vertex -12.9 -14 6
      vertex -9.41462 -9.11113 6
      vertex -9.47011 -9.01854 6
    endloop
  endfacet
  facet normal 0 0 1
    outer loop
      vertex -12.9 -14 6
      vertex -9.35031 -9.19783 6
      vertex -9.41462 -9.11113 6
    endloop
  endfacet
  facet normal 0 0 1
    outer loop
      vertex -12.9 -14 6
      vertex -9.27782 -9.27782 6
      vertex -9.35031 -9.19783 6
    endloop
  endfacet
  facet normal 0 0 1
    outer loop
      vertex -12.9 -14 6
      vertex -9.19783 -9.35031 6
      vertex -9.27782 -9.27782 6
    endloop
  endfacet
  facet normal 0 0 1
    outer loop
      vertex -12.9 -14 6
      vertex -9.11113 -9.41462 6
      vertex -9.19783 -9.35031 6
    endloop
  endfacet
  facet normal 0 0 1
    outer loop
      vertex -12.9 -14 6
      vertex -9.01854 -9.47011 6
      vertex -9.11113 -9.41462 6
    endloop
  endfacet
  facet normal 0 0 1
    outer loop
      vertex -12.9 -14 6
      vertex -8.92095 -9.51627 6
      vertex -9.01854 -9.47011 6
    endloop
  endfacet
  facet normal 0 0 1
    outer loop
      vertex -8.5 -9.6 6
      vertex -12.9 -14 6
      vertex -12.9053 -14.1078 6
    endloop
  endfacet
  facet normal 0 0 1
    outer loop
      vertex -8.39218 -9.5947 6
      vertex -12.9053 -14.1078 6
      vertex -12.9211 -14.2146 6
    endloop
  endfacet
  facet normal 0 0 1
    outer loop
      vertex -8.2854 -9.57886 6
      vertex -12.9211 -14.2146 6
      vertex -12.9474 -14.3193 6
    endloop
  endfacet
  facet normal 0 0 1
    outer loop
      vertex -4 -10 6
      vertex -12.9474 -14.3193 6
      vertex -12.9837 -14.421 6
    endloop
  endfacet
  facet normal 0 0 1
    outer loop
      vertex -4 -10 6
      vertex -12.9837 -14.421 6
      vertex -13.0299 -14.5185 6
    endloop
  endfacet
  facet normal 0 0 1
    outer loop
      vertex -4 -10 6
      vertex -13.0299 -14.5185 6
      vertex -13.0854 -14.6111 6
    endloop
  endfacet
  facet normal 0 0 1
    outer loop
      vertex -13.1497 -14.6978 6
      vertex -4 -10 6
      vertex -13.0854 -14.6111 6
    endloop
  endfacet
  facet normal 0 0 1
    outer loop
      vertex -13.2222 -14.7778 6
      vertex -4 -10 6
      vertex -13.1497 -14.6978 6
    endloop
  endfacet
  facet normal 0 0 1
    outer loop
      vertex 13.2222 -14.7778 6
      vertex -13.2222 -14.7778 6
      vertex -13.3022 -14.8503 6
    endloop
  endfacet
  facet normal 0 0 1
    outer loop
      vertex 13.3022 -14.8503 6
      vertex -13.3022 -14.8503 6
      vertex 17 -19 6
    endloop
  endfacet
  facet normal 0 0 1
    outer loop
      vertex -17 -19 6
      vertex -13.3022 -14.8503 6
      vertex -13.3889 -14.9146 6
    endloop
  endfacet
  facet normal 0 0 1
    outer loop
      vertex -17 -19 6
      vertex -13.3889 -14.9146 6
      vertex -13.4815 -14.9701 6
    endloop
  endfacet
  facet normal 0 0 1
    outer loop
      vertex -17 -19 6
      vertex -13.4815 -14.9701 6
      vertex -13.579 -15.0163 6
    endloop
  endfacet
  facet normal 0 0 1
    outer loop
      vertex -17 -19 6
      vertex -13.579 -15.0163 6
      vertex -13.6807 -15.0526 6
    endloop
  endfacet
  facet normal 0 0 1
    outer loop
      vertex -17 -19 6
      vertex -13.6807 -15.0526 6
      vertex -13.7854 -15.0789 6
    endloop
  endfacet
  facet normal 0 0 1
    outer loop
      vertex -17 -19 6
      vertex -13.7854 -15.0789 6
      vertex -13.8922 -15.0947 6
    endloop
  endfacet
  facet normal 0 0 1
    outer loop
      vertex -17 -19 6
      vertex -13.8922 -15.0947 6
      vertex -14 -15.1 6
    endloop
  endfacet
  facet normal 0 0 1
    outer loop
      vertex -17 -19 6
      vertex -14 -15.1 6
      vertex -14.1078 -15.0947 6
    endloop
  endfacet
  facet normal 0 0 1
    outer loop
      vertex -15.0789 -13.7854 6
      vertex -19 -17 6
      vertex -15.0947 -13.8922 6
    endloop
  endfacet
  facet normal 0 0 1
    outer loop
      vertex -13.3022 -14.8503 6
      vertex -17 -19 6
      vertex 17 -19 6
    endloop
  endfacet
  facet normal 0 0 1
    outer loop
      vertex -14.2146 -15.0789 6
      vertex -17 -19 6
      vertex -14.1078 -15.0947 6
    endloop
  endfacet
  facet normal 0 0 1
    outer loop
      vertex -14.3193 -15.0526 6
      vertex -17 -19 6
      vertex -14.2146 -15.0789 6
    endloop
  endfacet
  facet normal 0 0 1
    outer loop
      vertex -14.421 -15.0163 6
      vertex -17 -19 6
      vertex -14.3193 -15.0526 6
    endloop
  endfacet
  facet normal 0 0 1
    outer loop
      vertex -14.5185 -14.9701 6
      vertex -17 -19 6
      vertex -14.421 -15.0163 6
    endloop
  endfacet
  facet normal 0 0 1
    outer loop
      vertex -14.6111 -14.9146 6
      vertex -17 -19 6
      vertex -14.5185 -14.9701 6
    endloop
  endfacet
  facet normal 0 0 1
    outer loop
      vertex -14.6978 -14.8503 6
      vertex -17 -19 6
      vertex -14.6111 -14.9146 6
    endloop
  endfacet
  facet normal 0 0 1
    outer loop
      vertex -14.7778 -14.7778 6
      vertex -17 -19 6
      vertex -14.6978 -14.8503 6
    endloop
  endfacet
  facet normal 0 0 1
    outer loop
      vertex -19 -17 6
      vertex -14.7778 -14.7778 6
      vertex -14.8503 -14.6978 6
    endloop
  endfacet
  facet normal 0 0 1
    outer loop
      vertex -19 -17 6
      vertex -14.8503 -14.6978 6
      vertex -14.9146 -14.6111 6
    endloop
  endfacet
  facet normal 0 0 1
    outer loop
      vertex -19 -17 6
      vertex -14.9146 -14.6111 6
      vertex -14.9701 -14.5185 6
    endloop
  endfacet
  facet normal 0 0 1
    outer loop
      vertex -19 -17 6
      vertex -14.9701 -14.5185 6
      vertex -15.0163 -14.421 6
    endloop
  endfacet
  facet normal 0 0 1
    outer loop
      vertex -19 -17 6
      vertex -15.0163 -14.421 6
      vertex -15.0526 -14.3193 6
    endloop
  endfacet
  facet normal 0 0 1
    outer loop
      vertex -19 -17 6
      vertex -15.0526 -14.3193 6
      vertex -15.0789 -14.2146 6
    endloop
  endfacet
  facet normal 0 0 1
    outer loop
      vertex -19 -17 6
      vertex -15.0789 -14.2146 6
      vertex -15.0947 -14.1078 6
    endloop
  endfacet
  facet normal 0 0 1
    outer loop
      vertex -15.0947 -13.8922 6
      vertex -19 -17 6
      vertex -15.1 -14 6
    endloop
  endfacet
  facet normal 0 0 1
    outer loop
      vertex -19 17 6
      vertex -17 19 6
      vertex -17.196 18.9904 6
    endloop
  endfacet
  facet normal 0 0 1
    outer loop
      vertex -15.1 -14 6
      vertex -19 -17 6
      vertex -15.0947 -14.1078 6
    endloop
  endfacet
  facet normal 0 0 1
    outer loop
      vertex -19 17 6
      vertex -17.196 18.9904 6
      vertex -17.3902 18.9616 6
    endloop
  endfacet
  facet normal 0 0 1
    outer loop
      vertex -14.7778 -14.7778 6
      vertex -19 -17 6
      vertex -17 -19 6
    endloop
  endfacet
  facet normal 0 0 1
    outer loop
      vertex -19 17 6
      vertex -17.3902 18.9616 6
      vertex -17.5806 18.9139 6
    endloop
  endfacet
  facet normal 0 0 1
    outer loop
      vertex -17 -19 6
      vertex -19 -17 6
      vertex -17.196 -18.9904 6
    endloop
  endfacet
  facet normal 0 0 1
    outer loop
      vertex -19 17 6
      vertex -17.5806 18.9139 6
      vertex -17.7654 18.8478 6
    endloop
  endfacet
  facet normal 0 0 1
    outer loop
      vertex -17.196 -18.9904 6
      vertex -19 -17 6
      vertex -17.3902 -18.9616 6
    endloop
  endfacet
  facet normal 0 0 1
    outer loop
      vertex -19 17 6
      vertex -17.7654 18.8478 6
      vertex -17.9428 18.7638 6
    endloop
  endfacet
  facet normal 0 0 1
    outer loop
      vertex -17.3902 -18.9616 6
      vertex -19 -17 6
      vertex -17.5806 -18.9139 6
    endloop
  endfacet
  facet normal 0 0 1
    outer loop
      vertex -19 17 6
      vertex -17.9428 18.7638 6
      vertex -18.1111 18.6629 6
    endloop
  endfacet
  facet normal 0 0 1
    outer loop
      vertex -17.5806 -18.9139 6
      vertex -19 -17 6
      vertex -17.7654 -18.8478 6
    endloop
  endfacet
  facet normal 0 0 1
    outer loop
      vertex -19 17 6
      vertex -18.1111 18.6629 6
      vertex -18.2688 18.546 6
    endloop
  endfacet
  facet normal 0 0 1
    outer loop
      vertex -17.7654 -18.8478 6
      vertex -19 -17 6
      vertex -17.9428 -18.7638 6
    endloop
  endfacet
  facet normal 0 0 1
    outer loop
      vertex -19 17 6
      vertex -18.2688 18.546 6
      vertex -18.4142 18.4142 6
    endloop
  endfacet
  facet normal 0 0 1
    outer loop
      vertex -17.9428 -18.7638 6
      vertex -19 -17 6
      vertex -18.1111 -18.6629 6
    endloop
  endfacet
  facet normal 0 0 1
    outer loop
      vertex -19 17 6
      vertex -18.4142 18.4142 6
      vertex -18.546 18.2688 6
    endloop
  endfacet
  facet normal 0 0 1
    outer loop
      vertex -18.1111 -18.6629 6
      vertex -19 -17 6
      vertex -18.2688 -18.546 6
    endloop
  endfacet
  facet normal 0 0 1
    outer loop
      vertex -19 17 6
      vertex -18.546 18.2688 6
      vertex -18.6629 18.1111 6
    endloop
  endfacet
  facet normal 0 0 1
    outer loop
      vertex -18.2688 -18.546 6
      vertex -19 -17 6
      vertex -18.4142 -18.4142 6
    endloop
  endfacet
  facet normal 0 0 1
    outer loop
      vertex -19 17 6
      vertex -18.6629 18.1111 6
      vertex -18.7638 17.9428 6
    endloop
  endfacet
  facet normal 0 0 1
    outer loop
      vertex -18.4142 -18.4142 6
      vertex -19 -17 6
      vertex -18.546 -18.2688 6
    endloop
  endfacet
  facet normal 0 0 1
    outer loop
      vertex -19 17 6
      vertex -18.7638 17.9428 6
      vertex -18.8478 17.7654 6
    endloop
  endfacet
  facet normal 0 0 1
    outer loop
      vertex -18.546 -18.2688 6
      vertex -19 -17 6
      vertex -18.6629 -18.1111 6
    endloop
  endfacet
  facet normal 0 0 1
    outer loop
      vertex -19 17 6
      vertex -18.8478 17.7654 6
      vertex -18.9139 17.5806 6
    endloop
  endfacet
  facet normal 0 0 1
    outer loop
      vertex -18.6629 -18.1111 6
      vertex -19 -17 6
      vertex -18.7638 -17.9428 6
    endloop
  endfacet
  facet normal 0 0 1
    outer loop
      vertex -19 17 6
      vertex -18.9139 17.5806 6
      vertex -18.9616 17.3902 6
    endloop
  endfacet
  facet normal 0 0 1
    outer loop
      vertex -18.7638 -17.9428 6
      vertex -19 -17 6
      vertex -18.8478 -17.7654 6
    endloop
  endfacet
  facet normal 0 0 1
    outer loop
      vertex -19 17 6
      vertex -18.9616 17.3902 6
      vertex -18.9904 17.196 6
    endloop
  endfacet
  facet normal 0 0 1
    outer loop
      vertex -18.8478 -17.7654 6
      vertex -19 -17 6
      vertex -18.9139 -17.5806 6
    endloop
  endfacet
  facet normal 0 0 1
    outer loop
      vertex -18.9139 -17.5806 6
      vertex -19 -17 6
      vertex -18.9616 -17.3902 6
    endloop
  endfacet
  facet normal 0 0 1
    outer loop
      vertex -18.9616 -17.3902 6
      vertex -19 -17 6
      vertex -18.9904 -17.196 6
    endloop
  endfacet
  facet normal 0 0 1
    outer loop
      vertex 14.1078 12.9053 6
      vertex 9.5947 8.39218 6
      vertex 9.57886 8.2854 6
    endloop
  endfacet
  facet normal 0 0 1
    outer loop
      vertex 14.2146 12.9211 6
      vertex 9.57886 8.2854 6
      vertex 10 4 6
    endloop
  endfacet
  facet normal -0 0 1
    outer loop
      vertex 9.55263 8.18069 6
      vertex 10 4 6
      vertex 9.57886 8.2854 6
    endloop
  endfacet
  facet normal -0 0 1
    outer loop
      vertex 9.51627 8.07905 6
      vertex 10 4 6
      vertex 9.55263 8.18069 6
    endloop
  endfacet
  facet normal -0 0 1
    outer loop
      vertex 9.47011 7.98146 6
      vertex 10 4 6
      vertex 9.51627 8.07905 6
    endloop
  endfacet
  facet normal -0 0 1
    outer loop
      vertex 9.41462 7.88887 6
      vertex 10 4 6
      vertex 9.47011 7.98146 6
    endloop
  endfacet
  facet normal -0 0 1
    outer loop
      vertex 9.35031 7.80217 6
      vertex 10 4 6
      vertex 9.41462 7.88887 6
    endloop
  endfacet
  facet normal -0 0 1
    outer loop
      vertex 9.27782 7.72218 6
      vertex 10 4 6
      vertex 9.35031 7.80217 6
    endloop
  endfacet
  facet normal -0 0 1
    outer loop
      vertex 9.19783 7.64969 6
      vertex 10 4 6
      vertex 9.27782 7.72218 6
    endloop
  endfacet
  facet normal -0 0 1
    outer loop
      vertex 9.11113 7.58538 6
      vertex 10 4 6
      vertex 9.19783 7.64969 6
    endloop
  endfacet
  facet normal -0 0 1
    outer loop
      vertex 9.01854 7.52989 6
      vertex 10 4 6
      vertex 9.11113 7.58538 6
    endloop
  endfacet
  facet normal -0 0 1
    outer loop
      vertex 8.92095 7.48373 6
      vertex 10 4 6
      vertex 9.01854 7.52989 6
    endloop
  endfacet
  facet normal -0 0 1
    outer loop
      vertex 8.81931 7.44736 6
      vertex 10 4 6
      vertex 8.92095 7.48373 6
    endloop
  endfacet
  facet normal -0 0 1
    outer loop
      vertex 8.7146 7.42114 6
      vertex 10 4 6
      vertex 8.81931 7.44736 6
    endloop
  endfacet
  facet normal -0 0 1
    outer loop
      vertex 8.60782 7.4053 6
      vertex 10 4 6
      vertex 8.7146 7.42114 6
    endloop
  endfacet
  facet normal -0 0 1
    outer loop
      vertex 8.5 7.4 6
      vertex 10 4 6
      vertex 8.60782 7.4053 6
    endloop
  endfacet
  facet normal 0 0 1
    outer loop
      vertex 8.39218 7.4053 6
      vertex 10 4 6
      vertex 8.5 7.4 6
    endloop
  endfacet
  facet normal 0 0 1
    outer loop
      vertex 8.2854 7.42114 6
      vertex 10 4 6
      vertex 8.39218 7.4053 6
    endloop
  endfacet
  facet normal 0 0 1
    outer loop
      vertex 8.18069 7.44736 6
      vertex 10 4 6
      vertex 8.2854 7.42114 6
    endloop
  endfacet
  facet normal 0 0 1
    outer loop
      vertex 8.07905 7.48373 6
      vertex 10 4 6
      vertex 8.18069 7.44736 6
    endloop
  endfacet
  facet normal 0 0 1
    outer loop
      vertex 7.98146 7.52989 6
      vertex 10 4 6
      vertex 8.07905 7.48373 6
    endloop
  endfacet
  facet normal 0 0 1
    outer loop
      vertex 7.88887 7.58538 6
      vertex 10 4 6
      vertex 7.98146 7.52989 6
    endloop
  endfacet
  facet normal 0 0 1
    outer loop
      vertex 7.80217 7.64969 6
      vertex 10 4 6
      vertex 7.88887 7.58538 6
    endloop
  endfacet
  facet normal 0 0 1
    outer loop
      vertex 7.72218 7.72218 6
      vertex 10 4 6
      vertex 7.80217 7.64969 6
    endloop
  endfacet
  facet normal 0 0 1
    outer loop
      vertex 4 10 6
      vertex 7.72218 7.72218 6
      vertex 7.64969 7.80217 6
    endloop
  endfacet
  facet normal 0 0 1
    outer loop
      vertex 4 10 6
      vertex 7.64969 7.80217 6
      vertex 7.58538 7.88887 6
    endloop
  endfacet
  facet normal 0 0 1
    outer loop
      vertex 7.4053 8.60782 6
      vertex 4 10 6
      vertex 7.4 8.5 6
    endloop
  endfacet
  facet normal 0 0 1
    outer loop
      vertex 7.4 8.5 6
      vertex 4 10 6
      vertex 7.4053 8.39218 6
    endloop
  endfacet
  facet normal 0 0 1
    outer loop
      vertex 7.4053 8.39218 6
      vertex 4 10 6
      vertex 7.42114 8.2854 6
    endloop
  endfacet
  facet normal 0 0 1
    outer loop
      vertex 7.72218 7.72218 6
      vertex 4 10 6
      vertex 10 4 6
    endloop
  endfacet
  facet normal 0 0 1
    outer loop
      vertex 7.52989 7.98146 6
      vertex 4 10 6
      vertex 7.58538 7.88887 6
    endloop
  endfacet
  facet normal 0 0 1
    outer loop
      vertex 7.48373 8.07905 6
      vertex 4 10 6
      vertex 7.52989 7.98146 6
    endloop
  endfacet
  facet normal 0 0 1
    outer loop
      vertex 7.44736 8.18069 6
      vertex 4 10 6
      vertex 7.48373 8.07905 6
    endloop
  endfacet
  facet normal 0 0 1
    outer loop
      vertex 7.42114 8.2854 6
      vertex 4 10 6
      vertex 7.44736 8.18069 6
    endloop
  endfacet
  facet normal -0.0489209 0.998803 0
    outer loop
      vertex -17 19 0
      vertex -17.196 18.9904 6
      vertex -17 19 6
    endloop
  endfacet
  facet normal -0.0489209 0.998803 0
    outer loop
      vertex -17.196 18.9904 6
      vertex -17 19 0
      vertex -17.196 18.9904 0
    endloop
  endfacet
  facet normal 0.0489209 0.998803 -0
    outer loop
      vertex 17.196 18.9904 0
      vertex 17 19 6
      vertex 17.196 18.9904 6
    endloop
  endfacet
  facet normal 0.0489209 0.998803 0
    outer loop
      vertex 17 19 6
      vertex 17.196 18.9904 0
      vertex 17 19 0
    endloop
  endfacet
  facet normal 0.740908 0.671607 0
    outer loop
      vertex 18.546 18.2688 6
      vertex 18.4142 18.4142 0
      vertex 18.4142 18.4142 6
    endloop
  endfacet
  facet normal 0.740908 0.671607 0
    outer loop
      vertex 18.4142 18.4142 0
      vertex 18.546 18.2688 6
      vertex 18.546 18.2688 0
    endloop
  endfacet
  facet normal -0.80335 -0.595508 0
    outer loop
      vertex -18.546 -18.2688 0
      vertex -18.6629 -18.1111 6
      vertex -18.6629 -18.1111 0
    endloop
  endfacet
  facet normal -0.80335 -0.595508 0
    outer loop
      vertex -18.6629 -18.1111 6
      vertex -18.546 -18.2688 0
      vertex -18.546 -18.2688 6
    endloop
  endfacet
  facet normal -0.0489209 -0.998803 0
    outer loop
      vertex -17.196 -18.9904 0
      vertex -17 -19 6
      vertex -17.196 -18.9904 6
    endloop
  endfacet
  facet normal -0.0489209 -0.998803 -0
    outer loop
      vertex -17 -19 6
      vertex -17.196 -18.9904 0
      vertex -17 -19 0
    endloop
  endfacet
  facet normal 0 1 -0
    outer loop
      vertex -4 19 0
      vertex -17 19 6
      vertex -4 19 6
    endloop
  endfacet
  facet normal 0 1 0
    outer loop
      vertex -17 19 6
      vertex -4 19 0
      vertex -17 19 0
    endloop
  endfacet
  facet normal 0 1 -0
    outer loop
      vertex 17 19 0
      vertex 4 19 6
      vertex 17 19 6
    endloop
  endfacet
  facet normal 0 1 0
    outer loop
      vertex 4 19 6
      vertex 17 19 0
      vertex 4 19 0
    endloop
  endfacet
  facet normal 1 -0 0
    outer loop
      vertex 19 -17 6
      vertex 19 17 0
      vertex 19 17 6
    endloop
  endfacet
  facet normal 1 0 0
    outer loop
      vertex 19 17 0
      vertex 19 -17 6
      vertex 19 -17 0
    endloop
  endfacet
  facet normal -0.998803 -0.0489209 0
    outer loop
      vertex -18.9904 -17.196 0
      vertex -19 -17 6
      vertex -19 -17 0
    endloop
  endfacet
  facet normal -0.998803 -0.0489209 0
    outer loop
      vertex -19 -17 6
      vertex -18.9904 -17.196 0
      vertex -18.9904 -17.196 6
    endloop
  endfacet
  facet normal -1 0 0
    outer loop
      vertex -19 -17 0
      vertex -19 17 6
      vertex -19 17 0
    endloop
  endfacet
  facet normal -1 -0 0
    outer loop
      vertex -19 17 6
      vertex -19 -17 0
      vertex -19 -17 6
    endloop
  endfacet
  facet normal -0.336788 -0.94158 0
    outer loop
      vertex -17.7654 -18.8478 0
      vertex -17.5806 -18.9139 6
      vertex -17.7654 -18.8478 6
    endloop
  endfacet
  facet normal -0.336788 -0.94158 -0
    outer loop
      vertex -17.5806 -18.9139 6
      vertex -17.7654 -18.8478 0
      vertex -17.5806 -18.9139 0
    endloop
  endfacet
  facet normal -0.595508 -0.80335 0
    outer loop
      vertex -18.2688 -18.546 0
      vertex -18.1111 -18.6629 6
      vertex -18.2688 -18.546 6
    endloop
  endfacet
  facet normal -0.595508 -0.80335 -0
    outer loop
      vertex -18.1111 -18.6629 6
      vertex -18.2688 -18.546 0
      vertex -18.1111 -18.6629 0
    endloop
  endfacet
  facet normal -0.970023 0.243015 0
    outer loop
      vertex -18.9616 17.3902 0
      vertex -18.9139 17.5806 6
      vertex -18.9139 17.5806 0
    endloop
  endfacet
  facet normal -0.970023 0.243015 0
    outer loop
      vertex -18.9139 17.5806 6
      vertex -18.9616 17.3902 0
      vertex -18.9616 17.3902 6
    endloop
  endfacet
  facet normal -0.146696 -0.989182 0
    outer loop
      vertex -17.3902 -18.9616 0
      vertex -17.196 -18.9904 6
      vertex -17.3902 -18.9616 6
    endloop
  endfacet
  facet normal -0.146696 -0.989182 -0
    outer loop
      vertex -17.196 -18.9904 6
      vertex -17.3902 -18.9616 0
      vertex -17.196 -18.9904 0
    endloop
  endfacet
  facet normal 0.336788 0.94158 -0
    outer loop
      vertex 17.7654 18.8478 0
      vertex 17.5806 18.9139 6
      vertex 17.7654 18.8478 6
    endloop
  endfacet
  facet normal 0.336788 0.94158 0
    outer loop
      vertex 17.5806 18.9139 6
      vertex 17.7654 18.8478 0
      vertex 17.5806 18.9139 0
    endloop
  endfacet
  facet normal -0.514196 0.857673 0
    outer loop
      vertex -17.9428 18.7638 0
      vertex -18.1111 18.6629 6
      vertex -17.9428 18.7638 6
    endloop
  endfacet
  facet normal -0.514196 0.857673 0
    outer loop
      vertex -18.1111 18.6629 6
      vertex -17.9428 18.7638 0
      vertex -18.1111 18.6629 0
    endloop
  endfacet
  facet normal -0.336788 0.94158 0
    outer loop
      vertex -17.5806 18.9139 0
      vertex -17.7654 18.8478 6
      vertex -17.5806 18.9139 6
    endloop
  endfacet
  facet normal -0.336788 0.94158 0
    outer loop
      vertex -17.7654 18.8478 6
      vertex -17.5806 18.9139 0
      vertex -17.7654 18.8478 0
    endloop
  endfacet
  facet normal -0.998803 0.0489209 0
    outer loop
      vertex -19 17 0
      vertex -18.9904 17.196 6
      vertex -18.9904 17.196 0
    endloop
  endfacet
  facet normal -0.998803 0.0489209 0
    outer loop
      vertex -18.9904 17.196 6
      vertex -19 17 0
      vertex -19 17 6
    endloop
  endfacet
  facet normal -0.94158 0.336788 0
    outer loop
      vertex -18.9139 17.5806 0
      vertex -18.8478 17.7654 6
      vertex -18.8478 17.7654 0
    endloop
  endfacet
  facet normal -0.94158 0.336788 0
    outer loop
      vertex -18.8478 17.7654 6
      vertex -18.9139 17.5806 0
      vertex -18.9139 17.5806 6
    endloop
  endfacet
  facet normal -0.989182 0.146696 0
    outer loop
      vertex -18.9904 17.196 0
      vertex -18.9616 17.3902 6
      vertex -18.9616 17.3902 0
    endloop
  endfacet
  facet normal -0.989182 0.146696 0
    outer loop
      vertex -18.9616 17.3902 6
      vertex -18.9904 17.196 0
      vertex -18.9904 17.196 6
    endloop
  endfacet
  facet normal -0.243015 -0.970023 0
    outer loop
      vertex -17.5806 -18.9139 0
      vertex -17.3902 -18.9616 6
      vertex -17.5806 -18.9139 6
    endloop
  endfacet
  facet normal -0.243015 -0.970023 -0
    outer loop
      vertex -17.3902 -18.9616 6
      vertex -17.5806 -18.9139 0
      vertex -17.3902 -18.9616 0
    endloop
  endfacet
  facet normal -0.427955 -0.9038 0
    outer loop
      vertex -17.9428 -18.7638 0
      vertex -17.7654 -18.8478 6
      vertex -17.9428 -18.7638 6
    endloop
  endfacet
  facet normal -0.427955 -0.9038 -0
    outer loop
      vertex -17.7654 -18.8478 6
      vertex -17.9428 -18.7638 0
      vertex -17.7654 -18.8478 0
    endloop
  endfacet
  facet normal -0.740908 -0.671607 0
    outer loop
      vertex -18.4142 -18.4142 0
      vertex -18.546 -18.2688 6
      vertex -18.546 -18.2688 0
    endloop
  endfacet
  facet normal -0.740908 -0.671607 0
    outer loop
      vertex -18.546 -18.2688 6
      vertex -18.4142 -18.4142 0
      vertex -18.4142 -18.4142 6
    endloop
  endfacet
  facet normal -0.514196 -0.857673 0
    outer loop
      vertex -18.1111 -18.6629 0
      vertex -17.9428 -18.7638 6
      vertex -18.1111 -18.6629 6
    endloop
  endfacet
  facet normal -0.514196 -0.857673 -0
    outer loop
      vertex -17.9428 -18.7638 6
      vertex -18.1111 -18.6629 0
      vertex -17.9428 -18.7638 0
    endloop
  endfacet
  facet normal 0.80335 -0.595508 0
    outer loop
      vertex 18.546 -18.2688 6
      vertex 18.6629 -18.1111 0
      vertex 18.6629 -18.1111 6
    endloop
  endfacet
  facet normal 0.80335 -0.595508 0
    outer loop
      vertex 18.6629 -18.1111 0
      vertex 18.546 -18.2688 6
      vertex 18.546 -18.2688 0
    endloop
  endfacet
  facet normal 0.989182 -0.146696 0
    outer loop
      vertex 18.9616 -17.3902 6
      vertex 18.9904 -17.196 0
      vertex 18.9904 -17.196 6
    endloop
  endfacet
  facet normal 0.989182 -0.146696 0
    outer loop
      vertex 18.9904 -17.196 0
      vertex 18.9616 -17.3902 6
      vertex 18.9616 -17.3902 0
    endloop
  endfacet
  facet normal 0.998803 0.0489209 0
    outer loop
      vertex 19 17 6
      vertex 18.9904 17.196 0
      vertex 18.9904 17.196 6
    endloop
  endfacet
  facet normal 0.998803 0.0489209 0
    outer loop
      vertex 18.9904 17.196 0
      vertex 19 17 6
      vertex 19 17 0
    endloop
  endfacet
  facet normal 0.146696 0.989182 -0
    outer loop
      vertex 17.3902 18.9616 0
      vertex 17.196 18.9904 6
      vertex 17.3902 18.9616 6
    endloop
  endfacet
  facet normal 0.146696 0.989182 0
    outer loop
      vertex 17.196 18.9904 6
      vertex 17.3902 18.9616 0
      vertex 17.196 18.9904 0
    endloop
  endfacet
  facet normal 0.243015 0.970023 -0
    outer loop
      vertex 17.5806 18.9139 0
      vertex 17.3902 18.9616 6
      vertex 17.5806 18.9139 6
    endloop
  endfacet
  facet normal 0.243015 0.970023 0
    outer loop
      vertex 17.3902 18.9616 6
      vertex 17.5806 18.9139 0
      vertex 17.3902 18.9616 0
    endloop
  endfacet
  facet normal 0.427955 0.9038 -0
    outer loop
      vertex 17.9428 18.7638 0
      vertex 17.7654 18.8478 6
      vertex 17.9428 18.7638 6
    endloop
  endfacet
  facet normal 0.427955 0.9038 0
    outer loop
      vertex 17.7654 18.8478 6
      vertex 17.9428 18.7638 0
      vertex 17.7654 18.8478 0
    endloop
  endfacet
  facet normal -0.671607 0.740908 0
    outer loop
      vertex -18.2688 18.546 0
      vertex -18.4142 18.4142 6
      vertex -18.2688 18.546 6
    endloop
  endfacet
  facet normal -0.671607 0.740908 0
    outer loop
      vertex -18.4142 18.4142 6
      vertex -18.2688 18.546 0
      vertex -18.4142 18.4142 0
    endloop
  endfacet
  facet normal -0.427955 0.9038 0
    outer loop
      vertex -17.7654 18.8478 0
      vertex -17.9428 18.7638 6
      vertex -17.7654 18.8478 6
    endloop
  endfacet
  facet normal -0.427955 0.9038 0
    outer loop
      vertex -17.9428 18.7638 6
      vertex -17.7654 18.8478 0
      vertex -17.9428 18.7638 0
    endloop
  endfacet
  facet normal -0.857673 -0.514196 0
    outer loop
      vertex -18.6629 -18.1111 0
      vertex -18.7638 -17.9428 6
      vertex -18.7638 -17.9428 0
    endloop
  endfacet
  facet normal -0.857673 -0.514196 0
    outer loop
      vertex -18.7638 -17.9428 6
      vertex -18.6629 -18.1111 0
      vertex -18.6629 -18.1111 6
    endloop
  endfacet
  facet normal -0.9038 -0.427955 0
    outer loop
      vertex -18.7638 -17.9428 0
      vertex -18.8478 -17.7654 6
      vertex -18.8478 -17.7654 0
    endloop
  endfacet
  facet normal -0.9038 -0.427955 0
    outer loop
      vertex -18.8478 -17.7654 6
      vertex -18.7638 -17.9428 0
      vertex -18.7638 -17.9428 6
    endloop
  endfacet
  facet normal -0.671607 -0.740908 0
    outer loop
      vertex -18.4142 -18.4142 0
      vertex -18.2688 -18.546 6
      vertex -18.4142 -18.4142 6
    endloop
  endfacet
  facet normal -0.671607 -0.740908 -0
    outer loop
      vertex -18.2688 -18.546 6
      vertex -18.4142 -18.4142 0
      vertex -18.2688 -18.546 0
    endloop
  endfacet
  facet normal 0.80335 0.595508 0
    outer loop
      vertex 18.6629 18.1111 6
      vertex 18.546 18.2688 0
      vertex 18.546 18.2688 6
    endloop
  endfacet
  facet normal 0.80335 0.595508 0
    outer loop
      vertex 18.546 18.2688 0
      vertex 18.6629 18.1111 6
      vertex 18.6629 18.1111 0
    endloop
  endfacet
  facet normal 0.857673 -0.514196 0
    outer loop
      vertex 18.6629 -18.1111 6
      vertex 18.7638 -17.9428 0
      vertex 18.7638 -17.9428 6
    endloop
  endfacet
  facet normal 0.857673 -0.514196 0
    outer loop
      vertex 18.7638 -17.9428 0
      vertex 18.6629 -18.1111 6
      vertex 18.6629 -18.1111 0
    endloop
  endfacet
  facet normal 0.671607 -0.740908 0
    outer loop
      vertex 18.2688 -18.546 0
      vertex 18.4142 -18.4142 6
      vertex 18.2688 -18.546 6
    endloop
  endfacet
  facet normal 0.671607 -0.740908 0
    outer loop
      vertex 18.4142 -18.4142 6
      vertex 18.2688 -18.546 0
      vertex 18.4142 -18.4142 0
    endloop
  endfacet
  facet normal 0.243015 -0.970023 0
    outer loop
      vertex 17.3902 -18.9616 0
      vertex 17.5806 -18.9139 6
      vertex 17.3902 -18.9616 6
    endloop
  endfacet
  facet normal 0.243015 -0.970023 0
    outer loop
      vertex 17.5806 -18.9139 6
      vertex 17.3902 -18.9616 0
      vertex 17.5806 -18.9139 0
    endloop
  endfacet
  facet normal 0.595508 0.80335 -0
    outer loop
      vertex 18.2688 18.546 0
      vertex 18.1111 18.6629 6
      vertex 18.2688 18.546 6
    endloop
  endfacet
  facet normal 0.595508 0.80335 0
    outer loop
      vertex 18.1111 18.6629 6
      vertex 18.2688 18.546 0
      vertex 18.1111 18.6629 0
    endloop
  endfacet
  facet normal 0.671607 0.740908 -0
    outer loop
      vertex 18.4142 18.4142 0
      vertex 18.2688 18.546 6
      vertex 18.4142 18.4142 6
    endloop
  endfacet
  facet normal 0.671607 0.740908 0
    outer loop
      vertex 18.2688 18.546 6
      vertex 18.4142 18.4142 0
      vertex 18.2688 18.546 0
    endloop
  endfacet
  facet normal 0.514196 0.857673 -0
    outer loop
      vertex 18.1111 18.6629 0
      vertex 17.9428 18.7638 6
      vertex 18.1111 18.6629 6
    endloop
  endfacet
  facet normal 0.514196 0.857673 0
    outer loop
      vertex 17.9428 18.7638 6
      vertex 18.1111 18.6629 0
      vertex 17.9428 18.7638 0
    endloop
  endfacet
  facet normal -0.740908 0.671607 0
    outer loop
      vertex -18.546 18.2688 0
      vertex -18.4142 18.4142 6
      vertex -18.4142 18.4142 0
    endloop
  endfacet
  facet normal -0.740908 0.671607 0
    outer loop
      vertex -18.4142 18.4142 6
      vertex -18.546 18.2688 0
      vertex -18.546 18.2688 6
    endloop
  endfacet
  facet normal -0.80335 0.595508 0
    outer loop
      vertex -18.6629 18.1111 0
      vertex -18.546 18.2688 6
      vertex -18.546 18.2688 0
    endloop
  endfacet
  facet normal -0.80335 0.595508 0
    outer loop
      vertex -18.546 18.2688 6
      vertex -18.6629 18.1111 0
      vertex -18.6629 18.1111 6
    endloop
  endfacet
  facet normal -0.970023 -0.243015 0
    outer loop
      vertex -18.9139 -17.5806 0
      vertex -18.9616 -17.3902 6
      vertex -18.9616 -17.3902 0
    endloop
  endfacet
  facet normal -0.970023 -0.243015 0
    outer loop
      vertex -18.9616 -17.3902 6
      vertex -18.9139 -17.5806 0
      vertex -18.9139 -17.5806 6
    endloop
  endfacet
  facet normal -0.989182 -0.146696 0
    outer loop
      vertex -18.9616 -17.3902 0
      vertex -18.9904 -17.196 6
      vertex -18.9904 -17.196 0
    endloop
  endfacet
  facet normal -0.989182 -0.146696 0
    outer loop
      vertex -18.9904 -17.196 6
      vertex -18.9616 -17.3902 0
      vertex -18.9616 -17.3902 6
    endloop
  endfacet
  facet normal 0.94158 0.336788 0
    outer loop
      vertex 18.9139 17.5806 6
      vertex 18.8478 17.7654 0
      vertex 18.8478 17.7654 6
    endloop
  endfacet
  facet normal 0.94158 0.336788 0
    outer loop
      vertex 18.8478 17.7654 0
      vertex 18.9139 17.5806 6
      vertex 18.9139 17.5806 0
    endloop
  endfacet
  facet normal 0.857673 0.514196 0
    outer loop
      vertex 18.7638 17.9428 6
      vertex 18.6629 18.1111 0
      vertex 18.6629 18.1111 6
    endloop
  endfacet
  facet normal 0.857673 0.514196 0
    outer loop
      vertex 18.6629 18.1111 0
      vertex 18.7638 17.9428 6
      vertex 18.7638 17.9428 0
    endloop
  endfacet
  facet normal 0.9038 0.427955 0
    outer loop
      vertex 18.8478 17.7654 6
      vertex 18.7638 17.9428 0
      vertex 18.7638 17.9428 6
    endloop
  endfacet
  facet normal 0.9038 0.427955 0
    outer loop
      vertex 18.7638 17.9428 0
      vertex 18.8478 17.7654 6
      vertex 18.8478 17.7654 0
    endloop
  endfacet
  facet normal 0.94158 -0.336788 0
    outer loop
      vertex 18.8478 -17.7654 6
      vertex 18.9139 -17.5806 0
      vertex 18.9139 -17.5806 6
    endloop
  endfacet
  facet normal 0.94158 -0.336788 0
    outer loop
      vertex 18.9139 -17.5806 0
      vertex 18.8478 -17.7654 6
      vertex 18.8478 -17.7654 0
    endloop
  endfacet
  facet normal 0.970023 -0.243015 0
    outer loop
      vertex 18.9139 -17.5806 6
      vertex 18.9616 -17.3902 0
      vertex 18.9616 -17.3902 6
    endloop
  endfacet
  facet normal 0.970023 -0.243015 0
    outer loop
      vertex 18.9616 -17.3902 0
      vertex 18.9139 -17.5806 6
      vertex 18.9139 -17.5806 0
    endloop
  endfacet
  facet normal 0.514196 -0.857673 0
    outer loop
      vertex 17.9428 -18.7638 0
      vertex 18.1111 -18.6629 6
      vertex 17.9428 -18.7638 6
    endloop
  endfacet
  facet normal 0.514196 -0.857673 0
    outer loop
      vertex 18.1111 -18.6629 6
      vertex 17.9428 -18.7638 0
      vertex 18.1111 -18.6629 0
    endloop
  endfacet
  facet normal 0.989182 0.146696 0
    outer loop
      vertex 18.9904 17.196 6
      vertex 18.9616 17.3902 0
      vertex 18.9616 17.3902 6
    endloop
  endfacet
  facet normal 0.989182 0.146696 0
    outer loop
      vertex 18.9616 17.3902 0
      vertex 18.9904 17.196 6
      vertex 18.9904 17.196 0
    endloop
  endfacet
  facet normal 0.970023 0.243015 0
    outer loop
      vertex 18.9616 17.3902 6
      vertex 18.9139 17.5806 0
      vertex 18.9139 17.5806 6
    endloop
  endfacet
  facet normal 0.970023 0.243015 0
    outer loop
      vertex 18.9139 17.5806 0
      vertex 18.9616 17.3902 6
      vertex 18.9616 17.3902 0
    endloop
  endfacet
  facet normal -0.595508 0.80335 0
    outer loop
      vertex -18.1111 18.6629 0
      vertex -18.2688 18.546 6
      vertex -18.1111 18.6629 6
    endloop
  endfacet
  facet normal -0.595508 0.80335 0
    outer loop
      vertex -18.2688 18.546 6
      vertex -18.1111 18.6629 0
      vertex -18.2688 18.546 0
    endloop
  endfacet
  facet normal -0.9038 0.427955 0
    outer loop
      vertex -18.8478 17.7654 0
      vertex -18.7638 17.9428 6
      vertex -18.7638 17.9428 0
    endloop
  endfacet
  facet normal -0.9038 0.427955 0
    outer loop
      vertex -18.7638 17.9428 6
      vertex -18.8478 17.7654 0
      vertex -18.8478 17.7654 6
    endloop
  endfacet
  facet normal -0.857673 0.514196 0
    outer loop
      vertex -18.7638 17.9428 0
      vertex -18.6629 18.1111 6
      vertex -18.6629 18.1111 0
    endloop
  endfacet
  facet normal -0.857673 0.514196 0
    outer loop
      vertex -18.6629 18.1111 6
      vertex -18.7638 17.9428 0
      vertex -18.7638 17.9428 6
    endloop
  endfacet
  facet normal -0.94158 -0.336788 0
    outer loop
      vertex -18.8478 -17.7654 0
      vertex -18.9139 -17.5806 6
      vertex -18.9139 -17.5806 0
    endloop
  endfacet
  facet normal -0.94158 -0.336788 0
    outer loop
      vertex -18.9139 -17.5806 6
      vertex -18.8478 -17.7654 0
      vertex -18.8478 -17.7654 6
    endloop
  endfacet
  facet normal 0 0 -1
    outer loop
      vertex -13.4815 -13.0299 0
      vertex -9.47011 -9.01854 0
      vertex -13.3889 -13.0854 0
    endloop
  endfacet
  facet normal 0 0 -1
    outer loop
      vertex -10 4 0
      vertex -12.9053 13.8922 0
      vertex -12.9 14 0
    endloop
  endfacet
  facet normal -0 0 -1
    outer loop
      vertex -9.47011 -9.01854 0
      vertex -13.4815 -13.0299 0
      vertex -9.51627 -8.92095 0
    endloop
  endfacet
  facet normal 0 0 -1
    outer loop
      vertex -10 4 0
      vertex -12.9211 13.7854 0
      vertex -12.9053 13.8922 0
    endloop
  endfacet
  facet normal 0 0 -1
    outer loop
      vertex -13.579 -12.9837 0
      vertex -9.51627 -8.92095 0
      vertex -13.4815 -13.0299 0
    endloop
  endfacet
  facet normal 0 0 -1
    outer loop
      vertex -10 4 0
      vertex -12.9474 13.6807 0
      vertex -12.9211 13.7854 0
    endloop
  endfacet
  facet normal -0 0 -1
    outer loop
      vertex -9.51627 -8.92095 0
      vertex -13.579 -12.9837 0
      vertex -9.55263 -8.81931 0
    endloop
  endfacet
  facet normal 0 0 -1
    outer loop
      vertex -10 4 0
      vertex -12.9837 13.579 0
      vertex -12.9474 13.6807 0
    endloop
  endfacet
  facet normal 0 0 -1
    outer loop
      vertex -13.6807 -12.9474 0
      vertex -9.55263 -8.81931 0
      vertex -13.579 -12.9837 0
    endloop
  endfacet
  facet normal 0 0 -1
    outer loop
      vertex -10 4 0
      vertex -13.0299 13.4815 0
      vertex -12.9837 13.579 0
    endloop
  endfacet
  facet normal -0 0 -1
    outer loop
      vertex -9.55263 -8.81931 0
      vertex -13.6807 -12.9474 0
      vertex -9.57886 -8.7146 0
    endloop
  endfacet
  facet normal 0 0 -1
    outer loop
      vertex -10 4 0
      vertex -13.0854 13.3889 0
      vertex -13.0299 13.4815 0
    endloop
  endfacet
  facet normal 0 0 -1
    outer loop
      vertex -13.7854 -12.9211 0
      vertex -9.57886 -8.7146 0
      vertex -13.6807 -12.9474 0
    endloop
  endfacet
  facet normal 0 0 -1
    outer loop
      vertex -10 4 0
      vertex -13.1497 13.3022 0
      vertex -13.0854 13.3889 0
    endloop
  endfacet
  facet normal -0 0 -1
    outer loop
      vertex -9.57886 -8.7146 0
      vertex -13.7854 -12.9211 0
      vertex -9.5947 -8.60782 0
    endloop
  endfacet
  facet normal 0 0 -1
    outer loop
      vertex -10 4 0
      vertex -13.2222 13.2222 0
      vertex -13.1497 13.3022 0
    endloop
  endfacet
  facet normal 0 0 -1
    outer loop
      vertex -13.8922 -12.9053 0
      vertex -9.5947 -8.60782 0
      vertex -13.7854 -12.9211 0
    endloop
  endfacet
  facet normal 0 0 -1
    outer loop
      vertex -10 4 0
      vertex -13.3022 13.1497 0
      vertex -13.2222 13.2222 0
    endloop
  endfacet
  facet normal -0 0 -1
    outer loop
      vertex -9.5947 -8.60782 0
      vertex -13.8922 -12.9053 0
      vertex -9.6 -8.5 0
    endloop
  endfacet
  facet normal 0 0 -1
    outer loop
      vertex -10 4 0
      vertex -13.3889 13.0854 0
      vertex -13.3022 13.1497 0
    endloop
  endfacet
  facet normal 0 0 -1
    outer loop
      vertex -14 -12.9 0
      vertex -9.6 -8.5 0
      vertex -13.8922 -12.9053 0
    endloop
  endfacet
  facet normal 0 0 -1
    outer loop
      vertex -10 4 0
      vertex -13.4815 13.0299 0
      vertex -13.3889 13.0854 0
    endloop
  endfacet
  facet normal -0 0 -1
    outer loop
      vertex -9.6 -8.5 0
      vertex -14 -12.9 0
      vertex -9.5947 -8.39218 0
    endloop
  endfacet
  facet normal 0 0 -1
    outer loop
      vertex -10 4 0
      vertex -13.579 12.9837 0
      vertex -13.4815 13.0299 0
    endloop
  endfacet
  facet normal 0 0 -1
    outer loop
      vertex -14.1078 -12.9053 0
      vertex -9.5947 -8.39218 0
      vertex -14 -12.9 0
    endloop
  endfacet
  facet normal 0 0 -1
    outer loop
      vertex -10 4 0
      vertex -13.6807 12.9474 0
      vertex -13.579 12.9837 0
    endloop
  endfacet
  facet normal -0 0 -1
    outer loop
      vertex -9.5947 -8.39218 0
      vertex -14.1078 -12.9053 0
      vertex -9.57886 -8.2854 0
    endloop
  endfacet
  facet normal 0 0 -1
    outer loop
      vertex -10 4 0
      vertex -13.7854 12.9211 0
      vertex -13.6807 12.9474 0
    endloop
  endfacet
  facet normal 0 0 -1
    outer loop
      vertex -14.2146 -12.9211 0
      vertex -9.57886 -8.2854 0
      vertex -14.1078 -12.9053 0
    endloop
  endfacet
  facet normal 0 0 -1
    outer loop
      vertex -10 4 0
      vertex -13.8922 12.9053 0
      vertex -13.7854 12.9211 0
    endloop
  endfacet
  facet normal -0 0 -1
    outer loop
      vertex -9.57886 -8.2854 0
      vertex -14.2146 -12.9211 0
      vertex -10 -4 0
    endloop
  endfacet
  facet normal 0 0 -1
    outer loop
      vertex -10 4 0
      vertex -14 12.9 0
      vertex -13.8922 12.9053 0
    endloop
  endfacet
  facet normal 0 0 -1
    outer loop
      vertex -14.3193 -12.9474 0
      vertex -10 -4 0
      vertex -14.2146 -12.9211 0
    endloop
  endfacet
  facet normal 0 0 -1
    outer loop
      vertex -10 4 0
      vertex -14.1078 12.9053 0
      vertex -14 12.9 0
    endloop
  endfacet
  facet normal 0 0 -1
    outer loop
      vertex -14.421 -12.9837 0
      vertex -10 -4 0
      vertex -14.3193 -12.9474 0
    endloop
  endfacet
  facet normal 0 0 -1
    outer loop
      vertex -10 4 0
      vertex -14.2146 12.9211 0
      vertex -14.1078 12.9053 0
    endloop
  endfacet
  facet normal 0 0 -1
    outer loop
      vertex -14.5185 -13.0299 0
      vertex -10 -4 0
      vertex -14.421 -12.9837 0
    endloop
  endfacet
  facet normal 0 0 -1
    outer loop
      vertex -10 4 0
      vertex -14.3193 12.9474 0
      vertex -14.2146 12.9211 0
    endloop
  endfacet
  facet normal 0 0 -1
    outer loop
      vertex -14.6111 -13.0854 0
      vertex -10 -4 0
      vertex -14.5185 -13.0299 0
    endloop
  endfacet
  facet normal 0 0 -1
    outer loop
      vertex -10 4 0
      vertex -14.421 12.9837 0
      vertex -14.3193 12.9474 0
    endloop
  endfacet
  facet normal 0 0 -1
    outer loop
      vertex -14.6978 -13.1497 0
      vertex -10 -4 0
      vertex -14.6111 -13.0854 0
    endloop
  endfacet
  facet normal 0 0 -1
    outer loop
      vertex -10 4 0
      vertex -14.5185 13.0299 0
      vertex -14.421 12.9837 0
    endloop
  endfacet
  facet normal 0 0 -1
    outer loop
      vertex -14.7778 -13.2222 0
      vertex -10 -4 0
      vertex -14.6978 -13.1497 0
    endloop
  endfacet
  facet normal 0 0 -1
    outer loop
      vertex -10 4 0
      vertex -14.6111 13.0854 0
      vertex -14.5185 13.0299 0
    endloop
  endfacet
  facet normal -0 0 -1
    outer loop
      vertex -10 -4 0
      vertex -14.7778 -13.2222 0
      vertex -10 4 0
    endloop
  endfacet
  facet normal 0 0 -1
    outer loop
      vertex -10 4 0
      vertex -14.6978 13.1497 0
      vertex -14.6111 13.0854 0
    endloop
  endfacet
  facet normal 0 0 -1
    outer loop
      vertex -14.7778 13.2222 0
      vertex -10 4 0
      vertex -14.7778 -13.2222 0
    endloop
  endfacet
  facet normal 0 0 -1
    outer loop
      vertex -10 4 0
      vertex -14.7778 13.2222 0
      vertex -14.6978 13.1497 0
    endloop
  endfacet
  facet normal 0 0 -1
    outer loop
      vertex -14.8503 -13.3022 0
      vertex -14.7778 13.2222 0
      vertex -14.7778 -13.2222 0
    endloop
  endfacet
  facet normal 0 0 -1
    outer loop
      vertex -14.8503 -13.3022 0
      vertex -14.8503 13.3022 0
      vertex -14.7778 13.2222 0
    endloop
  endfacet
  facet normal 0 0 -1
    outer loop
      vertex -19 -17 0
      vertex -14.8503 -13.3022 0
      vertex -14.9146 -13.3889 0
    endloop
  endfacet
  facet normal -0 0 -1
    outer loop
      vertex -14.8503 -13.3022 0
      vertex -19 -17 0
      vertex -14.8503 13.3022 0
    endloop
  endfacet
  facet normal 0 0 -1
    outer loop
      vertex -19 -17 0
      vertex -14.9146 -13.3889 0
      vertex -14.9701 -13.4815 0
    endloop
  endfacet
  facet normal 0 0 -1
    outer loop
      vertex -19 17 0
      vertex -14.8503 13.3022 0
      vertex -19 -17 0
    endloop
  endfacet
  facet normal 0 0 -1
    outer loop
      vertex -19 -17 0
      vertex -14.9701 -13.4815 0
      vertex -15.0163 -13.579 0
    endloop
  endfacet
  facet normal 0 0 -1
    outer loop
      vertex -14.8503 13.3022 0
      vertex -19 17 0
      vertex -14.9146 13.3889 0
    endloop
  endfacet
  facet normal 0 0 -1
    outer loop
      vertex -19 -17 0
      vertex -15.0163 -13.579 0
      vertex -15.0526 -13.6807 0
    endloop
  endfacet
  facet normal 0 0 -1
    outer loop
      vertex -14.9146 13.3889 0
      vertex -19 17 0
      vertex -14.9701 13.4815 0
    endloop
  endfacet
  facet normal 0 0 -1
    outer loop
      vertex -19 -17 0
      vertex -15.0526 -13.6807 0
      vertex -15.0789 -13.7854 0
    endloop
  endfacet
  facet normal 0 0 -1
    outer loop
      vertex -14.9701 13.4815 0
      vertex -19 17 0
      vertex -15.0163 13.579 0
    endloop
  endfacet
  facet normal 0 0 -1
    outer loop
      vertex -19 -17 0
      vertex -15.0789 -13.7854 0
      vertex -15.0947 -13.8922 0
    endloop
  endfacet
  facet normal 0 0 -1
    outer loop
      vertex -15.0163 13.579 0
      vertex -19 17 0
      vertex -15.0526 13.6807 0
    endloop
  endfacet
  facet normal 0 0 -1
    outer loop
      vertex -19 -17 0
      vertex -15.0947 -13.8922 0
      vertex -15.1 -14 0
    endloop
  endfacet
  facet normal 0 0 -1
    outer loop
      vertex -15.0526 13.6807 0
      vertex -19 17 0
      vertex -15.0789 13.7854 0
    endloop
  endfacet
  facet normal 0 0 -1
    outer loop
      vertex -7.4053 -8.39218 0
      vertex -4 -10 0
      vertex -7.4 -8.5 0
    endloop
  endfacet
  facet normal 0 0 -1
    outer loop
      vertex -7.42114 -8.2854 0
      vertex -4 -10 0
      vertex -7.4053 -8.39218 0
    endloop
  endfacet
  facet normal 0 0 -1
    outer loop
      vertex -7.44736 -8.18069 0
      vertex -4 -10 0
      vertex -7.42114 -8.2854 0
    endloop
  endfacet
  facet normal 0 0 -1
    outer loop
      vertex -7.48373 -8.07905 0
      vertex -4 -10 0
      vertex -7.44736 -8.18069 0
    endloop
  endfacet
  facet normal 0 0 -1
    outer loop
      vertex -7.52989 -7.98146 0
      vertex -4 -10 0
      vertex -7.48373 -8.07905 0
    endloop
  endfacet
  facet normal 0 0 -1
    outer loop
      vertex -7.58538 -7.88887 0
      vertex -4 -10 0
      vertex -7.52989 -7.98146 0
    endloop
  endfacet
  facet normal 0 0 -1
    outer loop
      vertex -7.64969 -7.80217 0
      vertex -4 -10 0
      vertex -7.58538 -7.88887 0
    endloop
  endfacet
  facet normal 0 0 -1
    outer loop
      vertex -7.72218 -7.72218 0
      vertex -4 -10 0
      vertex -7.64969 -7.80217 0
    endloop
  endfacet
  facet normal 0 0 -1
    outer loop
      vertex -10 -4 0
      vertex -7.72218 -7.72218 0
      vertex -7.80217 -7.64969 0
    endloop
  endfacet
  facet normal 0 0 -1
    outer loop
      vertex -10 -4 0
      vertex -7.80217 -7.64969 0
      vertex -7.88887 -7.58538 0
    endloop
  endfacet
  facet normal 0 0 -1
    outer loop
      vertex -7.72218 -7.72218 0
      vertex -10 -4 0
      vertex -4 -10 0
    endloop
  endfacet
  facet normal 0 0 -1
    outer loop
      vertex -7.98146 -7.52989 0
      vertex -10 -4 0
      vertex -7.88887 -7.58538 0
    endloop
  endfacet
  facet normal 0 0 -1
    outer loop
      vertex -8.07905 -7.48373 0
      vertex -10 -4 0
      vertex -7.98146 -7.52989 0
    endloop
  endfacet
  facet normal 0 0 -1
    outer loop
      vertex -8.18069 -7.44736 0
      vertex -10 -4 0
      vertex -8.07905 -7.48373 0
    endloop
  endfacet
  facet normal 0 0 -1
    outer loop
      vertex -8.2854 -7.42114 0
      vertex -10 -4 0
      vertex -8.18069 -7.44736 0
    endloop
  endfacet
  facet normal 0 0 -1
    outer loop
      vertex -8.39218 -7.4053 0
      vertex -10 -4 0
      vertex -8.2854 -7.42114 0
    endloop
  endfacet
  facet normal 0 0 -1
    outer loop
      vertex -8.5 -7.4 0
      vertex -10 -4 0
      vertex -8.39218 -7.4053 0
    endloop
  endfacet
  facet normal 0 0 -1
    outer loop
      vertex -8.60782 -7.4053 0
      vertex -10 -4 0
      vertex -8.5 -7.4 0
    endloop
  endfacet
  facet normal 0 0 -1
    outer loop
      vertex -8.7146 -7.42114 0
      vertex -10 -4 0
      vertex -8.60782 -7.4053 0
    endloop
  endfacet
  facet normal 0 0 -1
    outer loop
      vertex -8.81931 -7.44736 0
      vertex -10 -4 0
      vertex -8.7146 -7.42114 0
    endloop
  endfacet
  facet normal 0 0 -1
    outer loop
      vertex -8.92095 -7.48373 0
      vertex -10 -4 0
      vertex -8.81931 -7.44736 0
    endloop
  endfacet
  facet normal 0 0 -1
    outer loop
      vertex -9.01854 -7.52989 0
      vertex -10 -4 0
      vertex -8.92095 -7.48373 0
    endloop
  endfacet
  facet normal 0 0 -1
    outer loop
      vertex -9.11113 -7.58538 0
      vertex -10 -4 0
      vertex -9.01854 -7.52989 0
    endloop
  endfacet
  facet normal 0 0 -1
    outer loop
      vertex -9.19783 -7.64969 0
      vertex -10 -4 0
      vertex -9.11113 -7.58538 0
    endloop
  endfacet
  facet normal 0 0 -1
    outer loop
      vertex -9.27782 -7.72218 0
      vertex -10 -4 0
      vertex -9.19783 -7.64969 0
    endloop
  endfacet
  facet normal 0 0 -1
    outer loop
      vertex -9.35031 -7.80217 0
      vertex -10 -4 0
      vertex -9.27782 -7.72218 0
    endloop
  endfacet
  facet normal 0 0 -1
    outer loop
      vertex -9.41462 -7.88887 0
      vertex -10 -4 0
      vertex -9.35031 -7.80217 0
    endloop
  endfacet
  facet normal 0 0 -1
    outer loop
      vertex -9.47011 -7.98146 0
      vertex -10 -4 0
      vertex -9.41462 -7.88887 0
    endloop
  endfacet
  facet normal 0 0 -1
    outer loop
      vertex -9.51627 -8.07905 0
      vertex -10 -4 0
      vertex -9.47011 -7.98146 0
    endloop
  endfacet
  facet normal 0 0 -1
    outer loop
      vertex -9.55263 -8.18069 0
      vertex -10 -4 0
      vertex -9.51627 -8.07905 0
    endloop
  endfacet
  facet normal 0 0 -1
    outer loop
      vertex -9.57886 -8.2854 0
      vertex -10 -4 0
      vertex -9.55263 -8.18069 0
    endloop
  endfacet
  facet normal -0 0 -1
    outer loop
      vertex -9.35031 -9.19783 0
      vertex -13.3022 -13.1497 0
      vertex -9.41462 -9.11113 0
    endloop
  endfacet
  facet normal -0 0 -1
    outer loop
      vertex -9.27782 -9.27782 0
      vertex -13.2222 -13.2222 0
      vertex -9.35031 -9.19783 0
    endloop
  endfacet
  facet normal 0 0 -1
    outer loop
      vertex -7.4053 8.60782 0
      vertex -4 10 0
      vertex -7.4 8.5 0
    endloop
  endfacet
  facet normal 0 0 -1
    outer loop
      vertex -4 10 0
      vertex -7.4053 8.39218 0
      vertex -7.4 8.5 0
    endloop
  endfacet
  facet normal 0 0 -1
    outer loop
      vertex -4 10 0
      vertex -7.42114 8.2854 0
      vertex -7.4053 8.39218 0
    endloop
  endfacet
  facet normal 0 0 -1
    outer loop
      vertex -4 10 0
      vertex -7.44736 8.18069 0
      vertex -7.42114 8.2854 0
    endloop
  endfacet
  facet normal 0 0 -1
    outer loop
      vertex -4 10 0
      vertex -7.48373 8.07905 0
      vertex -7.44736 8.18069 0
    endloop
  endfacet
  facet normal 0 0 -1
    outer loop
      vertex -4 10 0
      vertex -7.52989 7.98146 0
      vertex -7.48373 8.07905 0
    endloop
  endfacet
  facet normal 0 0 -1
    outer loop
      vertex -4 10 0
      vertex -7.58538 7.88887 0
      vertex -7.52989 7.98146 0
    endloop
  endfacet
  facet normal 0 0 -1
    outer loop
      vertex -4 10 0
      vertex -7.64969 7.80217 0
      vertex -7.58538 7.88887 0
    endloop
  endfacet
  facet normal 0 0 -1
    outer loop
      vertex -4 10 0
      vertex -7.72218 7.72218 0
      vertex -7.64969 7.80217 0
    endloop
  endfacet
  facet normal 0 0 -1
    outer loop
      vertex -10 4 0
      vertex -7.72218 7.72218 0
      vertex -4 10 0
    endloop
  endfacet
  facet normal 0 0 -1
    outer loop
      vertex -7.72218 7.72218 0
      vertex -10 4 0
      vertex -7.80217 7.64969 0
    endloop
  endfacet
  facet normal 0 0 -1
    outer loop
      vertex -12.9 14 0
      vertex -9.5947 8.39218 0
      vertex -10 4 0
    endloop
  endfacet
  facet normal -0 0 -1
    outer loop
      vertex -9.57886 8.2854 0
      vertex -10 4 0
      vertex -9.5947 8.39218 0
    endloop
  endfacet
  facet normal -0 0 -1
    outer loop
      vertex -9.55263 8.18069 0
      vertex -10 4 0
      vertex -9.57886 8.2854 0
    endloop
  endfacet
  facet normal -0 0 -1
    outer loop
      vertex -9.51627 8.07905 0
      vertex -10 4 0
      vertex -9.55263 8.18069 0
    endloop
  endfacet
  facet normal -0 0 -1
    outer loop
      vertex -9.47011 7.98146 0
      vertex -10 4 0
      vertex -9.51627 8.07905 0
    endloop
  endfacet
  facet normal -0 0 -1
    outer loop
      vertex -9.41462 7.88887 0
      vertex -10 4 0
      vertex -9.47011 7.98146 0
    endloop
  endfacet
  facet normal -0 0 -1
    outer loop
      vertex -9.35031 7.80217 0
      vertex -10 4 0
      vertex -9.41462 7.88887 0
    endloop
  endfacet
  facet normal -0 0 -1
    outer loop
      vertex -9.27782 7.72218 0
      vertex -10 4 0
      vertex -9.35031 7.80217 0
    endloop
  endfacet
  facet normal -0 0 -1
    outer loop
      vertex -9.19783 7.64969 0
      vertex -10 4 0
      vertex -9.27782 7.72218 0
    endloop
  endfacet
  facet normal -0 0 -1
    outer loop
      vertex -9.11113 7.58538 0
      vertex -10 4 0
      vertex -9.19783 7.64969 0
    endloop
  endfacet
  facet normal -0 0 -1
    outer loop
      vertex -9.01854 7.52989 0
      vertex -10 4 0
      vertex -9.11113 7.58538 0
    endloop
  endfacet
  facet normal -0 0 -1
    outer loop
      vertex -8.92095 7.48373 0
      vertex -10 4 0
      vertex -9.01854 7.52989 0
    endloop
  endfacet
  facet normal -0 0 -1
    outer loop
      vertex -8.81931 7.44736 0
      vertex -10 4 0
      vertex -8.92095 7.48373 0
    endloop
  endfacet
  facet normal -0 0 -1
    outer loop
      vertex -8.7146 7.42114 0
      vertex -10 4 0
      vertex -8.81931 7.44736 0
    endloop
  endfacet
  facet normal -0 0 -1
    outer loop
      vertex -8.60782 7.4053 0
      vertex -10 4 0
      vertex -8.7146 7.42114 0
    endloop
  endfacet
  facet normal -0 0 -1
    outer loop
      vertex -8.5 7.4 0
      vertex -10 4 0
      vertex -8.60782 7.4053 0
    endloop
  endfacet
  facet normal 0 0 -1
    outer loop
      vertex -8.39218 7.4053 0
      vertex -10 4 0
      vertex -8.5 7.4 0
    endloop
  endfacet
  facet normal 0 0 -1
    outer loop
      vertex -8.2854 7.42114 0
      vertex -10 4 0
      vertex -8.39218 7.4053 0
    endloop
  endfacet
  facet normal 0 0 -1
    outer loop
      vertex -8.18069 7.44736 0
      vertex -10 4 0
      vertex -8.2854 7.42114 0
    endloop
  endfacet
  facet normal 0 0 -1
    outer loop
      vertex -8.07905 7.48373 0
      vertex -10 4 0
      vertex -8.18069 7.44736 0
    endloop
  endfacet
  facet normal 0 0 -1
    outer loop
      vertex -7.98146 7.52989 0
      vertex -10 4 0
      vertex -8.07905 7.48373 0
    endloop
  endfacet
  facet normal 0 0 -1
    outer loop
      vertex -7.88887 7.58538 0
      vertex -10 4 0
      vertex -7.98146 7.52989 0
    endloop
  endfacet
  facet normal 0 0 -1
    outer loop
      vertex -7.80217 7.64969 0
      vertex -10 4 0
      vertex -7.88887 7.58538 0
    endloop
  endfacet
  facet normal 0 0 -1
    outer loop
      vertex -7.42114 8.7146 0
      vertex -4 10 0
      vertex -7.4053 8.60782 0
    endloop
  endfacet
  facet normal 0 0 -1
    outer loop
      vertex -7.44736 8.81931 0
      vertex -4 10 0
      vertex -7.42114 8.7146 0
    endloop
  endfacet
  facet normal 0 0 -1
    outer loop
      vertex -7.48373 8.92095 0
      vertex -4 10 0
      vertex -7.44736 8.81931 0
    endloop
  endfacet
  facet normal 0 0 -1
    outer loop
      vertex -7.52989 9.01854 0
      vertex -4 10 0
      vertex -7.48373 8.92095 0
    endloop
  endfacet
  facet normal 0 0 -1
    outer loop
      vertex -7.58538 9.11113 0
      vertex -4 10 0
      vertex -7.52989 9.01854 0
    endloop
  endfacet
  facet normal 0 0 -1
    outer loop
      vertex -7.64969 9.19783 0
      vertex -4 10 0
      vertex -7.58538 9.11113 0
    endloop
  endfacet
  facet normal 0 0 -1
    outer loop
      vertex -7.72218 9.27782 0
      vertex -4 10 0
      vertex -7.64969 9.19783 0
    endloop
  endfacet
  facet normal 0 0 -1
    outer loop
      vertex -7.80217 9.35031 0
      vertex -4 10 0
      vertex -7.72218 9.27782 0
    endloop
  endfacet
  facet normal 0 0 -1
    outer loop
      vertex -7.88887 9.41462 0
      vertex -4 10 0
      vertex -7.80217 9.35031 0
    endloop
  endfacet
  facet normal 0 0 -1
    outer loop
      vertex -7.98146 9.47011 0
      vertex -4 10 0
      vertex -7.88887 9.41462 0
    endloop
  endfacet
  facet normal 0 0 -1
    outer loop
      vertex -8.07905 9.51627 0
      vertex -4 10 0
      vertex -7.98146 9.47011 0
    endloop
  endfacet
  facet normal 0 0 -1
    outer loop
      vertex -8.18069 9.55263 0
      vertex -4 10 0
      vertex -8.07905 9.51627 0
    endloop
  endfacet
  facet normal -0 0 -1
    outer loop
      vertex -4 10 0
      vertex -8.18069 9.55263 0
      vertex -4 19 0
    endloop
  endfacet
  facet normal 0 0 -1
    outer loop
      vertex -8.2854 9.57886 0
      vertex -4 19 0
      vertex -8.18069 9.55263 0
    endloop
  endfacet
  facet normal 0 0 -1
    outer loop
      vertex -8.39218 9.5947 0
      vertex -4 19 0
      vertex -8.2854 9.57886 0
    endloop
  endfacet
  facet normal 0 0 -1
    outer loop
      vertex -12.9053 14.1078 0
      vertex -8.39218 9.5947 0
      vertex -8.5 9.6 0
    endloop
  endfacet
  facet normal 0 0 -1
    outer loop
      vertex -12.9 14 0
      vertex -8.5 9.6 0
      vertex -8.60782 9.5947 0
    endloop
  endfacet
  facet normal 0 0 -1
    outer loop
      vertex -12.9 14 0
      vertex -8.60782 9.5947 0
      vertex -8.7146 9.57886 0
    endloop
  endfacet
  facet normal 0 0 -1
    outer loop
      vertex -12.9 14 0
      vertex -8.7146 9.57886 0
      vertex -8.81931 9.55263 0
    endloop
  endfacet
  facet normal 0 0 -1
    outer loop
      vertex -12.9 14 0
      vertex -8.81931 9.55263 0
      vertex -8.92095 9.51627 0
    endloop
  endfacet
  facet normal 0 0 -1
    outer loop
      vertex -12.9 14 0
      vertex -8.92095 9.51627 0
      vertex -9.01854 9.47011 0
    endloop
  endfacet
  facet normal 0 0 -1
    outer loop
      vertex -12.9 14 0
      vertex -9.01854 9.47011 0
      vertex -9.11113 9.41462 0
    endloop
  endfacet
  facet normal 0 0 -1
    outer loop
      vertex -12.9 14 0
      vertex -9.11113 9.41462 0
      vertex -9.19783 9.35031 0
    endloop
  endfacet
  facet normal 0 0 -1
    outer loop
      vertex -12.9 14 0
      vertex -9.19783 9.35031 0
      vertex -9.27782 9.27782 0
    endloop
  endfacet
  facet normal 0 0 -1
    outer loop
      vertex -12.9 14 0
      vertex -9.27782 9.27782 0
      vertex -9.35031 9.19783 0
    endloop
  endfacet
  facet normal 0 0 -1
    outer loop
      vertex -12.9 14 0
      vertex -9.35031 9.19783 0
      vertex -9.41462 9.11113 0
    endloop
  endfacet
  facet normal 0 0 -1
    outer loop
      vertex -12.9 14 0
      vertex -9.41462 9.11113 0
      vertex -9.47011 9.01854 0
    endloop
  endfacet
  facet normal 0 0 -1
    outer loop
      vertex -9.5947 8.39218 0
      vertex -12.9 14 0
      vertex -9.6 8.5 0
    endloop
  endfacet
  facet normal -0 0 -1
    outer loop
      vertex -9.41462 -9.11113 0
      vertex -13.3889 -13.0854 0
      vertex -9.47011 -9.01854 0
    endloop
  endfacet
  facet normal 0 0 -1
    outer loop
      vertex -9.6 8.5 0
      vertex -12.9 14 0
      vertex -9.5947 8.60782 0
    endloop
  endfacet
  facet normal 0 0 -1
    outer loop
      vertex -12.9 14 0
      vertex -9.57886 8.7146 0
      vertex -9.5947 8.60782 0
    endloop
  endfacet
  facet normal 0 0 -1
    outer loop
      vertex -12.9 14 0
      vertex -9.55263 8.81931 0
      vertex -9.57886 8.7146 0
    endloop
  endfacet
  facet normal 0 0 -1
    outer loop
      vertex -12.9 14 0
      vertex -9.51627 8.92095 0
      vertex -9.55263 8.81931 0
    endloop
  endfacet
  facet normal 0 0 -1
    outer loop
      vertex -12.9 14 0
      vertex -9.47011 9.01854 0
      vertex -9.51627 8.92095 0
    endloop
  endfacet
  facet normal 0 0 -1
    outer loop
      vertex -8.5 9.6 0
      vertex -12.9 14 0
      vertex -12.9053 14.1078 0
    endloop
  endfacet
  facet normal 0 0 -1
    outer loop
      vertex -8.39218 9.5947 0
      vertex -12.9053 14.1078 0
      vertex -4 19 0
    endloop
  endfacet
  facet normal 0 0 -1
    outer loop
      vertex -12.9211 14.2146 0
      vertex -4 19 0
      vertex -12.9053 14.1078 0
    endloop
  endfacet
  facet normal 0 0 -1
    outer loop
      vertex -12.9474 14.3193 0
      vertex -4 19 0
      vertex -12.9211 14.2146 0
    endloop
  endfacet
  facet normal 0 0 -1
    outer loop
      vertex -12.9837 14.421 0
      vertex -4 19 0
      vertex -12.9474 14.3193 0
    endloop
  endfacet
  facet normal 0 0 -1
    outer loop
      vertex -13.0299 14.5185 0
      vertex -4 19 0
      vertex -12.9837 14.421 0
    endloop
  endfacet
  facet normal 0 0 -1
    outer loop
      vertex -13.0854 14.6111 0
      vertex -4 19 0
      vertex -13.0299 14.5185 0
    endloop
  endfacet
  facet normal 0 0 -1
    outer loop
      vertex -13.1497 14.6978 0
      vertex -4 19 0
      vertex -13.0854 14.6111 0
    endloop
  endfacet
  facet normal 0 0 -1
    outer loop
      vertex -13.2222 14.7778 0
      vertex -4 19 0
      vertex -13.1497 14.6978 0
    endloop
  endfacet
  facet normal 0 0 -1
    outer loop
      vertex -13.3022 14.8503 0
      vertex -4 19 0
      vertex -13.2222 14.7778 0
    endloop
  endfacet
  facet normal 0 0 -1
    outer loop
      vertex -13.3889 14.9146 0
      vertex -4 19 0
      vertex -13.3022 14.8503 0
    endloop
  endfacet
  facet normal 0 0 -1
    outer loop
      vertex -13.4815 14.9701 0
      vertex -4 19 0
      vertex -13.3889 14.9146 0
    endloop
  endfacet
  facet normal 0 0 -1
    outer loop
      vertex -17 19 0
      vertex -13.4815 14.9701 0
      vertex -13.579 15.0163 0
    endloop
  endfacet
  facet normal 0 0 -1
    outer loop
      vertex -17 19 0
      vertex -13.579 15.0163 0
      vertex -13.6807 15.0526 0
    endloop
  endfacet
  facet normal 0 0 -1
    outer loop
      vertex -17 19 0
      vertex -13.6807 15.0526 0
      vertex -13.7854 15.0789 0
    endloop
  endfacet
  facet normal 0 0 -1
    outer loop
      vertex -17 19 0
      vertex -13.7854 15.0789 0
      vertex -13.8922 15.0947 0
    endloop
  endfacet
  facet normal 0 0 -1
    outer loop
      vertex -17 19 0
      vertex -13.8922 15.0947 0
      vertex -14 15.1 0
    endloop
  endfacet
  facet normal 0 0 -1
    outer loop
      vertex -17 19 0
      vertex -14 15.1 0
      vertex -14.1078 15.0947 0
    endloop
  endfacet
  facet normal 0 0 -1
    outer loop
      vertex -17 19 0
      vertex -14.1078 15.0947 0
      vertex -14.2146 15.0789 0
    endloop
  endfacet
  facet normal 0 0 -1
    outer loop
      vertex -17 19 0
      vertex -14.2146 15.0789 0
      vertex -14.3193 15.0526 0
    endloop
  endfacet
  facet normal 0 0 -1
    outer loop
      vertex -17 19 0
      vertex -14.3193 15.0526 0
      vertex -14.421 15.0163 0
    endloop
  endfacet
  facet normal 0 0 -1
    outer loop
      vertex -15.0789 13.7854 0
      vertex -19 17 0
      vertex -15.0947 13.8922 0
    endloop
  endfacet
  facet normal 0 0 -1
    outer loop
      vertex -13.4815 14.9701 0
      vertex -17 19 0
      vertex -4 19 0
    endloop
  endfacet
  facet normal 0 0 -1
    outer loop
      vertex -14.5185 14.9701 0
      vertex -17 19 0
      vertex -14.421 15.0163 0
    endloop
  endfacet
  facet normal 0 0 -1
    outer loop
      vertex -14.6111 14.9146 0
      vertex -17 19 0
      vertex -14.5185 14.9701 0
    endloop
  endfacet
  facet normal 0 0 -1
    outer loop
      vertex -14.6978 14.8503 0
      vertex -17 19 0
      vertex -14.6111 14.9146 0
    endloop
  endfacet
  facet normal 0 0 -1
    outer loop
      vertex -14.7778 14.7778 0
      vertex -17 19 0
      vertex -14.6978 14.8503 0
    endloop
  endfacet
  facet normal 0 0 -1
    outer loop
      vertex -19 17 0
      vertex -14.7778 14.7778 0
      vertex -14.8503 14.6978 0
    endloop
  endfacet
  facet normal 0 0 -1
    outer loop
      vertex -19 17 0
      vertex -14.8503 14.6978 0
      vertex -14.9146 14.6111 0
    endloop
  endfacet
  facet normal 0 0 -1
    outer loop
      vertex -19 17 0
      vertex -14.9146 14.6111 0
      vertex -14.9701 14.5185 0
    endloop
  endfacet
  facet normal 0 0 -1
    outer loop
      vertex -19 17 0
      vertex -14.9701 14.5185 0
      vertex -15.0163 14.421 0
    endloop
  endfacet
  facet normal 0 0 -1
    outer loop
      vertex -19 17 0
      vertex -15.0163 14.421 0
      vertex -15.0526 14.3193 0
    endloop
  endfacet
  facet normal 0 0 -1
    outer loop
      vertex -19 17 0
      vertex -15.0526 14.3193 0
      vertex -15.0789 14.2146 0
    endloop
  endfacet
  facet normal 0 0 -1
    outer loop
      vertex -19 17 0
      vertex -15.0789 14.2146 0
      vertex -15.0947 14.1078 0
    endloop
  endfacet
  facet normal 0 0 -1
    outer loop
      vertex -15.0947 13.8922 0
      vertex -19 17 0
      vertex -15.1 14 0
    endloop
  endfacet
  facet normal 0 0 -1
    outer loop
      vertex -19 -17 0
      vertex -17 -19 0
      vertex -17.196 -18.9904 0
    endloop
  endfacet
  facet normal 0 0 -1
    outer loop
      vertex -15.1 14 0
      vertex -19 17 0
      vertex -15.0947 14.1078 0
    endloop
  endfacet
  facet normal 0 0 -1
    outer loop
      vertex -19 -17 0
      vertex -17.196 -18.9904 0
      vertex -17.3902 -18.9616 0
    endloop
  endfacet
  facet normal 0 0 -1
    outer loop
      vertex -14.7778 14.7778 0
      vertex -19 17 0
      vertex -17 19 0
    endloop
  endfacet
  facet normal 0 0 -1
    outer loop
      vertex -19 -17 0
      vertex -17.3902 -18.9616 0
      vertex -17.5806 -18.9139 0
    endloop
  endfacet
  facet normal 0 0 -1
    outer loop
      vertex -17 19 0
      vertex -19 17 0
      vertex -17.196 18.9904 0
    endloop
  endfacet
  facet normal 0 0 -1
    outer loop
      vertex -19 -17 0
      vertex -17.5806 -18.9139 0
      vertex -17.7654 -18.8478 0
    endloop
  endfacet
  facet normal 0 0 -1
    outer loop
      vertex -17.196 18.9904 0
      vertex -19 17 0
      vertex -17.3902 18.9616 0
    endloop
  endfacet
  facet normal 0 0 -1
    outer loop
      vertex -19 -17 0
      vertex -17.7654 -18.8478 0
      vertex -17.9428 -18.7638 0
    endloop
  endfacet
  facet normal 0 0 -1
    outer loop
      vertex -17.3902 18.9616 0
      vertex -19 17 0
      vertex -17.5806 18.9139 0
    endloop
  endfacet
  facet normal 0 0 -1
    outer loop
      vertex -19 -17 0
      vertex -17.9428 -18.7638 0
      vertex -18.1111 -18.6629 0
    endloop
  endfacet
  facet normal 0 0 -1
    outer loop
      vertex -17.5806 18.9139 0
      vertex -19 17 0
      vertex -17.7654 18.8478 0
    endloop
  endfacet
  facet normal 0 0 -1
    outer loop
      vertex -19 -17 0
      vertex -18.1111 -18.6629 0
      vertex -18.2688 -18.546 0
    endloop
  endfacet
  facet normal 0 0 -1
    outer loop
      vertex -17.7654 18.8478 0
      vertex -19 17 0
      vertex -17.9428 18.7638 0
    endloop
  endfacet
  facet normal 0 0 -1
    outer loop
      vertex -19 -17 0
      vertex -18.2688 -18.546 0
      vertex -18.4142 -18.4142 0
    endloop
  endfacet
  facet normal 0 0 -1
    outer loop
      vertex -17.9428 18.7638 0
      vertex -19 17 0
      vertex -18.1111 18.6629 0
    endloop
  endfacet
  facet normal 0 0 -1
    outer loop
      vertex -19 -17 0
      vertex -18.4142 -18.4142 0
      vertex -18.546 -18.2688 0
    endloop
  endfacet
  facet normal 0 0 -1
    outer loop
      vertex -18.1111 18.6629 0
      vertex -19 17 0
      vertex -18.2688 18.546 0
    endloop
  endfacet
  facet normal 0 0 -1
    outer loop
      vertex -19 -17 0
      vertex -18.546 -18.2688 0
      vertex -18.6629 -18.1111 0
    endloop
  endfacet
  facet normal 0 0 -1
    outer loop
      vertex -18.2688 18.546 0
      vertex -19 17 0
      vertex -18.4142 18.4142 0
    endloop
  endfacet
  facet normal 0 0 -1
    outer loop
      vertex -19 -17 0
      vertex -18.6629 -18.1111 0
      vertex -18.7638 -17.9428 0
    endloop
  endfacet
  facet normal 0 0 -1
    outer loop
      vertex -18.4142 18.4142 0
      vertex -19 17 0
      vertex -18.546 18.2688 0
    endloop
  endfacet
  facet normal 0 0 -1
    outer loop
      vertex -19 -17 0
      vertex -18.7638 -17.9428 0
      vertex -18.8478 -17.7654 0
    endloop
  endfacet
  facet normal 0 0 -1
    outer loop
      vertex -18.546 18.2688 0
      vertex -19 17 0
      vertex -18.6629 18.1111 0
    endloop
  endfacet
  facet normal 0 0 -1
    outer loop
      vertex -19 -17 0
      vertex -18.8478 -17.7654 0
      vertex -18.9139 -17.5806 0
    endloop
  endfacet
  facet normal 0 0 -1
    outer loop
      vertex -18.6629 18.1111 0
      vertex -19 17 0
      vertex -18.7638 17.9428 0
    endloop
  endfacet
  facet normal 0 0 -1
    outer loop
      vertex -19 -17 0
      vertex -18.9139 -17.5806 0
      vertex -18.9616 -17.3902 0
    endloop
  endfacet
  facet normal 0 0 -1
    outer loop
      vertex -18.7638 17.9428 0
      vertex -19 17 0
      vertex -18.8478 17.7654 0
    endloop
  endfacet
  facet normal 0 0 -1
    outer loop
      vertex -19 -17 0
      vertex -18.9616 -17.3902 0
      vertex -18.9904 -17.196 0
    endloop
  endfacet
  facet normal 0 0 -1
    outer loop
      vertex -18.8478 17.7654 0
      vertex -19 17 0
      vertex -18.9139 17.5806 0
    endloop
  endfacet
  facet normal 0 0 -1
    outer loop
      vertex -18.9139 17.5806 0
      vertex -19 17 0
      vertex -18.9616 17.3902 0
    endloop
  endfacet
  facet normal 0 0 -1
    outer loop
      vertex -18.9616 17.3902 0
      vertex -19 17 0
      vertex -18.9904 17.196 0
    endloop
  endfacet
  facet normal 0 0 -1
    outer loop
      vertex 14.1078 12.9053 0
      vertex 9.5947 8.39218 0
      vertex 9.6 8.5 0
    endloop
  endfacet
  facet normal 0 0 -1
    outer loop
      vertex 14.2146 12.9211 0
      vertex 9.57886 8.2854 0
      vertex 9.5947 8.39218 0
    endloop
  endfacet
  facet normal 0 0 -1
    outer loop
      vertex 10 4 0
      vertex 9.55263 8.18069 0
      vertex 9.57886 8.2854 0
    endloop
  endfacet
  facet normal 0 0 -1
    outer loop
      vertex 10 4 0
      vertex 9.51627 8.07905 0
      vertex 9.55263 8.18069 0
    endloop
  endfacet
  facet normal 0 0 -1
    outer loop
      vertex 10 4 0
      vertex 9.47011 7.98146 0
      vertex 9.51627 8.07905 0
    endloop
  endfacet
  facet normal 0 0 -1
    outer loop
      vertex 10 4 0
      vertex 9.41462 7.88887 0
      vertex 9.47011 7.98146 0
    endloop
  endfacet
  facet normal 0 0 -1
    outer loop
      vertex 10 4 0
      vertex 9.35031 7.80217 0
      vertex 9.41462 7.88887 0
    endloop
  endfacet
  facet normal 0 0 -1
    outer loop
      vertex 10 4 0
      vertex 9.27782 7.72218 0
      vertex 9.35031 7.80217 0
    endloop
  endfacet
  facet normal 0 0 -1
    outer loop
      vertex 10 4 0
      vertex 9.19783 7.64969 0
      vertex 9.27782 7.72218 0
    endloop
  endfacet
  facet normal 0 0 -1
    outer loop
      vertex 10 4 0
      vertex 9.11113 7.58538 0
      vertex 9.19783 7.64969 0
    endloop
  endfacet
  facet normal 0 0 -1
    outer loop
      vertex 10 4 0
      vertex 9.01854 7.52989 0
      vertex 9.11113 7.58538 0
    endloop
  endfacet
  facet normal 0 0 -1
    outer loop
      vertex 10 4 0
      vertex 8.92095 7.48373 0
      vertex 9.01854 7.52989 0
    endloop
  endfacet
  facet normal 0 0 -1
    outer loop
      vertex 10 4 0
      vertex 8.81931 7.44736 0
      vertex 8.92095 7.48373 0
    endloop
  endfacet
  facet normal 0 0 -1
    outer loop
      vertex 10 4 0
      vertex 8.7146 7.42114 0
      vertex 8.81931 7.44736 0
    endloop
  endfacet
  facet normal 0 0 -1
    outer loop
      vertex 10 4 0
      vertex 8.60782 7.4053 0
      vertex 8.7146 7.42114 0
    endloop
  endfacet
  facet normal 0 0 -1
    outer loop
      vertex 10 4 0
      vertex 8.5 7.4 0
      vertex 8.60782 7.4053 0
    endloop
  endfacet
  facet normal 0 0 -1
    outer loop
      vertex 10 4 0
      vertex 8.39218 7.4053 0
      vertex 8.5 7.4 0
    endloop
  endfacet
  facet normal 0 0 -1
    outer loop
      vertex 10 4 0
      vertex 8.2854 7.42114 0
      vertex 8.39218 7.4053 0
    endloop
  endfacet
  facet normal 0 0 -1
    outer loop
      vertex 10 4 0
      vertex 8.18069 7.44736 0
      vertex 8.2854 7.42114 0
    endloop
  endfacet
  facet normal 0 0 -1
    outer loop
      vertex 10 4 0
      vertex 8.07905 7.48373 0
      vertex 8.18069 7.44736 0
    endloop
  endfacet
  facet normal 0 0 -1
    outer loop
      vertex 10 4 0
      vertex 7.98146 7.52989 0
      vertex 8.07905 7.48373 0
    endloop
  endfacet
  facet normal 0 0 -1
    outer loop
      vertex 10 4 0
      vertex 7.88887 7.58538 0
      vertex 7.98146 7.52989 0
    endloop
  endfacet
  facet normal 0 0 -1
    outer loop
      vertex 10 4 0
      vertex 7.80217 7.64969 0
      vertex 7.88887 7.58538 0
    endloop
  endfacet
  facet normal 0 0 -1
    outer loop
      vertex 10 4 0
      vertex 7.72218 7.72218 0
      vertex 7.80217 7.64969 0
    endloop
  endfacet
  facet normal 0 0 -1
    outer loop
      vertex 4 10 0
      vertex 7.72218 7.72218 0
      vertex 10 4 0
    endloop
  endfacet
  facet normal 0 0 -1
    outer loop
      vertex 7.72218 7.72218 0
      vertex 4 10 0
      vertex 7.64969 7.80217 0
    endloop
  endfacet
  facet normal 0 0 -1
    outer loop
      vertex 7.4053 8.39218 0
      vertex 4 10 0
      vertex 7.4 8.5 0
    endloop
  endfacet
  facet normal 0 0 -1
    outer loop
      vertex 7.42114 8.2854 0
      vertex 4 10 0
      vertex 7.4053 8.39218 0
    endloop
  endfacet
  facet normal 0 0 -1
    outer loop
      vertex 7.44736 8.18069 0
      vertex 4 10 0
      vertex 7.42114 8.2854 0
    endloop
  endfacet
  facet normal 0 0 -1
    outer loop
      vertex 7.48373 8.07905 0
      vertex 4 10 0
      vertex 7.44736 8.18069 0
    endloop
  endfacet
  facet normal 0 0 -1
    outer loop
      vertex 7.52989 7.98146 0
      vertex 4 10 0
      vertex 7.48373 8.07905 0
    endloop
  endfacet
  facet normal 0 0 -1
    outer loop
      vertex 7.58538 7.88887 0
      vertex 4 10 0
      vertex 7.52989 7.98146 0
    endloop
  endfacet
  facet normal 0 0 -1
    outer loop
      vertex 7.64969 7.80217 0
      vertex 4 10 0
      vertex 7.58538 7.88887 0
    endloop
  endfacet
  facet normal 0 0 -1
    outer loop
      vertex 15.0526 -13.6807 0
      vertex 19 -17 0
      vertex 15.0789 -13.7854 0
    endloop
  endfacet
  facet normal 0 0 -1
    outer loop
      vertex 19 17 0
      vertex 15.0947 13.8922 0
      vertex 15.1 14 0
    endloop
  endfacet
  facet normal 0 0 -1
    outer loop
      vertex 15.0163 -13.579 0
      vertex 19 -17 0
      vertex 15.0526 -13.6807 0
    endloop
  endfacet
  facet normal 0 0 -1
    outer loop
      vertex 19 17 0
      vertex 15.0789 13.7854 0
      vertex 15.0947 13.8922 0
    endloop
  endfacet
  facet normal 0 0 -1
    outer loop
      vertex 14.9701 -13.4815 0
      vertex 19 -17 0
      vertex 15.0163 -13.579 0
    endloop
  endfacet
  facet normal 0 0 -1
    outer loop
      vertex 19 17 0
      vertex 15.0526 13.6807 0
      vertex 15.0789 13.7854 0
    endloop
  endfacet
  facet normal 0 0 -1
    outer loop
      vertex 14.9146 -13.3889 0
      vertex 19 -17 0
      vertex 14.9701 -13.4815 0
    endloop
  endfacet
  facet normal 0 0 -1
    outer loop
      vertex 19 17 0
      vertex 15.0163 13.579 0
      vertex 15.0526 13.6807 0
    endloop
  endfacet
  facet normal 0 0 -1
    outer loop
      vertex 14.8503 -13.3022 0
      vertex 19 -17 0
      vertex 14.9146 -13.3889 0
    endloop
  endfacet
  facet normal 0 0 -1
    outer loop
      vertex 19 17 0
      vertex 14.9701 13.4815 0
      vertex 15.0163 13.579 0
    endloop
  endfacet
  facet normal 0 0 -1
    outer loop
      vertex 19 -17 0
      vertex 14.8503 -13.3022 0
      vertex 19 17 0
    endloop
  endfacet
  facet normal 0 0 -1
    outer loop
      vertex 19 17 0
      vertex 14.9146 13.3889 0
      vertex 14.9701 13.4815 0
    endloop
  endfacet
  facet normal 0 0 -1
    outer loop
      vertex 14.8503 13.3022 0
      vertex 19 17 0
      vertex 14.8503 -13.3022 0
    endloop
  endfacet
  facet normal 0 0 -1
    outer loop
      vertex 19 17 0
      vertex 14.8503 13.3022 0
      vertex 14.9146 13.3889 0
    endloop
  endfacet
  facet normal 0 0 -1
    outer loop
      vertex 14.7778 -13.2222 0
      vertex 14.8503 13.3022 0
      vertex 14.8503 -13.3022 0
    endloop
  endfacet
  facet normal 0 0 -1
    outer loop
      vertex 14.7778 -13.2222 0
      vertex 14.7778 13.2222 0
      vertex 14.8503 13.3022 0
    endloop
  endfacet
  facet normal 0 0 -1
    outer loop
      vertex 10 -4 0
      vertex 14.7778 -13.2222 0
      vertex 14.6978 -13.1497 0
    endloop
  endfacet
  facet normal 0 0 -1
    outer loop
      vertex 14.7778 -13.2222 0
      vertex 10 -4 0
      vertex 14.7778 13.2222 0
    endloop
  endfacet
  facet normal 0 0 -1
    outer loop
      vertex 10 -4 0
      vertex 14.6978 -13.1497 0
      vertex 14.6111 -13.0854 0
    endloop
  endfacet
  facet normal 0 0 -1
    outer loop
      vertex 10 4 0
      vertex 14.7778 13.2222 0
      vertex 10 -4 0
    endloop
  endfacet
  facet normal 0 0 -1
    outer loop
      vertex 10 -4 0
      vertex 14.6111 -13.0854 0
      vertex 14.5185 -13.0299 0
    endloop
  endfacet
  facet normal 0 0 -1
    outer loop
      vertex 14.7778 13.2222 0
      vertex 10 4 0
      vertex 14.6978 13.1497 0
    endloop
  endfacet
  facet normal 0 0 -1
    outer loop
      vertex 10 -4 0
      vertex 14.5185 -13.0299 0
      vertex 14.421 -12.9837 0
    endloop
  endfacet
  facet normal 0 0 -1
    outer loop
      vertex 14.6978 13.1497 0
      vertex 10 4 0
      vertex 14.6111 13.0854 0
    endloop
  endfacet
  facet normal 0 0 -1
    outer loop
      vertex 10 -4 0
      vertex 14.421 -12.9837 0
      vertex 14.3193 -12.9474 0
    endloop
  endfacet
  facet normal 0 0 -1
    outer loop
      vertex 14.6111 13.0854 0
      vertex 10 4 0
      vertex 14.5185 13.0299 0
    endloop
  endfacet
  facet normal 0 0 -1
    outer loop
      vertex 10 -4 0
      vertex 14.3193 -12.9474 0
      vertex 14.2146 -12.9211 0
    endloop
  endfacet
  facet normal 0 0 -1
    outer loop
      vertex 14.5185 13.0299 0
      vertex 10 4 0
      vertex 14.421 12.9837 0
    endloop
  endfacet
  facet normal 0 0 -1
    outer loop
      vertex 9.57886 -8.2854 0
      vertex 14.2146 -12.9211 0
      vertex 14.1078 -12.9053 0
    endloop
  endfacet
  facet normal 0 0 -1
    outer loop
      vertex 14.421 12.9837 0
      vertex 10 4 0
      vertex 14.3193 12.9474 0
    endloop
  endfacet
  facet normal 0 0 -1
    outer loop
      vertex 9.5947 -8.39218 0
      vertex 14.1078 -12.9053 0
      vertex 14 -12.9 0
    endloop
  endfacet
  facet normal 0 0 -1
    outer loop
      vertex 14.3193 12.9474 0
      vertex 10 4 0
      vertex 14.2146 12.9211 0
    endloop
  endfacet
  facet normal 0 0 -1
    outer loop
      vertex 9.6 -8.5 0
      vertex 14 -12.9 0
      vertex 13.8922 -12.9053 0
    endloop
  endfacet
  facet normal 0 0 -1
    outer loop
      vertex 9.57886 8.2854 0
      vertex 14.2146 12.9211 0
      vertex 10 4 0
    endloop
  endfacet
  facet normal 0 0 -1
    outer loop
      vertex 9.5947 -8.60782 0
      vertex 13.8922 -12.9053 0
      vertex 13.7854 -12.9211 0
    endloop
  endfacet
  facet normal 0 0 -1
    outer loop
      vertex 9.5947 8.39218 0
      vertex 14.1078 12.9053 0
      vertex 14.2146 12.9211 0
    endloop
  endfacet
  facet normal 0 0 -1
    outer loop
      vertex 9.57886 -8.7146 0
      vertex 13.7854 -12.9211 0
      vertex 13.6807 -12.9474 0
    endloop
  endfacet
  facet normal 0 0 -1
    outer loop
      vertex 14.1078 12.9053 0
      vertex 9.6 8.5 0
      vertex 14 12.9 0
    endloop
  endfacet
  facet normal 0 0 -1
    outer loop
      vertex 9.55263 -8.81931 0
      vertex 13.6807 -12.9474 0
      vertex 13.579 -12.9837 0
    endloop
  endfacet
  facet normal -0 0 -1
    outer loop
      vertex 14 12.9 0
      vertex 9.6 8.5 0
      vertex 13.8922 12.9053 0
    endloop
  endfacet
  facet normal 0 0 -1
    outer loop
      vertex 9.51627 -8.92095 0
      vertex 13.579 -12.9837 0
      vertex 13.4815 -13.0299 0
    endloop
  endfacet
  facet normal 0 0 -1
    outer loop
      vertex 9.5947 8.60782 0
      vertex 13.8922 12.9053 0
      vertex 9.6 8.5 0
    endloop
  endfacet
  facet normal 0 0 -1
    outer loop
      vertex 9.47011 -9.01854 0
      vertex 13.4815 -13.0299 0
      vertex 13.3889 -13.0854 0
    endloop
  endfacet
  facet normal -0 0 -1
    outer loop
      vertex 13.8922 12.9053 0
      vertex 9.5947 8.60782 0
      vertex 13.7854 12.9211 0
    endloop
  endfacet
  facet normal 0 0 -1
    outer loop
      vertex 9.41462 -9.11113 0
      vertex 13.3889 -13.0854 0
      vertex 13.3022 -13.1497 0
    endloop
  endfacet
  facet normal 0 0 -1
    outer loop
      vertex 9.57886 8.7146 0
      vertex 13.7854 12.9211 0
      vertex 9.5947 8.60782 0
    endloop
  endfacet
  facet normal 0 0 -1
    outer loop
      vertex 9.35031 -9.19783 0
      vertex 13.3022 -13.1497 0
      vertex 13.2222 -13.2222 0
    endloop
  endfacet
  facet normal -0 0 -1
    outer loop
      vertex 13.7854 12.9211 0
      vertex 9.57886 8.7146 0
      vertex 13.6807 12.9474 0
    endloop
  endfacet
  facet normal 0 0 -1
    outer loop
      vertex 9.27782 -9.27782 0
      vertex 13.2222 -13.2222 0
      vertex 13.1497 -13.3022 0
    endloop
  endfacet
  facet normal 0 0 -1
    outer loop
      vertex 9.55263 8.81931 0
      vertex 13.6807 12.9474 0
      vertex 9.57886 8.7146 0
    endloop
  endfacet
  facet normal 0 0 -1
    outer loop
      vertex 9.19783 -9.35031 0
      vertex 13.1497 -13.3022 0
      vertex 13.0854 -13.3889 0
    endloop
  endfacet
  facet normal -0 0 -1
    outer loop
      vertex 13.6807 12.9474 0
      vertex 9.55263 8.81931 0
      vertex 13.579 12.9837 0
    endloop
  endfacet
  facet normal 0 0 -1
    outer loop
      vertex 9.11113 -9.41462 0
      vertex 13.0854 -13.3889 0
      vertex 13.0299 -13.4815 0
    endloop
  endfacet
  facet normal 0 0 -1
    outer loop
      vertex 9.51627 8.92095 0
      vertex 13.579 12.9837 0
      vertex 9.55263 8.81931 0
    endloop
  endfacet
  facet normal 0 0 -1
    outer loop
      vertex 9.01854 -9.47011 0
      vertex 13.0299 -13.4815 0
      vertex 12.9837 -13.579 0
    endloop
  endfacet
  facet normal -0 0 -1
    outer loop
      vertex 13.579 12.9837 0
      vertex 9.51627 8.92095 0
      vertex 13.4815 13.0299 0
    endloop
  endfacet
  facet normal 0 0 -1
    outer loop
      vertex 8.92095 -9.51627 0
      vertex 12.9837 -13.579 0
      vertex 12.9474 -13.6807 0
    endloop
  endfacet
  facet normal 0 0 -1
    outer loop
      vertex 9.47011 9.01854 0
      vertex 13.4815 13.0299 0
      vertex 9.51627 8.92095 0
    endloop
  endfacet
  facet normal 0 0 -1
    outer loop
      vertex 8.81931 -9.55263 0
      vertex 12.9474 -13.6807 0
      vertex 12.9211 -13.7854 0
    endloop
  endfacet
  facet normal -0 0 -1
    outer loop
      vertex 13.4815 13.0299 0
      vertex 9.47011 9.01854 0
      vertex 13.3889 13.0854 0
    endloop
  endfacet
  facet normal 0 0 -1
    outer loop
      vertex 8.7146 -9.57886 0
      vertex 12.9211 -13.7854 0
      vertex 12.9053 -13.8922 0
    endloop
  endfacet
  facet normal 0 0 -1
    outer loop
      vertex 9.41462 9.11113 0
      vertex 13.3889 13.0854 0
      vertex 9.47011 9.01854 0
    endloop
  endfacet
  facet normal 0 0 -1
    outer loop
      vertex 8.60782 -9.5947 0
      vertex 12.9053 -13.8922 0
      vertex 12.9 -14 0
    endloop
  endfacet
  facet normal -0 0 -1
    outer loop
      vertex 13.3889 13.0854 0
      vertex 9.41462 9.11113 0
      vertex 13.3022 13.1497 0
    endloop
  endfacet
  facet normal 0 0 -1
    outer loop
      vertex 17 -19 0
      vertex 19 -17 0
      vertex 18.9904 -17.196 0
    endloop
  endfacet
  facet normal 0 0 -1
    outer loop
      vertex 15.0947 -13.8922 0
      vertex 19 -17 0
      vertex 15.1 -14 0
    endloop
  endfacet
  facet normal 0 0 -1
    outer loop
      vertex 17 -19 0
      vertex 18.9904 -17.196 0
      vertex 18.9616 -17.3902 0
    endloop
  endfacet
  facet normal 0 0 -1
    outer loop
      vertex 15.0789 -13.7854 0
      vertex 19 -17 0
      vertex 15.0947 -13.8922 0
    endloop
  endfacet
  facet normal 0 0 -1
    outer loop
      vertex 17 -19 0
      vertex 18.9616 -17.3902 0
      vertex 18.9139 -17.5806 0
    endloop
  endfacet
  facet normal 0 0 -1
    outer loop
      vertex 15.0947 14.1078 0
      vertex 19 17 0
      vertex 15.1 14 0
    endloop
  endfacet
  facet normal 0 0 -1
    outer loop
      vertex 17 -19 0
      vertex 18.9139 -17.5806 0
      vertex 18.8478 -17.7654 0
    endloop
  endfacet
  facet normal 0 0 -1
    outer loop
      vertex 15.0789 14.2146 0
      vertex 19 17 0
      vertex 15.0947 14.1078 0
    endloop
  endfacet
  facet normal 0 0 -1
    outer loop
      vertex 17 -19 0
      vertex 18.8478 -17.7654 0
      vertex 18.7638 -17.9428 0
    endloop
  endfacet
  facet normal 0 0 -1
    outer loop
      vertex 15.0526 14.3193 0
      vertex 19 17 0
      vertex 15.0789 14.2146 0
    endloop
  endfacet
  facet normal 0 0 -1
    outer loop
      vertex 17 -19 0
      vertex 18.7638 -17.9428 0
      vertex 18.6629 -18.1111 0
    endloop
  endfacet
  facet normal 0 0 -1
    outer loop
      vertex 15.0163 14.421 0
      vertex 19 17 0
      vertex 15.0526 14.3193 0
    endloop
  endfacet
  facet normal 0 0 -1
    outer loop
      vertex 17 -19 0
      vertex 18.6629 -18.1111 0
      vertex 18.546 -18.2688 0
    endloop
  endfacet
  facet normal 0 0 -1
    outer loop
      vertex 14.9701 14.5185 0
      vertex 19 17 0
      vertex 15.0163 14.421 0
    endloop
  endfacet
  facet normal 0 0 -1
    outer loop
      vertex 17 -19 0
      vertex 18.546 -18.2688 0
      vertex 18.4142 -18.4142 0
    endloop
  endfacet
  facet normal 0 0 -1
    outer loop
      vertex 14.9146 14.6111 0
      vertex 19 17 0
      vertex 14.9701 14.5185 0
    endloop
  endfacet
  facet normal 0 0 -1
    outer loop
      vertex 17 -19 0
      vertex 18.4142 -18.4142 0
      vertex 18.2688 -18.546 0
    endloop
  endfacet
  facet normal 0 0 -1
    outer loop
      vertex 14.8503 14.6978 0
      vertex 19 17 0
      vertex 14.9146 14.6111 0
    endloop
  endfacet
  facet normal 0 0 -1
    outer loop
      vertex 17 -19 0
      vertex 18.2688 -18.546 0
      vertex 18.1111 -18.6629 0
    endloop
  endfacet
  facet normal 0 0 -1
    outer loop
      vertex 14.7778 14.7778 0
      vertex 19 17 0
      vertex 14.8503 14.6978 0
    endloop
  endfacet
  facet normal 0 0 -1
    outer loop
      vertex 17 -19 0
      vertex 18.1111 -18.6629 0
      vertex 17.9428 -18.7638 0
    endloop
  endfacet
  facet normal 0 -0 -1
    outer loop
      vertex 17 19 0
      vertex 19 17 0
      vertex 14.7778 14.7778 0
    endloop
  endfacet
  facet normal 0 0 -1
    outer loop
      vertex 17 -19 0
      vertex 17.9428 -18.7638 0
      vertex 17.7654 -18.8478 0
    endloop
  endfacet
  facet normal 0 0 -1
    outer loop
      vertex 19 17 0
      vertex 17 19 0
      vertex 18.9904 17.196 0
    endloop
  endfacet
  facet normal 0 0 -1
    outer loop
      vertex 17 -19 0
      vertex 17.7654 -18.8478 0
      vertex 17.5806 -18.9139 0
    endloop
  endfacet
  facet normal 0 0 -1
    outer loop
      vertex 18.9904 17.196 0
      vertex 17 19 0
      vertex 18.9616 17.3902 0
    endloop
  endfacet
  facet normal 0 0 -1
    outer loop
      vertex 17 -19 0
      vertex 17.5806 -18.9139 0
      vertex 17.3902 -18.9616 0
    endloop
  endfacet
  facet normal 0 0 -1
    outer loop
      vertex 18.9616 17.3902 0
      vertex 17 19 0
      vertex 18.9139 17.5806 0
    endloop
  endfacet
  facet normal 0 0 -1
    outer loop
      vertex 17 -19 0
      vertex 17.3902 -18.9616 0
      vertex 17.196 -18.9904 0
    endloop
  endfacet
  facet normal 0 0 -1
    outer loop
      vertex 18.9139 17.5806 0
      vertex 17 19 0
      vertex 18.8478 17.7654 0
    endloop
  endfacet
  facet normal -0 0 -1
    outer loop
      vertex 19 -17 0
      vertex 17 -19 0
      vertex 14.7778 -14.7778 0
    endloop
  endfacet
  facet normal 0 0 -1
    outer loop
      vertex 18.7638 17.9428 0
      vertex 17 19 0
      vertex 18.6629 18.1111 0
    endloop
  endfacet
  facet normal 0 0 -1
    outer loop
      vertex 18.6629 18.1111 0
      vertex 17 19 0
      vertex 18.546 18.2688 0
    endloop
  endfacet
  facet normal 0 0 -1
    outer loop
      vertex 19 -17 0
      vertex 15.0947 -14.1078 0
      vertex 15.1 -14 0
    endloop
  endfacet
  facet normal 0 0 -1
    outer loop
      vertex 19 -17 0
      vertex 15.0789 -14.2146 0
      vertex 15.0947 -14.1078 0
    endloop
  endfacet
  facet normal 0 0 -1
    outer loop
      vertex 19 -17 0
      vertex 15.0526 -14.3193 0
      vertex 15.0789 -14.2146 0
    endloop
  endfacet
  facet normal 0 0 -1
    outer loop
      vertex 19 -17 0
      vertex 15.0163 -14.421 0
      vertex 15.0526 -14.3193 0
    endloop
  endfacet
  facet normal 0 0 -1
    outer loop
      vertex 19 -17 0
      vertex 14.9701 -14.5185 0
      vertex 15.0163 -14.421 0
    endloop
  endfacet
  facet normal 0 0 -1
    outer loop
      vertex 19 -17 0
      vertex 14.9146 -14.6111 0
      vertex 14.9701 -14.5185 0
    endloop
  endfacet
  facet normal 0 0 -1
    outer loop
      vertex 19 -17 0
      vertex 14.8503 -14.6978 0
      vertex 14.9146 -14.6111 0
    endloop
  endfacet
  facet normal 0 0 -1
    outer loop
      vertex 19 -17 0
      vertex 14.7778 -14.7778 0
      vertex 14.8503 -14.6978 0
    endloop
  endfacet
  facet normal 0 0 -1
    outer loop
      vertex 17 -19 0
      vertex 14.6978 -14.8503 0
      vertex 14.7778 -14.7778 0
    endloop
  endfacet
  facet normal 0 0 -1
    outer loop
      vertex 17 -19 0
      vertex 14.6111 -14.9146 0
      vertex 14.6978 -14.8503 0
    endloop
  endfacet
  facet normal 0 0 -1
    outer loop
      vertex 17 -19 0
      vertex 14.5185 -14.9701 0
      vertex 14.6111 -14.9146 0
    endloop
  endfacet
  facet normal 0 0 -1
    outer loop
      vertex 17 -19 0
      vertex 14.421 -15.0163 0
      vertex 14.5185 -14.9701 0
    endloop
  endfacet
  facet normal 0 0 -1
    outer loop
      vertex 17 -19 0
      vertex 14.3193 -15.0526 0
      vertex 14.421 -15.0163 0
    endloop
  endfacet
  facet normal 0 0 -1
    outer loop
      vertex 17 -19 0
      vertex 14.2146 -15.0789 0
      vertex 14.3193 -15.0526 0
    endloop
  endfacet
  facet normal 0 0 -1
    outer loop
      vertex 17 -19 0
      vertex 14.1078 -15.0947 0
      vertex 14.2146 -15.0789 0
    endloop
  endfacet
  facet normal 0 0 -1
    outer loop
      vertex 17 -19 0
      vertex 14 -15.1 0
      vertex 14.1078 -15.0947 0
    endloop
  endfacet
  facet normal 0 0 -1
    outer loop
      vertex 17 -19 0
      vertex 13.8922 -15.0947 0
      vertex 14 -15.1 0
    endloop
  endfacet
  facet normal 0 0 -1
    outer loop
      vertex 17 -19 0
      vertex 13.7854 -15.0789 0
      vertex 13.8922 -15.0947 0
    endloop
  endfacet
  facet normal 0 0 -1
    outer loop
      vertex 17 -19 0
      vertex 13.6807 -15.0526 0
      vertex 13.7854 -15.0789 0
    endloop
  endfacet
  facet normal 0 0 -1
    outer loop
      vertex 17 -19 0
      vertex 13.579 -15.0163 0
      vertex 13.6807 -15.0526 0
    endloop
  endfacet
  facet normal 0 0 -1
    outer loop
      vertex 17 -19 0
      vertex 13.4815 -14.9701 0
      vertex 13.579 -15.0163 0
    endloop
  endfacet
  facet normal 0 0 -1
    outer loop
      vertex 17 -19 0
      vertex 13.3889 -14.9146 0
      vertex 13.4815 -14.9701 0
    endloop
  endfacet
  facet normal 0 0 -1
    outer loop
      vertex 17 -19 0
      vertex 13.3022 -14.8503 0
      vertex 13.3889 -14.9146 0
    endloop
  endfacet
  facet normal 0 0 -1
    outer loop
      vertex -13.3022 -14.8503 0
      vertex 13.3022 -14.8503 0
      vertex 17 -19 0
    endloop
  endfacet
  facet normal 0 0 -1
    outer loop
      vertex 13.3022 -14.8503 0
      vertex -13.3022 -14.8503 0
      vertex 13.2222 -14.7778 0
    endloop
  endfacet
  facet normal 0 0 -1
    outer loop
      vertex 9.35031 9.19783 0
      vertex 13.3022 13.1497 0
      vertex 9.41462 9.11113 0
    endloop
  endfacet
  facet normal 0 0 -1
    outer loop
      vertex 8.5 -9.6 0
      vertex 12.9 -14 0
      vertex 12.9053 -14.1078 0
    endloop
  endfacet
  facet normal 0 0 -1
    outer loop
      vertex 8.39218 -9.5947 0
      vertex 12.9053 -14.1078 0
      vertex 12.9211 -14.2146 0
    endloop
  endfacet
  facet normal 0 0 -1
    outer loop
      vertex 8.2854 -9.57886 0
      vertex 12.9211 -14.2146 0
      vertex 12.9474 -14.3193 0
    endloop
  endfacet
  facet normal 0 0 -1
    outer loop
      vertex 14 -12.9 0
      vertex 9.6 -8.5 0
      vertex 9.5947 -8.39218 0
    endloop
  endfacet
  facet normal 0 0 -1
    outer loop
      vertex 4 -10 0
      vertex 12.9474 -14.3193 0
      vertex 12.9837 -14.421 0
    endloop
  endfacet
  facet normal 0 0 -1
    outer loop
      vertex 4 -10 0
      vertex 12.9837 -14.421 0
      vertex 13.0299 -14.5185 0
    endloop
  endfacet
  facet normal 0 0 -1
    outer loop
      vertex 13.8922 -12.9053 0
      vertex 9.5947 -8.60782 0
      vertex 9.6 -8.5 0
    endloop
  endfacet
  facet normal 0 0 -1
    outer loop
      vertex 13.7854 -12.9211 0
      vertex 9.57886 -8.7146 0
      vertex 9.5947 -8.60782 0
    endloop
  endfacet
  facet normal 0 0 -1
    outer loop
      vertex 13.6807 -12.9474 0
      vertex 9.55263 -8.81931 0
      vertex 9.57886 -8.7146 0
    endloop
  endfacet
  facet normal 0 0 -1
    outer loop
      vertex 4 -10 0
      vertex 13.0299 -14.5185 0
      vertex 13.0854 -14.6111 0
    endloop
  endfacet
  facet normal 0 0 -1
    outer loop
      vertex 13.579 -12.9837 0
      vertex 9.51627 -8.92095 0
      vertex 9.55263 -8.81931 0
    endloop
  endfacet
  facet normal 0 0 -1
    outer loop
      vertex 13.4815 -13.0299 0
      vertex 9.47011 -9.01854 0
      vertex 9.51627 -8.92095 0
    endloop
  endfacet
  facet normal 0 0 -1
    outer loop
      vertex 13.3889 -13.0854 0
      vertex 9.41462 -9.11113 0
      vertex 9.47011 -9.01854 0
    endloop
  endfacet
  facet normal 0 0 -1
    outer loop
      vertex 13.3022 -13.1497 0
      vertex 9.35031 -9.19783 0
      vertex 9.41462 -9.11113 0
    endloop
  endfacet
  facet normal 0 0 -1
    outer loop
      vertex 13.2222 -13.2222 0
      vertex 9.27782 -9.27782 0
      vertex 9.35031 -9.19783 0
    endloop
  endfacet
  facet normal 0 0 -1
    outer loop
      vertex 13.1497 -13.3022 0
      vertex 9.19783 -9.35031 0
      vertex 9.27782 -9.27782 0
    endloop
  endfacet
  facet normal 0 0 -1
    outer loop
      vertex 13.0854 -13.3889 0
      vertex 9.11113 -9.41462 0
      vertex 9.19783 -9.35031 0
    endloop
  endfacet
  facet normal 0 0 -1
    outer loop
      vertex 4 -10 0
      vertex 13.0854 -14.6111 0
      vertex 13.1497 -14.6978 0
    endloop
  endfacet
  facet normal 0 0 -1
    outer loop
      vertex 13.0299 -13.4815 0
      vertex 9.01854 -9.47011 0
      vertex 9.11113 -9.41462 0
    endloop
  endfacet
  facet normal 0 0 -1
    outer loop
      vertex 12.9837 -13.579 0
      vertex 8.92095 -9.51627 0
      vertex 9.01854 -9.47011 0
    endloop
  endfacet
  facet normal 0 0 -1
    outer loop
      vertex 12.9474 -13.6807 0
      vertex 8.81931 -9.55263 0
      vertex 8.92095 -9.51627 0
    endloop
  endfacet
  facet normal 0 0 -1
    outer loop
      vertex 12.9211 -13.7854 0
      vertex 8.7146 -9.57886 0
      vertex 8.81931 -9.55263 0
    endloop
  endfacet
  facet normal 0 0 -1
    outer loop
      vertex 12.9053 -13.8922 0
      vertex 8.60782 -9.5947 0
      vertex 8.7146 -9.57886 0
    endloop
  endfacet
  facet normal 0 0 -1
    outer loop
      vertex 12.9 -14 0
      vertex 8.5 -9.6 0
      vertex 8.60782 -9.5947 0
    endloop
  endfacet
  facet normal 0 -0 -1
    outer loop
      vertex -13.2222 -14.7778 0
      vertex 13.2222 -14.7778 0
      vertex -13.3022 -14.8503 0
    endloop
  endfacet
  facet normal 0 0 -1
    outer loop
      vertex 12.9053 -14.1078 0
      vertex 8.39218 -9.5947 0
      vertex 8.5 -9.6 0
    endloop
  endfacet
  facet normal 0 0 -1
    outer loop
      vertex 12.9474 -14.3193 0
      vertex 4 -10 0
      vertex 8.2854 -9.57886 0
    endloop
  endfacet
  facet normal 0 0 -1
    outer loop
      vertex 12.9211 -14.2146 0
      vertex 8.2854 -9.57886 0
      vertex 8.39218 -9.5947 0
    endloop
  endfacet
  facet normal -0 0 -1
    outer loop
      vertex 8.2854 -9.57886 0
      vertex 4 -10 0
      vertex 8.18069 -9.55263 0
    endloop
  endfacet
  facet normal -0 0 -1
    outer loop
      vertex 8.18069 -9.55263 0
      vertex 4 -10 0
      vertex 8.07905 -9.51627 0
    endloop
  endfacet
  facet normal -0 0 -1
    outer loop
      vertex 8.07905 -9.51627 0
      vertex 4 -10 0
      vertex 7.98146 -9.47011 0
    endloop
  endfacet
  facet normal -0 0 -1
    outer loop
      vertex 7.98146 -9.47011 0
      vertex 4 -10 0
      vertex 7.88887 -9.41462 0
    endloop
  endfacet
  facet normal -0 0 -1
    outer loop
      vertex 7.88887 -9.41462 0
      vertex 4 -10 0
      vertex 7.80217 -9.35031 0
    endloop
  endfacet
  facet normal -0 0 -1
    outer loop
      vertex 7.4053 -8.60782 0
      vertex 4 -10 0
      vertex 7.4 -8.5 0
    endloop
  endfacet
  facet normal -0 0 -1
    outer loop
      vertex 7.42114 -8.7146 0
      vertex 4 -10 0
      vertex 7.4053 -8.60782 0
    endloop
  endfacet
  facet normal -0 0 -1
    outer loop
      vertex 7.44736 -8.81931 0
      vertex 4 -10 0
      vertex 7.42114 -8.7146 0
    endloop
  endfacet
  facet normal -0 0 -1
    outer loop
      vertex 7.48373 -8.92095 0
      vertex 4 -10 0
      vertex 7.44736 -8.81931 0
    endloop
  endfacet
  facet normal -0 0 -1
    outer loop
      vertex 7.52989 -9.01854 0
      vertex 4 -10 0
      vertex 7.48373 -8.92095 0
    endloop
  endfacet
  facet normal -0 0 -1
    outer loop
      vertex 7.58538 -9.11113 0
      vertex 4 -10 0
      vertex 7.52989 -9.01854 0
    endloop
  endfacet
  facet normal -0 0 -1
    outer loop
      vertex 7.64969 -9.19783 0
      vertex 4 -10 0
      vertex 7.58538 -9.11113 0
    endloop
  endfacet
  facet normal -0 0 -1
    outer loop
      vertex 7.72218 -9.27782 0
      vertex 4 -10 0
      vertex 7.64969 -9.19783 0
    endloop
  endfacet
  facet normal -0 0 -1
    outer loop
      vertex 7.80217 -9.35031 0
      vertex 4 -10 0
      vertex 7.72218 -9.27782 0
    endloop
  endfacet
  facet normal 0 0 -1
    outer loop
      vertex 13.2222 -14.7778 0
      vertex 4 -10 0
      vertex 13.1497 -14.6978 0
    endloop
  endfacet
  facet normal 0 0 -1
    outer loop
      vertex -4 -10 0
      vertex -7.4053 -8.60782 0
      vertex -7.4 -8.5 0
    endloop
  endfacet
  facet normal -0 0 -1
    outer loop
      vertex 4 -10 0
      vertex -13.2222 -14.7778 0
      vertex -4 -10 0
    endloop
  endfacet
  facet normal 0 0 -1
    outer loop
      vertex -4 -10 0
      vertex -7.42114 -8.7146 0
      vertex -7.4053 -8.60782 0
    endloop
  endfacet
  facet normal 0 0 -1
    outer loop
      vertex -4 -10 0
      vertex -7.44736 -8.81931 0
      vertex -7.42114 -8.7146 0
    endloop
  endfacet
  facet normal 0 0 -1
    outer loop
      vertex -4 -10 0
      vertex -7.48373 -8.92095 0
      vertex -7.44736 -8.81931 0
    endloop
  endfacet
  facet normal 0 0 -1
    outer loop
      vertex -4 -10 0
      vertex -7.52989 -9.01854 0
      vertex -7.48373 -8.92095 0
    endloop
  endfacet
  facet normal 0 0 -1
    outer loop
      vertex -4 -10 0
      vertex -7.58538 -9.11113 0
      vertex -7.52989 -9.01854 0
    endloop
  endfacet
  facet normal 0 0 -1
    outer loop
      vertex -4 -10 0
      vertex -7.64969 -9.19783 0
      vertex -7.58538 -9.11113 0
    endloop
  endfacet
  facet normal 0 0 -1
    outer loop
      vertex -4 -10 0
      vertex -7.72218 -9.27782 0
      vertex -7.64969 -9.19783 0
    endloop
  endfacet
  facet normal 0 0 -1
    outer loop
      vertex -4 -10 0
      vertex -7.80217 -9.35031 0
      vertex -7.72218 -9.27782 0
    endloop
  endfacet
  facet normal 0 0 -1
    outer loop
      vertex -4 -10 0
      vertex -7.88887 -9.41462 0
      vertex -7.80217 -9.35031 0
    endloop
  endfacet
  facet normal 0 -0 -1
    outer loop
      vertex -13.0299 -14.5185 0
      vertex -4 -10 0
      vertex -13.0854 -14.6111 0
    endloop
  endfacet
  facet normal 0 0 -1
    outer loop
      vertex -4 -10 0
      vertex -7.98146 -9.47011 0
      vertex -7.88887 -9.41462 0
    endloop
  endfacet
  facet normal 0 -0 -1
    outer loop
      vertex -12.9837 -14.421 0
      vertex -4 -10 0
      vertex -13.0299 -14.5185 0
    endloop
  endfacet
  facet normal 0 0 -1
    outer loop
      vertex -4 -10 0
      vertex -8.07905 -9.51627 0
      vertex -7.98146 -9.47011 0
    endloop
  endfacet
  facet normal 0 -0 -1
    outer loop
      vertex -12.9474 -14.3193 0
      vertex -4 -10 0
      vertex -12.9837 -14.421 0
    endloop
  endfacet
  facet normal -0 0 -1
    outer loop
      vertex -4 -10 0
      vertex -12.9474 -14.3193 0
      vertex -8.18069 -9.55263 0
    endloop
  endfacet
  facet normal 0 0 -1
    outer loop
      vertex -8.18069 -9.55263 0
      vertex -12.9474 -14.3193 0
      vertex -8.2854 -9.57886 0
    endloop
  endfacet
  facet normal 0 -0 -1
    outer loop
      vertex -12.9211 -14.2146 0
      vertex -8.2854 -9.57886 0
      vertex -12.9474 -14.3193 0
    endloop
  endfacet
  facet normal 0 0 -1
    outer loop
      vertex -8.2854 -9.57886 0
      vertex -12.9211 -14.2146 0
      vertex -8.39218 -9.5947 0
    endloop
  endfacet
  facet normal 0 -0 -1
    outer loop
      vertex -12.9053 -14.1078 0
      vertex -8.39218 -9.5947 0
      vertex -12.9211 -14.2146 0
    endloop
  endfacet
  facet normal 0 0 -1
    outer loop
      vertex -13.2222 -13.2222 0
      vertex -9.27782 -9.27782 0
      vertex -13.1497 -13.3022 0
    endloop
  endfacet
  facet normal 0 0 -1
    outer loop
      vertex -13.3889 -13.0854 0
      vertex -9.41462 -9.11113 0
      vertex -13.3022 -13.1497 0
    endloop
  endfacet
  facet normal 0 0 -1
    outer loop
      vertex -13.3022 -13.1497 0
      vertex -9.35031 -9.19783 0
      vertex -13.2222 -13.2222 0
    endloop
  endfacet
  facet normal -0 0 -1
    outer loop
      vertex -9.19783 -9.35031 0
      vertex -13.1497 -13.3022 0
      vertex -9.27782 -9.27782 0
    endloop
  endfacet
  facet normal 0 0 -1
    outer loop
      vertex -13.1497 -13.3022 0
      vertex -9.19783 -9.35031 0
      vertex -13.0854 -13.3889 0
    endloop
  endfacet
  facet normal -0 0 -1
    outer loop
      vertex -9.11113 -9.41462 0
      vertex -13.0854 -13.3889 0
      vertex -9.19783 -9.35031 0
    endloop
  endfacet
  facet normal 0 0 -1
    outer loop
      vertex -13.0854 -13.3889 0
      vertex -9.11113 -9.41462 0
      vertex -13.0299 -13.4815 0
    endloop
  endfacet
  facet normal -0 0 -1
    outer loop
      vertex -9.01854 -9.47011 0
      vertex -13.0299 -13.4815 0
      vertex -9.11113 -9.41462 0
    endloop
  endfacet
  facet normal 0 0 -1
    outer loop
      vertex -13.0299 -13.4815 0
      vertex -9.01854 -9.47011 0
      vertex -12.9837 -13.579 0
    endloop
  endfacet
  facet normal -0 0 -1
    outer loop
      vertex -8.92095 -9.51627 0
      vertex -12.9837 -13.579 0
      vertex -9.01854 -9.47011 0
    endloop
  endfacet
  facet normal 0 0 -1
    outer loop
      vertex -12.9837 -13.579 0
      vertex -8.92095 -9.51627 0
      vertex -12.9474 -13.6807 0
    endloop
  endfacet
  facet normal -0 0 -1
    outer loop
      vertex -8.81931 -9.55263 0
      vertex -12.9474 -13.6807 0
      vertex -8.92095 -9.51627 0
    endloop
  endfacet
  facet normal 0 0 -1
    outer loop
      vertex -12.9474 -13.6807 0
      vertex -8.81931 -9.55263 0
      vertex -12.9211 -13.7854 0
    endloop
  endfacet
  facet normal -0 0 -1
    outer loop
      vertex -8.7146 -9.57886 0
      vertex -12.9211 -13.7854 0
      vertex -8.81931 -9.55263 0
    endloop
  endfacet
  facet normal 0 0 -1
    outer loop
      vertex -8.39218 -9.5947 0
      vertex -12.9053 -14.1078 0
      vertex -8.5 -9.6 0
    endloop
  endfacet
  facet normal 0 0 -1
    outer loop
      vertex -12.9211 -13.7854 0
      vertex -8.7146 -9.57886 0
      vertex -12.9053 -13.8922 0
    endloop
  endfacet
  facet normal -0 0 -1
    outer loop
      vertex -8.60782 -9.5947 0
      vertex -12.9053 -13.8922 0
      vertex -8.7146 -9.57886 0
    endloop
  endfacet
  facet normal 0 0 -1
    outer loop
      vertex -12.9053 -13.8922 0
      vertex -8.60782 -9.5947 0
      vertex -12.9 -14 0
    endloop
  endfacet
  facet normal -0 0 -1
    outer loop
      vertex -8.5 -9.6 0
      vertex -12.9 -14 0
      vertex -8.60782 -9.5947 0
    endloop
  endfacet
  facet normal 0 -0 -1
    outer loop
      vertex -12.9 -14 0
      vertex -8.5 -9.6 0
      vertex -12.9053 -14.1078 0
    endloop
  endfacet
  facet normal 0 0 -1
    outer loop
      vertex -4 -10 0
      vertex -8.18069 -9.55263 0
      vertex -8.07905 -9.51627 0
    endloop
  endfacet
  facet normal 0 0 -1
    outer loop
      vertex -4 -10 0
      vertex -13.1497 -14.6978 0
      vertex -13.0854 -14.6111 0
    endloop
  endfacet
  facet normal 0 0 -1
    outer loop
      vertex -4 -10 0
      vertex -13.2222 -14.7778 0
      vertex -13.1497 -14.6978 0
    endloop
  endfacet
  facet normal 0 -0 -1
    outer loop
      vertex 4 -10 0
      vertex 13.2222 -14.7778 0
      vertex -13.2222 -14.7778 0
    endloop
  endfacet
  facet normal 0 0 -1
    outer loop
      vertex -17 -19 0
      vertex -13.3022 -14.8503 0
      vertex 17 -19 0
    endloop
  endfacet
  facet normal 0 0 -1
    outer loop
      vertex -13.3022 -14.8503 0
      vertex -17 -19 0
      vertex -13.3889 -14.9146 0
    endloop
  endfacet
  facet normal 0 0 -1
    outer loop
      vertex -13.3889 -14.9146 0
      vertex -17 -19 0
      vertex -13.4815 -14.9701 0
    endloop
  endfacet
  facet normal 0 0 -1
    outer loop
      vertex -13.4815 -14.9701 0
      vertex -17 -19 0
      vertex -13.579 -15.0163 0
    endloop
  endfacet
  facet normal 0 0 -1
    outer loop
      vertex -13.579 -15.0163 0
      vertex -17 -19 0
      vertex -13.6807 -15.0526 0
    endloop
  endfacet
  facet normal 0 0 -1
    outer loop
      vertex -13.6807 -15.0526 0
      vertex -17 -19 0
      vertex -13.7854 -15.0789 0
    endloop
  endfacet
  facet normal 0 0 -1
    outer loop
      vertex -13.7854 -15.0789 0
      vertex -17 -19 0
      vertex -13.8922 -15.0947 0
    endloop
  endfacet
  facet normal 0 0 -1
    outer loop
      vertex -13.8922 -15.0947 0
      vertex -17 -19 0
      vertex -14 -15.1 0
    endloop
  endfacet
  facet normal -0 0 -1
    outer loop
      vertex -15.0947 -14.1078 0
      vertex -19 -17 0
      vertex -15.1 -14 0
    endloop
  endfacet
  facet normal -0 0 -1
    outer loop
      vertex -15.0789 -14.2146 0
      vertex -19 -17 0
      vertex -15.0947 -14.1078 0
    endloop
  endfacet
  facet normal -0 0 -1
    outer loop
      vertex -15.0526 -14.3193 0
      vertex -19 -17 0
      vertex -15.0789 -14.2146 0
    endloop
  endfacet
  facet normal -0 0 -1
    outer loop
      vertex -15.0163 -14.421 0
      vertex -19 -17 0
      vertex -15.0526 -14.3193 0
    endloop
  endfacet
  facet normal -0 0 -1
    outer loop
      vertex -14.9701 -14.5185 0
      vertex -19 -17 0
      vertex -15.0163 -14.421 0
    endloop
  endfacet
  facet normal -0 0 -1
    outer loop
      vertex -14.9146 -14.6111 0
      vertex -19 -17 0
      vertex -14.9701 -14.5185 0
    endloop
  endfacet
  facet normal -0 0 -1
    outer loop
      vertex -14.8503 -14.6978 0
      vertex -19 -17 0
      vertex -14.9146 -14.6111 0
    endloop
  endfacet
  facet normal -0 0 -1
    outer loop
      vertex -14.7778 -14.7778 0
      vertex -19 -17 0
      vertex -14.8503 -14.6978 0
    endloop
  endfacet
  facet normal 0 0 -1
    outer loop
      vertex -19 -17 0
      vertex -14.7778 -14.7778 0
      vertex -17 -19 0
    endloop
  endfacet
  facet normal -0 0 -1
    outer loop
      vertex -14.6978 -14.8503 0
      vertex -17 -19 0
      vertex -14.7778 -14.7778 0
    endloop
  endfacet
  facet normal -0 0 -1
    outer loop
      vertex -14.6111 -14.9146 0
      vertex -17 -19 0
      vertex -14.6978 -14.8503 0
    endloop
  endfacet
  facet normal -0 0 -1
    outer loop
      vertex -14.5185 -14.9701 0
      vertex -17 -19 0
      vertex -14.6111 -14.9146 0
    endloop
  endfacet
  facet normal -0 0 -1
    outer loop
      vertex -14.421 -15.0163 0
      vertex -17 -19 0
      vertex -14.5185 -14.9701 0
    endloop
  endfacet
  facet normal -0 0 -1
    outer loop
      vertex -14.3193 -15.0526 0
      vertex -17 -19 0
      vertex -14.421 -15.0163 0
    endloop
  endfacet
  facet normal -0 0 -1
    outer loop
      vertex -14.2146 -15.0789 0
      vertex -17 -19 0
      vertex -14.3193 -15.0526 0
    endloop
  endfacet
  facet normal -0 0 -1
    outer loop
      vertex -14.1078 -15.0947 0
      vertex -17 -19 0
      vertex -14.2146 -15.0789 0
    endloop
  endfacet
  facet normal -0 0 -1
    outer loop
      vertex -14 -15.1 0
      vertex -17 -19 0
      vertex -14.1078 -15.0947 0
    endloop
  endfacet
  facet normal 0 0 -1
    outer loop
      vertex 18.546 18.2688 0
      vertex 17 19 0
      vertex 18.4142 18.4142 0
    endloop
  endfacet
  facet normal 0 0 -1
    outer loop
      vertex 18.4142 18.4142 0
      vertex 17 19 0
      vertex 18.2688 18.546 0
    endloop
  endfacet
  facet normal 0 0 -1
    outer loop
      vertex 18.2688 18.546 0
      vertex 17 19 0
      vertex 18.1111 18.6629 0
    endloop
  endfacet
  facet normal 0 0 -1
    outer loop
      vertex 18.1111 18.6629 0
      vertex 17 19 0
      vertex 17.9428 18.7638 0
    endloop
  endfacet
  facet normal 0 0 -1
    outer loop
      vertex 17.9428 18.7638 0
      vertex 17 19 0
      vertex 17.7654 18.8478 0
    endloop
  endfacet
  facet normal 0 0 -1
    outer loop
      vertex 17.7654 18.8478 0
      vertex 17 19 0
      vertex 17.5806 18.9139 0
    endloop
  endfacet
  facet normal 0 0 -1
    outer loop
      vertex 17.5806 18.9139 0
      vertex 17 19 0
      vertex 17.3902 18.9616 0
    endloop
  endfacet
  facet normal 0 0 -1
    outer loop
      vertex 17.3902 18.9616 0
      vertex 17 19 0
      vertex 17.196 18.9904 0
    endloop
  endfacet
  facet normal 0 0 -1
    outer loop
      vertex 18.8478 17.7654 0
      vertex 17 19 0
      vertex 18.7638 17.9428 0
    endloop
  endfacet
  facet normal 0 0 -1
    outer loop
      vertex 14.6978 14.8503 0
      vertex 17 19 0
      vertex 14.7778 14.7778 0
    endloop
  endfacet
  facet normal 0 0 -1
    outer loop
      vertex 14.6111 14.9146 0
      vertex 17 19 0
      vertex 14.6978 14.8503 0
    endloop
  endfacet
  facet normal 0 0 -1
    outer loop
      vertex 14.5185 14.9701 0
      vertex 17 19 0
      vertex 14.6111 14.9146 0
    endloop
  endfacet
  facet normal 0 0 -1
    outer loop
      vertex 14.421 15.0163 0
      vertex 17 19 0
      vertex 14.5185 14.9701 0
    endloop
  endfacet
  facet normal 0 0 -1
    outer loop
      vertex 14.3193 15.0526 0
      vertex 17 19 0
      vertex 14.421 15.0163 0
    endloop
  endfacet
  facet normal 0 0 -1
    outer loop
      vertex 14.2146 15.0789 0
      vertex 17 19 0
      vertex 14.3193 15.0526 0
    endloop
  endfacet
  facet normal 0 0 -1
    outer loop
      vertex 14.1078 15.0947 0
      vertex 17 19 0
      vertex 14.2146 15.0789 0
    endloop
  endfacet
  facet normal 0 0 -1
    outer loop
      vertex 14 15.1 0
      vertex 17 19 0
      vertex 14.1078 15.0947 0
    endloop
  endfacet
  facet normal 0 0 -1
    outer loop
      vertex 13.8922 15.0947 0
      vertex 17 19 0
      vertex 14 15.1 0
    endloop
  endfacet
  facet normal 0 0 -1
    outer loop
      vertex 13.7854 15.0789 0
      vertex 17 19 0
      vertex 13.8922 15.0947 0
    endloop
  endfacet
  facet normal 0 0 -1
    outer loop
      vertex 13.6807 15.0526 0
      vertex 17 19 0
      vertex 13.7854 15.0789 0
    endloop
  endfacet
  facet normal 0 0 -1
    outer loop
      vertex 13.579 15.0163 0
      vertex 17 19 0
      vertex 13.6807 15.0526 0
    endloop
  endfacet
  facet normal 0 0 -1
    outer loop
      vertex 13.4815 14.9701 0
      vertex 17 19 0
      vertex 13.579 15.0163 0
    endloop
  endfacet
  facet normal 0 0 -1
    outer loop
      vertex 4 19 0
      vertex 13.4815 14.9701 0
      vertex 13.3889 14.9146 0
    endloop
  endfacet
  facet normal 0 0 -1
    outer loop
      vertex 4 19 0
      vertex 13.3889 14.9146 0
      vertex 13.3022 14.8503 0
    endloop
  endfacet
  facet normal 0 0 -1
    outer loop
      vertex 4 19 0
      vertex 13.3022 14.8503 0
      vertex 13.2222 14.7778 0
    endloop
  endfacet
  facet normal 0 0 -1
    outer loop
      vertex 4 19 0
      vertex 13.2222 14.7778 0
      vertex 13.1497 14.6978 0
    endloop
  endfacet
  facet normal -0 0 -1
    outer loop
      vertex 13.3022 13.1497 0
      vertex 9.35031 9.19783 0
      vertex 13.2222 13.2222 0
    endloop
  endfacet
  facet normal 0 0 -1
    outer loop
      vertex 9.27782 9.27782 0
      vertex 13.2222 13.2222 0
      vertex 9.35031 9.19783 0
    endloop
  endfacet
  facet normal -0 0 -1
    outer loop
      vertex 13.2222 13.2222 0
      vertex 9.27782 9.27782 0
      vertex 13.1497 13.3022 0
    endloop
  endfacet
  facet normal 0 0 -1
    outer loop
      vertex 9.19783 9.35031 0
      vertex 13.1497 13.3022 0
      vertex 9.27782 9.27782 0
    endloop
  endfacet
  facet normal -0 0 -1
    outer loop
      vertex 13.1497 13.3022 0
      vertex 9.19783 9.35031 0
      vertex 13.0854 13.3889 0
    endloop
  endfacet
  facet normal 0 0 -1
    outer loop
      vertex 9.11113 9.41462 0
      vertex 13.0854 13.3889 0
      vertex 9.19783 9.35031 0
    endloop
  endfacet
  facet normal -0 0 -1
    outer loop
      vertex 13.0854 13.3889 0
      vertex 9.11113 9.41462 0
      vertex 13.0299 13.4815 0
    endloop
  endfacet
  facet normal 0 0 -1
    outer loop
      vertex 9.01854 9.47011 0
      vertex 13.0299 13.4815 0
      vertex 9.11113 9.41462 0
    endloop
  endfacet
  facet normal -0 0 -1
    outer loop
      vertex 13.0299 13.4815 0
      vertex 9.01854 9.47011 0
      vertex 12.9837 13.579 0
    endloop
  endfacet
  facet normal 0 0 -1
    outer loop
      vertex 8.92095 9.51627 0
      vertex 12.9837 13.579 0
      vertex 9.01854 9.47011 0
    endloop
  endfacet
  facet normal -0 0 -1
    outer loop
      vertex 12.9837 13.579 0
      vertex 8.92095 9.51627 0
      vertex 12.9474 13.6807 0
    endloop
  endfacet
  facet normal 0 0 -1
    outer loop
      vertex 8.81931 9.55263 0
      vertex 12.9474 13.6807 0
      vertex 8.92095 9.51627 0
    endloop
  endfacet
  facet normal -0 0 -1
    outer loop
      vertex 12.9474 13.6807 0
      vertex 8.81931 9.55263 0
      vertex 12.9211 13.7854 0
    endloop
  endfacet
  facet normal 0 0 -1
    outer loop
      vertex 8.7146 9.57886 0
      vertex 12.9211 13.7854 0
      vertex 8.81931 9.55263 0
    endloop
  endfacet
  facet normal -0 0 -1
    outer loop
      vertex 12.9211 13.7854 0
      vertex 8.7146 9.57886 0
      vertex 12.9053 13.8922 0
    endloop
  endfacet
  facet normal 0 0 -1
    outer loop
      vertex 8.60782 9.5947 0
      vertex 12.9053 13.8922 0
      vertex 8.7146 9.57886 0
    endloop
  endfacet
  facet normal -0 0 -1
    outer loop
      vertex 12.9053 13.8922 0
      vertex 8.60782 9.5947 0
      vertex 12.9 14 0
    endloop
  endfacet
  facet normal 0 0 -1
    outer loop
      vertex 8.5 9.6 0
      vertex 12.9 14 0
      vertex 8.60782 9.5947 0
    endloop
  endfacet
  facet normal -0 0 -1
    outer loop
      vertex 12.9 14 0
      vertex 8.5 9.6 0
      vertex 12.9053 14.1078 0
    endloop
  endfacet
  facet normal 0 0 -1
    outer loop
      vertex 8.39218 9.5947 0
      vertex 12.9053 14.1078 0
      vertex 8.5 9.6 0
    endloop
  endfacet
  facet normal -0 0 -1
    outer loop
      vertex 12.9053 14.1078 0
      vertex 8.39218 9.5947 0
      vertex 12.9211 14.2146 0
    endloop
  endfacet
  facet normal 0 0 -1
    outer loop
      vertex 4 19 0
      vertex 12.9211 14.2146 0
      vertex 8.39218 9.5947 0
    endloop
  endfacet
  facet normal 0 0 -1
    outer loop
      vertex 12.9211 14.2146 0
      vertex 4 19 0
      vertex 12.9474 14.3193 0
    endloop
  endfacet
  facet normal 0 0 -1
    outer loop
      vertex 12.9474 14.3193 0
      vertex 4 19 0
      vertex 12.9837 14.421 0
    endloop
  endfacet
  facet normal 0 0 -1
    outer loop
      vertex 12.9837 14.421 0
      vertex 4 19 0
      vertex 13.0299 14.5185 0
    endloop
  endfacet
  facet normal 0 0 -1
    outer loop
      vertex 13.0299 14.5185 0
      vertex 4 19 0
      vertex 13.0854 14.6111 0
    endloop
  endfacet
  facet normal 0 0 -1
    outer loop
      vertex 13.0854 14.6111 0
      vertex 4 19 0
      vertex 13.1497 14.6978 0
    endloop
  endfacet
  facet normal 0 0 -1
    outer loop
      vertex 4 19 0
      vertex 8.39218 9.5947 0
      vertex 8.2854 9.57886 0
    endloop
  endfacet
  facet normal 0 0 -1
    outer loop
      vertex 4 19 0
      vertex 8.2854 9.57886 0
      vertex 8.18069 9.55263 0
    endloop
  endfacet
  facet normal 0 0 -1
    outer loop
      vertex 4 10 0
      vertex 8.18069 9.55263 0
      vertex 8.07905 9.51627 0
    endloop
  endfacet
  facet normal 0 0 -1
    outer loop
      vertex 4 10 0
      vertex 8.07905 9.51627 0
      vertex 7.98146 9.47011 0
    endloop
  endfacet
  facet normal 0 0 -1
    outer loop
      vertex 4 10 0
      vertex 7.98146 9.47011 0
      vertex 7.88887 9.41462 0
    endloop
  endfacet
  facet normal 0 0 -1
    outer loop
      vertex 4 10 0
      vertex 7.88887 9.41462 0
      vertex 7.80217 9.35031 0
    endloop
  endfacet
  facet normal 0 0 -1
    outer loop
      vertex 4 10 0
      vertex 7.80217 9.35031 0
      vertex 7.72218 9.27782 0
    endloop
  endfacet
  facet normal 0 0 -1
    outer loop
      vertex 4 10 0
      vertex 7.4053 8.60782 0
      vertex 7.4 8.5 0
    endloop
  endfacet
  facet normal 0 0 -1
    outer loop
      vertex 4 10 0
      vertex 7.42114 8.7146 0
      vertex 7.4053 8.60782 0
    endloop
  endfacet
  facet normal 0 0 -1
    outer loop
      vertex 4 10 0
      vertex 7.44736 8.81931 0
      vertex 7.42114 8.7146 0
    endloop
  endfacet
  facet normal 0 0 -1
    outer loop
      vertex 4 10 0
      vertex 7.48373 8.92095 0
      vertex 7.44736 8.81931 0
    endloop
  endfacet
  facet normal 0 0 -1
    outer loop
      vertex 4 10 0
      vertex 7.52989 9.01854 0
      vertex 7.48373 8.92095 0
    endloop
  endfacet
  facet normal 0 0 -1
    outer loop
      vertex 4 10 0
      vertex 7.58538 9.11113 0
      vertex 7.52989 9.01854 0
    endloop
  endfacet
  facet normal 0 0 -1
    outer loop
      vertex 4 10 0
      vertex 7.64969 9.19783 0
      vertex 7.58538 9.11113 0
    endloop
  endfacet
  facet normal 0 0 -1
    outer loop
      vertex 4 10 0
      vertex 7.72218 9.27782 0
      vertex 7.64969 9.19783 0
    endloop
  endfacet
  facet normal 0 0 -1
    outer loop
      vertex 8.18069 9.55263 0
      vertex 4 10 0
      vertex 4 19 0
    endloop
  endfacet
  facet normal 0 0 -1
    outer loop
      vertex 13.4815 14.9701 0
      vertex 4 19 0
      vertex 17 19 0
    endloop
  endfacet
  facet normal 0 0 -1
    outer loop
      vertex 14.1078 -12.9053 0
      vertex 9.5947 -8.39218 0
      vertex 9.57886 -8.2854 0
    endloop
  endfacet
  facet normal 0 0 -1
    outer loop
      vertex 14.2146 -12.9211 0
      vertex 9.57886 -8.2854 0
      vertex 10 -4 0
    endloop
  endfacet
  facet normal 0 0 -1
    outer loop
      vertex 9.55263 -8.18069 0
      vertex 10 -4 0
      vertex 9.57886 -8.2854 0
    endloop
  endfacet
  facet normal 0 0 -1
    outer loop
      vertex 9.51627 -8.07905 0
      vertex 10 -4 0
      vertex 9.55263 -8.18069 0
    endloop
  endfacet
  facet normal 0 0 -1
    outer loop
      vertex 9.47011 -7.98146 0
      vertex 10 -4 0
      vertex 9.51627 -8.07905 0
    endloop
  endfacet
  facet normal 0 0 -1
    outer loop
      vertex 9.41462 -7.88887 0
      vertex 10 -4 0
      vertex 9.47011 -7.98146 0
    endloop
  endfacet
  facet normal 0 0 -1
    outer loop
      vertex 9.35031 -7.80217 0
      vertex 10 -4 0
      vertex 9.41462 -7.88887 0
    endloop
  endfacet
  facet normal 0 0 -1
    outer loop
      vertex 9.27782 -7.72218 0
      vertex 10 -4 0
      vertex 9.35031 -7.80217 0
    endloop
  endfacet
  facet normal 0 0 -1
    outer loop
      vertex 9.19783 -7.64969 0
      vertex 10 -4 0
      vertex 9.27782 -7.72218 0
    endloop
  endfacet
  facet normal 0 0 -1
    outer loop
      vertex 9.11113 -7.58538 0
      vertex 10 -4 0
      vertex 9.19783 -7.64969 0
    endloop
  endfacet
  facet normal 0 0 -1
    outer loop
      vertex 9.01854 -7.52989 0
      vertex 10 -4 0
      vertex 9.11113 -7.58538 0
    endloop
  endfacet
  facet normal 0 0 -1
    outer loop
      vertex 8.92095 -7.48373 0
      vertex 10 -4 0
      vertex 9.01854 -7.52989 0
    endloop
  endfacet
  facet normal 0 0 -1
    outer loop
      vertex 8.81931 -7.44736 0
      vertex 10 -4 0
      vertex 8.92095 -7.48373 0
    endloop
  endfacet
  facet normal 0 0 -1
    outer loop
      vertex 8.7146 -7.42114 0
      vertex 10 -4 0
      vertex 8.81931 -7.44736 0
    endloop
  endfacet
  facet normal 0 0 -1
    outer loop
      vertex 8.60782 -7.4053 0
      vertex 10 -4 0
      vertex 8.7146 -7.42114 0
    endloop
  endfacet
  facet normal 0 0 -1
    outer loop
      vertex 8.5 -7.4 0
      vertex 10 -4 0
      vertex 8.60782 -7.4053 0
    endloop
  endfacet
  facet normal 0 0 -1
    outer loop
      vertex 8.39218 -7.4053 0
      vertex 10 -4 0
      vertex 8.5 -7.4 0
    endloop
  endfacet
  facet normal 0 0 -1
    outer loop
      vertex 8.2854 -7.42114 0
      vertex 10 -4 0
      vertex 8.39218 -7.4053 0
    endloop
  endfacet
  facet normal 0 0 -1
    outer loop
      vertex 8.18069 -7.44736 0
      vertex 10 -4 0
      vertex 8.2854 -7.42114 0
    endloop
  endfacet
  facet normal 0 0 -1
    outer loop
      vertex 8.07905 -7.48373 0
      vertex 10 -4 0
      vertex 8.18069 -7.44736 0
    endloop
  endfacet
  facet normal 0 0 -1
    outer loop
      vertex 7.98146 -7.52989 0
      vertex 10 -4 0
      vertex 8.07905 -7.48373 0
    endloop
  endfacet
  facet normal 0 0 -1
    outer loop
      vertex 7.88887 -7.58538 0
      vertex 10 -4 0
      vertex 7.98146 -7.52989 0
    endloop
  endfacet
  facet normal 0 0 -1
    outer loop
      vertex 7.80217 -7.64969 0
      vertex 10 -4 0
      vertex 7.88887 -7.58538 0
    endloop
  endfacet
  facet normal 0 0 -1
    outer loop
      vertex 7.72218 -7.72218 0
      vertex 10 -4 0
      vertex 7.80217 -7.64969 0
    endloop
  endfacet
  facet normal 0 0 -1
    outer loop
      vertex 4 -10 0
      vertex 7.72218 -7.72218 0
      vertex 7.64969 -7.80217 0
    endloop
  endfacet
  facet normal 0 0 -1
    outer loop
      vertex 4 -10 0
      vertex 7.64969 -7.80217 0
      vertex 7.58538 -7.88887 0
    endloop
  endfacet
  facet normal -0 0 -1
    outer loop
      vertex 7.72218 -7.72218 0
      vertex 4 -10 0
      vertex 10 -4 0
    endloop
  endfacet
  facet normal -0 0 -1
    outer loop
      vertex 7.52989 -7.98146 0
      vertex 4 -10 0
      vertex 7.58538 -7.88887 0
    endloop
  endfacet
  facet normal -0 0 -1
    outer loop
      vertex 7.48373 -8.07905 0
      vertex 4 -10 0
      vertex 7.52989 -7.98146 0
    endloop
  endfacet
  facet normal -0 0 -1
    outer loop
      vertex 7.44736 -8.18069 0
      vertex 4 -10 0
      vertex 7.48373 -8.07905 0
    endloop
  endfacet
  facet normal -0 0 -1
    outer loop
      vertex 7.42114 -8.2854 0
      vertex 4 -10 0
      vertex 7.44736 -8.18069 0
    endloop
  endfacet
  facet normal -0 0 -1
    outer loop
      vertex 7.4053 -8.39218 0
      vertex 4 -10 0
      vertex 7.42114 -8.2854 0
    endloop
  endfacet
  facet normal 0 0 -1
    outer loop
      vertex 4 -10 0
      vertex 7.4053 -8.39218 0
      vertex 7.4 -8.5 0
    endloop
  endfacet
  facet normal 0.998803 -0.0489209 0
    outer loop
      vertex 18.9904 -17.196 6
      vertex 19 -17 0
      vertex 19 -17 6
    endloop
  endfacet
  facet normal 0.998803 -0.0489209 0
    outer loop
      vertex 19 -17 0
      vertex 18.9904 -17.196 6
      vertex 18.9904 -17.196 0
    endloop
  endfacet
  facet normal 0.9038 -0.427955 0
    outer loop
      vertex 18.7638 -17.9428 6
      vertex 18.8478 -17.7654 0
      vertex 18.8478 -17.7654 6
    endloop
  endfacet
  facet normal 0.9038 -0.427955 0
    outer loop
      vertex 18.8478 -17.7654 0
      vertex 18.7638 -17.9428 6
      vertex 18.7638 -17.9428 0
    endloop
  endfacet
  facet normal 0.740908 -0.671607 0
    outer loop
      vertex 18.4142 -18.4142 6
      vertex 18.546 -18.2688 0
      vertex 18.546 -18.2688 6
    endloop
  endfacet
  facet normal 0.740908 -0.671607 0
    outer loop
      vertex 18.546 -18.2688 0
      vertex 18.4142 -18.4142 6
      vertex 18.4142 -18.4142 0
    endloop
  endfacet
  facet normal 0.595508 -0.80335 0
    outer loop
      vertex 18.1111 -18.6629 0
      vertex 18.2688 -18.546 6
      vertex 18.1111 -18.6629 6
    endloop
  endfacet
  facet normal 0.595508 -0.80335 0
    outer loop
      vertex 18.2688 -18.546 6
      vertex 18.1111 -18.6629 0
      vertex 18.2688 -18.546 0
    endloop
  endfacet
  facet normal 0.427955 -0.9038 0
    outer loop
      vertex 17.7654 -18.8478 0
      vertex 17.9428 -18.7638 6
      vertex 17.7654 -18.8478 6
    endloop
  endfacet
  facet normal 0.427955 -0.9038 0
    outer loop
      vertex 17.9428 -18.7638 6
      vertex 17.7654 -18.8478 0
      vertex 17.9428 -18.7638 0
    endloop
  endfacet
  facet normal 0.336788 -0.94158 0
    outer loop
      vertex 17.5806 -18.9139 0
      vertex 17.7654 -18.8478 6
      vertex 17.5806 -18.9139 6
    endloop
  endfacet
  facet normal 0.336788 -0.94158 0
    outer loop
      vertex 17.7654 -18.8478 6
      vertex 17.5806 -18.9139 0
      vertex 17.7654 -18.8478 0
    endloop
  endfacet
  facet normal -0.243015 0.970023 0
    outer loop
      vertex -17.3902 18.9616 0
      vertex -17.5806 18.9139 6
      vertex -17.3902 18.9616 6
    endloop
  endfacet
  facet normal -0.243015 0.970023 0
    outer loop
      vertex -17.5806 18.9139 6
      vertex -17.3902 18.9616 0
      vertex -17.5806 18.9139 0
    endloop
  endfacet
  facet normal -0.146696 0.989182 0
    outer loop
      vertex -17.196 18.9904 0
      vertex -17.3902 18.9616 6
      vertex -17.196 18.9904 6
    endloop
  endfacet
  facet normal -0.146696 0.989182 0
    outer loop
      vertex -17.3902 18.9616 6
      vertex -17.196 18.9904 0
      vertex -17.3902 18.9616 0
    endloop
  endfacet
  facet normal -0.707107 -0.707107 0
    outer loop
      vertex 10 4 0
      vertex 4 10 6
      vertex 4 10 0
    endloop
  endfacet
  facet normal -0.707107 -0.707107 0
    outer loop
      vertex 4 10 6
      vertex 10 4 0
      vertex 10 4 6
    endloop
  endfacet
  facet normal 1 -0 0
    outer loop
      vertex -10 -4 6
      vertex -10 4 0
      vertex -10 4 6
    endloop
  endfacet
  facet normal 1 0 0
    outer loop
      vertex -10 4 0
      vertex -10 -4 6
      vertex -10 -4 0
    endloop
  endfacet
  facet normal -1 0 0
    outer loop
      vertex 10 -4 0
      vertex 10 4 6
      vertex 10 4 0
    endloop
  endfacet
  facet normal -1 -0 0
    outer loop
      vertex 10 4 6
      vertex 10 -4 0
      vertex 10 -4 6
    endloop
  endfacet
  facet normal 0.707107 0.707107 0
    outer loop
      vertex -4 -10 6
      vertex -10 -4 0
      vertex -10 -4 6
    endloop
  endfacet
  facet normal 0.707107 0.707107 0
    outer loop
      vertex -10 -4 0
      vertex -4 -10 6
      vertex -4 -10 0
    endloop
  endfacet
  facet normal -0.707107 0.707107 0
    outer loop
      vertex 4 -10 0
      vertex 10 -4 6
      vertex 10 -4 0
    endloop
  endfacet
  facet normal -0.707107 0.707107 0
    outer loop
      vertex 10 -4 6
      vertex 4 -10 0
      vertex 4 -10 6
    endloop
  endfacet
  facet normal 0.707107 -0.707107 0
    outer loop
      vertex -10 4 6
      vertex -4 10 0
      vertex -4 10 6
    endloop
  endfacet
  facet normal 0.707107 -0.707107 0
    outer loop
      vertex -4 10 0
      vertex -10 4 6
      vertex -10 4 0
    endloop
  endfacet
  facet normal 0 1 -0
    outer loop
      vertex 4 -10 0
      vertex -4 -10 6
      vertex 4 -10 6
    endloop
  endfacet
  facet normal 0 1 0
    outer loop
      vertex -4 -10 6
      vertex 4 -10 0
      vertex -4 -10 0
    endloop
  endfacet
  facet normal 1 -0 0
    outer loop
      vertex -4 10 6
      vertex -4 19 0
      vertex -4 19 6
    endloop
  endfacet
  facet normal 1 0 0
    outer loop
      vertex -4 19 0
      vertex -4 10 6
      vertex -4 10 0
    endloop
  endfacet
  facet normal -1 0 0
    outer loop
      vertex 4 10 0
      vertex 4 19 6
      vertex 4 19 0
    endloop
  endfacet
  facet normal -1 -0 0
    outer loop
      vertex 4 19 6
      vertex 4 10 0
      vertex 4 10 6
    endloop
  endfacet
endsolid OpenSCAD_Model
