solid OpenSCAD_Model
  facet normal -1 0 0
    outer loop
      vertex -7.975 -5.86301 0
      vertex -7.975 -5.1 6
      vertex -7.975 -5.1 0
    endloop
  endfacet
  facet normal -1 -0 0
    outer loop
      vertex -7.975 -5.1 6
      vertex -7.975 -5.86301 0
      vertex -7.975 -5.86301 6
    endloop
  endfacet
  facet normal 0 0 1
    outer loop
      vertex -7.975 -5.86301 6
      vertex -11.8555 -9.38728 6
      vertex -11.85 -9.5 6
    endloop
  endfacet
  facet normal 0 0 1
    outer loop
      vertex -7.975 -5.86301 6
      vertex -11.8721 -9.27565 6
      vertex -11.8555 -9.38728 6
    endloop
  endfacet
  facet normal 0 0 1
    outer loop
      vertex -7.975 -5.86301 6
      vertex -11.8995 -9.16617 6
      vertex -11.8721 -9.27565 6
    endloop
  endfacet
  facet normal 0 0 1
    outer loop
      vertex -7.975 -5.86301 6
      vertex -11.9375 -9.05991 6
      vertex -11.8995 -9.16617 6
    endloop
  endfacet
  facet normal 0 0 1
    outer loop
      vertex -7.975 -5.86301 6
      vertex -11.9858 -8.95789 6
      vertex -11.9375 -9.05991 6
    endloop
  endfacet
  facet normal 0 0 1
    outer loop
      vertex -7.975 -5.86301 6
      vertex -12.0438 -8.86109 6
      vertex -11.9858 -8.95789 6
    endloop
  endfacet
  facet normal 0 0 1
    outer loop
      vertex -7.975 -5.86301 6
      vertex -12.111 -8.77045 6
      vertex -12.0438 -8.86109 6
    endloop
  endfacet
  facet normal 0 0 1
    outer loop
      vertex -7.975 -5.86301 6
      vertex -12.1868 -8.68683 6
      vertex -12.111 -8.77045 6
    endloop
  endfacet
  facet normal 0 0 1
    outer loop
      vertex -7.975 -5.86301 6
      vertex -12.2704 -8.61104 6
      vertex -12.1868 -8.68683 6
    endloop
  endfacet
  facet normal -0 0 1
    outer loop
      vertex -13.2941 -6.51445 6
      vertex -12.2704 -8.61104 6
      vertex -7.975 -5.86301 6
    endloop
  endfacet
  facet normal 0 0 1
    outer loop
      vertex -12.2704 -8.61104 6
      vertex -13.2941 -6.51445 6
      vertex -12.3611 -8.54381 6
    endloop
  endfacet
  facet normal 0 0 1
    outer loop
      vertex -12.3611 -8.54381 6
      vertex -13.2941 -6.51445 6
      vertex -12.4579 -8.48579 6
    endloop
  endfacet
  facet normal 0 0 1
    outer loop
      vertex -12.4579 -8.48579 6
      vertex -13.2941 -6.51445 6
      vertex -12.5599 -8.43754 6
    endloop
  endfacet
  facet normal 0 0 1
    outer loop
      vertex -12.5599 -8.43754 6
      vertex -13.2941 -6.51445 6
      vertex -12.6662 -8.39952 6
    endloop
  endfacet
  facet normal 0 0 1
    outer loop
      vertex -12.6662 -8.39952 6
      vertex -13.2941 -6.51445 6
      vertex -12.7756 -8.3721 6
    endloop
  endfacet
  facet normal 0 0 1
    outer loop
      vertex -12.7756 -8.3721 6
      vertex -13.2941 -6.51445 6
      vertex -12.8873 -8.35554 6
    endloop
  endfacet
  facet normal 0 0 1
    outer loop
      vertex -12.8873 -8.35554 6
      vertex -13.2941 -6.51445 6
      vertex -13 -8.35 6
    endloop
  endfacet
  facet normal 0 0 1
    outer loop
      vertex -13 -8.35 6
      vertex -13.2941 -6.51445 6
      vertex -13.1127 -8.35554 6
    endloop
  endfacet
  facet normal 0 0 1
    outer loop
      vertex -13.1127 -8.35554 6
      vertex -13.2941 -6.51445 6
      vertex -13.2244 -8.3721 6
    endloop
  endfacet
  facet normal -0 0 1
    outer loop
      vertex -13.5853 -6.55764 6
      vertex -13.2244 -8.3721 6
      vertex -13.2941 -6.51445 6
    endloop
  endfacet
  facet normal 0 0 1
    outer loop
      vertex -13.2244 -8.3721 6
      vertex -13.5853 -6.55764 6
      vertex -13.3338 -8.39952 6
    endloop
  endfacet
  facet normal -0 0 1
    outer loop
      vertex -13.8709 -6.62918 6
      vertex -13.3338 -8.39952 6
      vertex -13.5853 -6.55764 6
    endloop
  endfacet
  facet normal 0 0 1
    outer loop
      vertex -13.3338 -8.39952 6
      vertex -13.8709 -6.62918 6
      vertex -13.4401 -8.43754 6
    endloop
  endfacet
  facet normal -0 0 1
    outer loop
      vertex -14.148 -6.72836 6
      vertex -13.4401 -8.43754 6
      vertex -13.8709 -6.62918 6
    endloop
  endfacet
  facet normal 0 0 1
    outer loop
      vertex -13.4401 -8.43754 6
      vertex -14.148 -6.72836 6
      vertex -13.5421 -8.48579 6
    endloop
  endfacet
  facet normal -0 0 1
    outer loop
      vertex -14.4142 -6.85424 6
      vertex -13.5421 -8.48579 6
      vertex -14.148 -6.72836 6
    endloop
  endfacet
  facet normal 0 0 1
    outer loop
      vertex -13.5421 -8.48579 6
      vertex -14.4142 -6.85424 6
      vertex -13.6389 -8.54381 6
    endloop
  endfacet
  facet normal -0 0 1
    outer loop
      vertex -14.6667 -7.00559 6
      vertex -13.6389 -8.54381 6
      vertex -14.4142 -6.85424 6
    endloop
  endfacet
  facet normal 0 0 1
    outer loop
      vertex -13.6389 -8.54381 6
      vertex -14.6667 -7.00559 6
      vertex -13.7296 -8.61104 6
    endloop
  endfacet
  facet normal -0 0 1
    outer loop
      vertex -14.9032 -7.18097 6
      vertex -13.7296 -8.61104 6
      vertex -14.6667 -7.00559 6
    endloop
  endfacet
  facet normal 0 0 1
    outer loop
      vertex -13.7296 -8.61104 6
      vertex -14.9032 -7.18097 6
      vertex -13.8132 -8.68683 6
    endloop
  endfacet
  facet normal -0 0 1
    outer loop
      vertex -15.1213 -7.37868 6
      vertex -13.8132 -8.68683 6
      vertex -14.9032 -7.18097 6
    endloop
  endfacet
  facet normal 0 0 1
    outer loop
      vertex -13.8132 -8.68683 6
      vertex -15.1213 -7.37868 6
      vertex -13.889 -8.77045 6
    endloop
  endfacet
  facet normal -0 0 1
    outer loop
      vertex -15.319 -7.59682 6
      vertex -13.889 -8.77045 6
      vertex -15.1213 -7.37868 6
    endloop
  endfacet
  facet normal 0 0 1
    outer loop
      vertex -13.889 -8.77045 6
      vertex -15.319 -7.59682 6
      vertex -13.9562 -8.86109 6
    endloop
  endfacet
  facet normal -0 0 1
    outer loop
      vertex -15.4944 -7.83329 6
      vertex -13.9562 -8.86109 6
      vertex -15.319 -7.59682 6
    endloop
  endfacet
  facet normal 0 0 1
    outer loop
      vertex -13.9562 -8.86109 6
      vertex -15.4944 -7.83329 6
      vertex -14.0142 -8.95789 6
    endloop
  endfacet
  facet normal -0 0 1
    outer loop
      vertex 5.03237 7.6 6
      vertex 5.5 7.3 6
      vertex 5.5 7.6 6
    endloop
  endfacet
  facet normal 0 0 1
    outer loop
      vertex 5.5 7.3 6
      vertex 5.03237 7.6 6
      vertex 5.5 5.1 6
    endloop
  endfacet
  facet normal 0 0 1
    outer loop
      vertex -1.5 5.07 6
      vertex 5.5 5.1 6
      vertex 5.03237 7.6 6
    endloop
  endfacet
  facet normal 0 0 1
    outer loop
      vertex 5.5 5.1 6
      vertex -1.5 5.07 6
      vertex 5.5 -5.1 6
    endloop
  endfacet
  facet normal -0 0 1
    outer loop
      vertex -1.5 -5.07 6
      vertex 5.5 -5.1 6
      vertex -1.5 5.07 6
    endloop
  endfacet
  facet normal 0 0 1
    outer loop
      vertex 5.5 -7.3 6
      vertex 5.03237 -7.6 6
      vertex 5.5 -7.6 6
    endloop
  endfacet
  facet normal 0 -0 1
    outer loop
      vertex 5.03237 -7.6 6
      vertex 5.5 -5.1 6
      vertex -1.5 -5.07 6
    endloop
  endfacet
  facet normal 0 0 1
    outer loop
      vertex 5.03237 7.6 6
      vertex -1.74495 5.1 6
      vertex -1.5 5.07 6
    endloop
  endfacet
  facet normal 0 0 1
    outer loop
      vertex -12.1291 12.3708 6
      vertex -1.74495 5.1 6
      vertex 5.03237 7.6 6
    endloop
  endfacet
  facet normal 0 0 1
    outer loop
      vertex -1.74495 5.1 6
      vertex -12.1291 12.3708 6
      vertex -7.975 5.86301 6
    endloop
  endfacet
  facet normal 0 0 1
    outer loop
      vertex -7.975 5.86301 6
      vertex -11.8555 9.61272 6
      vertex -11.85 9.5 6
    endloop
  endfacet
  facet normal 0 0 1
    outer loop
      vertex -7.975 5.86301 6
      vertex -11.8721 9.72435 6
      vertex -11.8555 9.61272 6
    endloop
  endfacet
  facet normal 0 0 1
    outer loop
      vertex -7.975 5.86301 6
      vertex -11.8995 9.83383 6
      vertex -11.8721 9.72435 6
    endloop
  endfacet
  facet normal 0 0 1
    outer loop
      vertex -7.975 5.86301 6
      vertex -12.1291 12.3708 6
      vertex -11.8995 9.83383 6
    endloop
  endfacet
  facet normal 0 0 1
    outer loop
      vertex -11.8995 9.83383 6
      vertex -12.1291 12.3708 6
      vertex -11.9375 9.94009 6
    endloop
  endfacet
  facet normal 0 0 1
    outer loop
      vertex -11.9375 9.94009 6
      vertex -12.1291 12.3708 6
      vertex -11.9858 10.0421 6
    endloop
  endfacet
  facet normal 0 0 1
    outer loop
      vertex -11.9858 10.0421 6
      vertex -12.1291 12.3708 6
      vertex -12.0438 10.1389 6
    endloop
  endfacet
  facet normal 0 0 1
    outer loop
      vertex -12.0438 10.1389 6
      vertex -12.1291 12.3708 6
      vertex -12.111 10.2296 6
    endloop
  endfacet
  facet normal 0 0 1
    outer loop
      vertex -12.1291 12.3708 6
      vertex -12.1868 10.3132 6
      vertex -12.111 10.2296 6
    endloop
  endfacet
  facet normal 0 0 1
    outer loop
      vertex -12.1291 12.3708 6
      vertex -12.2704 10.389 6
      vertex -12.1868 10.3132 6
    endloop
  endfacet
  facet normal 0 0 1
    outer loop
      vertex -12.1291 12.3708 6
      vertex -12.3611 10.4562 6
      vertex -12.2704 10.389 6
    endloop
  endfacet
  facet normal 0 0 1
    outer loop
      vertex -12.6662 10.6005 6
      vertex -12.1291 12.3708 6
      vertex -12.4147 12.4424 6
    endloop
  endfacet
  facet normal 0 0 1
    outer loop
      vertex -12.1291 12.3708 6
      vertex -12.4579 10.5142 6
      vertex -12.3611 10.4562 6
    endloop
  endfacet
  facet normal 0 0 1
    outer loop
      vertex -12.1291 12.3708 6
      vertex -12.5599 10.5625 6
      vertex -12.4579 10.5142 6
    endloop
  endfacet
  facet normal 0 0 1
    outer loop
      vertex -12.1291 12.3708 6
      vertex -12.6662 10.6005 6
      vertex -12.5599 10.5625 6
    endloop
  endfacet
  facet normal 0 0 1
    outer loop
      vertex -12.7756 10.6279 6
      vertex -12.4147 12.4424 6
      vertex -12.7059 12.4856 6
    endloop
  endfacet
  facet normal 0 0 1
    outer loop
      vertex -12.4147 12.4424 6
      vertex -12.7756 10.6279 6
      vertex -12.6662 10.6005 6
    endloop
  endfacet
  facet normal 0 0 1
    outer loop
      vertex -12.7059 12.4856 6
      vertex -12.8873 10.6445 6
      vertex -12.7756 10.6279 6
    endloop
  endfacet
  facet normal 0 0 1
    outer loop
      vertex -13 12.5 6
      vertex -12.8873 10.6445 6
      vertex -12.7059 12.4856 6
    endloop
  endfacet
  facet normal 0 0 1
    outer loop
      vertex -13 12.5 6
      vertex -13 10.65 6
      vertex -12.8873 10.6445 6
    endloop
  endfacet
  facet normal 0 0 1
    outer loop
      vertex -13 12.5 6
      vertex -13.1127 10.6445 6
      vertex -13 10.65 6
    endloop
  endfacet
  facet normal -0 0 1
    outer loop
      vertex -13.2941 12.4856 6
      vertex -13.1127 10.6445 6
      vertex -13 12.5 6
    endloop
  endfacet
  facet normal 0 0 1
    outer loop
      vertex -13.1127 10.6445 6
      vertex -13.2941 12.4856 6
      vertex -13.2244 10.6279 6
    endloop
  endfacet
  facet normal -0 0 1
    outer loop
      vertex -13.5853 12.4424 6
      vertex -13.2244 10.6279 6
      vertex -13.2941 12.4856 6
    endloop
  endfacet
  facet normal 0 0 1
    outer loop
      vertex -13.2244 10.6279 6
      vertex -13.5853 12.4424 6
      vertex -13.3338 10.6005 6
    endloop
  endfacet
  facet normal -0 0 1
    outer loop
      vertex -13.8709 12.3708 6
      vertex -13.3338 10.6005 6
      vertex -13.5853 12.4424 6
    endloop
  endfacet
  facet normal 0 0 1
    outer loop
      vertex -13.3338 10.6005 6
      vertex -13.8709 12.3708 6
      vertex -13.4401 10.5625 6
    endloop
  endfacet
  facet normal -0 0 1
    outer loop
      vertex -14.148 12.2716 6
      vertex -13.4401 10.5625 6
      vertex -13.8709 12.3708 6
    endloop
  endfacet
  facet normal 0 0 1
    outer loop
      vertex -13.4401 10.5625 6
      vertex -14.148 12.2716 6
      vertex -13.5421 10.5142 6
    endloop
  endfacet
  facet normal -0 0 1
    outer loop
      vertex -14.4142 12.1458 6
      vertex -13.5421 10.5142 6
      vertex -14.148 12.2716 6
    endloop
  endfacet
  facet normal 0 0 1
    outer loop
      vertex -13.5421 10.5142 6
      vertex -14.4142 12.1458 6
      vertex -13.6389 10.4562 6
    endloop
  endfacet
  facet normal -0 0 1
    outer loop
      vertex -14.6667 11.9944 6
      vertex -13.6389 10.4562 6
      vertex -14.4142 12.1458 6
    endloop
  endfacet
  facet normal 0 0 1
    outer loop
      vertex -13.6389 10.4562 6
      vertex -14.6667 11.9944 6
      vertex -13.7296 10.389 6
    endloop
  endfacet
  facet normal -0 0 1
    outer loop
      vertex -14.9032 11.819 6
      vertex -13.7296 10.389 6
      vertex -14.6667 11.9944 6
    endloop
  endfacet
  facet normal 0 0 1
    outer loop
      vertex -13.7296 10.389 6
      vertex -14.9032 11.819 6
      vertex -13.8132 10.3132 6
    endloop
  endfacet
  facet normal -0 0 1
    outer loop
      vertex -15.1213 11.6213 6
      vertex -13.8132 10.3132 6
      vertex -14.9032 11.819 6
    endloop
  endfacet
  facet normal 0 0 1
    outer loop
      vertex -13.8132 10.3132 6
      vertex -15.1213 11.6213 6
      vertex -13.889 10.2296 6
    endloop
  endfacet
  facet normal -0 0 1
    outer loop
      vertex -15.319 11.4032 6
      vertex -13.889 10.2296 6
      vertex -15.1213 11.6213 6
    endloop
  endfacet
  facet normal 0 0 1
    outer loop
      vertex -13.889 10.2296 6
      vertex -15.319 11.4032 6
      vertex -13.9562 10.1389 6
    endloop
  endfacet
  facet normal -0 0 1
    outer loop
      vertex -15.4944 11.1667 6
      vertex -13.9562 10.1389 6
      vertex -15.319 11.4032 6
    endloop
  endfacet
  facet normal 0 0 1
    outer loop
      vertex -13.9562 10.1389 6
      vertex -15.4944 11.1667 6
      vertex -14.0142 10.0421 6
    endloop
  endfacet
  facet normal -0 0 1
    outer loop
      vertex 5.5 7.3 6
      vertex 11.575 5.1 6
      vertex 11.575 7.3 6
    endloop
  endfacet
  facet normal 0 0 1
    outer loop
      vertex 11.575 5.1 6
      vertex 5.5 7.3 6
      vertex 5.5 5.1 6
    endloop
  endfacet
  facet normal -0 0 1
    outer loop
      vertex 5.5 -5.1 6
      vertex 11.575 -7.3 6
      vertex 11.575 -5.1 6
    endloop
  endfacet
  facet normal 0 0 1
    outer loop
      vertex 11.575 -7.3 6
      vertex 5.5 -5.1 6
      vertex 5.5 -7.3 6
    endloop
  endfacet
  facet normal 0 0 1
    outer loop
      vertex 17.65 -9.5 6
      vertex 19.5 -9.5 6
      vertex 19.4856 -9.20595 6
    endloop
  endfacet
  facet normal 0 0 1
    outer loop
      vertex 17.6445 -9.38728 6
      vertex 19.4856 -9.20595 6
      vertex 19.4424 -8.91473 6
    endloop
  endfacet
  facet normal 0 0 1
    outer loop
      vertex 19.5 -9.5 6
      vertex 17.65 -9.5 6
      vertex 19.4856 -9.79405 6
    endloop
  endfacet
  facet normal 0 0 1
    outer loop
      vertex 17.6279 -9.27565 6
      vertex 19.4424 -8.91473 6
      vertex 19.3708 -8.62915 6
    endloop
  endfacet
  facet normal -0 0 1
    outer loop
      vertex 17.6445 -9.61272 6
      vertex 19.4856 -9.79405 6
      vertex 17.65 -9.5 6
    endloop
  endfacet
  facet normal 0 0 1
    outer loop
      vertex 17.6005 -9.16617 6
      vertex 19.3708 -8.62915 6
      vertex 19.2716 -8.35195 6
    endloop
  endfacet
  facet normal 0 0 1
    outer loop
      vertex 19.4856 -9.79405 6
      vertex 17.6445 -9.61272 6
      vertex 19.4424 -10.0853 6
    endloop
  endfacet
  facet normal 0 0 1
    outer loop
      vertex 17.5625 -9.05991 6
      vertex 19.2716 -8.35195 6
      vertex 19.1458 -8.08581 6
    endloop
  endfacet
  facet normal -0 0 1
    outer loop
      vertex 17.6279 -9.72435 6
      vertex 19.4424 -10.0853 6
      vertex 17.6445 -9.61272 6
    endloop
  endfacet
  facet normal 0 0 1
    outer loop
      vertex 17.5142 -8.95789 6
      vertex 19.1458 -8.08581 6
      vertex 18.9944 -7.83329 6
    endloop
  endfacet
  facet normal 0 0 1
    outer loop
      vertex 19.4424 -10.0853 6
      vertex 17.6279 -9.72435 6
      vertex 19.3708 -10.3709 6
    endloop
  endfacet
  facet normal 0 0 1
    outer loop
      vertex 17.4562 -8.86109 6
      vertex 18.9944 -7.83329 6
      vertex 18.819 -7.59682 6
    endloop
  endfacet
  facet normal -0 0 1
    outer loop
      vertex 17.6005 -9.83383 6
      vertex 19.3708 -10.3709 6
      vertex 17.6279 -9.72435 6
    endloop
  endfacet
  facet normal 0 0 1
    outer loop
      vertex 17.389 -8.77045 6
      vertex 18.819 -7.59682 6
      vertex 18.6213 -7.37868 6
    endloop
  endfacet
  facet normal 0 0 1
    outer loop
      vertex 19.3708 -10.3709 6
      vertex 17.6005 -9.83383 6
      vertex 19.2716 -10.648 6
    endloop
  endfacet
  facet normal 0 0 1
    outer loop
      vertex 17.3132 -8.68683 6
      vertex 18.6213 -7.37868 6
      vertex 18.4032 -7.18097 6
    endloop
  endfacet
  facet normal -0 0 1
    outer loop
      vertex 17.5625 -9.94009 6
      vertex 19.2716 -10.648 6
      vertex 17.6005 -9.83383 6
    endloop
  endfacet
  facet normal 0 0 1
    outer loop
      vertex 17.2296 -8.61104 6
      vertex 18.4032 -7.18097 6
      vertex 18.1667 -7.00559 6
    endloop
  endfacet
  facet normal 0 0 1
    outer loop
      vertex 19.2716 -10.648 6
      vertex 17.5625 -9.94009 6
      vertex 19.1458 -10.9142 6
    endloop
  endfacet
  facet normal 0 0 1
    outer loop
      vertex 17.1389 -8.54381 6
      vertex 18.1667 -7.00559 6
      vertex 17.9142 -6.85424 6
    endloop
  endfacet
  facet normal -0 0 1
    outer loop
      vertex 17.5142 -10.0421 6
      vertex 19.1458 -10.9142 6
      vertex 17.5625 -9.94009 6
    endloop
  endfacet
  facet normal 0 0 1
    outer loop
      vertex 19.1458 -10.9142 6
      vertex 17.5142 -10.0421 6
      vertex 18.9944 -11.1667 6
    endloop
  endfacet
  facet normal 0 0 1
    outer loop
      vertex 17.0421 -8.48579 6
      vertex 17.9142 -6.85424 6
      vertex 17.648 -6.72836 6
    endloop
  endfacet
  facet normal 0 0 1
    outer loop
      vertex 19.4856 -9.20595 6
      vertex 17.6445 -9.38728 6
      vertex 17.65 -9.5 6
    endloop
  endfacet
  facet normal 0 0 1
    outer loop
      vertex 19.4424 -8.91473 6
      vertex 17.6279 -9.27565 6
      vertex 17.6445 -9.38728 6
    endloop
  endfacet
  facet normal 0 0 1
    outer loop
      vertex 19.3708 -8.62915 6
      vertex 17.6005 -9.16617 6
      vertex 17.6279 -9.27565 6
    endloop
  endfacet
  facet normal 0 0 1
    outer loop
      vertex 19.2716 -8.35195 6
      vertex 17.5625 -9.05991 6
      vertex 17.6005 -9.16617 6
    endloop
  endfacet
  facet normal 0 0 1
    outer loop
      vertex 19.1458 -8.08581 6
      vertex 17.5142 -8.95789 6
      vertex 17.5625 -9.05991 6
    endloop
  endfacet
  facet normal 0 0 1
    outer loop
      vertex 18.9944 -7.83329 6
      vertex 17.4562 -8.86109 6
      vertex 17.5142 -8.95789 6
    endloop
  endfacet
  facet normal 0 0 1
    outer loop
      vertex 18.819 -7.59682 6
      vertex 17.389 -8.77045 6
      vertex 17.4562 -8.86109 6
    endloop
  endfacet
  facet normal 0 0 1
    outer loop
      vertex 18.6213 -7.37868 6
      vertex 17.3132 -8.68683 6
      vertex 17.389 -8.77045 6
    endloop
  endfacet
  facet normal 0 0 1
    outer loop
      vertex 18.4032 -7.18097 6
      vertex 17.2296 -8.61104 6
      vertex 17.3132 -8.68683 6
    endloop
  endfacet
  facet normal 0 0 1
    outer loop
      vertex 18.1667 -7.00559 6
      vertex 17.1389 -8.54381 6
      vertex 17.2296 -8.61104 6
    endloop
  endfacet
  facet normal 0 0 1
    outer loop
      vertex 17.9142 -6.85424 6
      vertex 17.0421 -8.48579 6
      vertex 17.1389 -8.54381 6
    endloop
  endfacet
  facet normal 0 0 1
    outer loop
      vertex 17.648 -6.72836 6
      vertex 16.9401 -8.43754 6
      vertex 17.0421 -8.48579 6
    endloop
  endfacet
  facet normal 0 0 1
    outer loop
      vertex 17.648 -6.72836 6
      vertex 16.8338 -8.39952 6
      vertex 16.9401 -8.43754 6
    endloop
  endfacet
  facet normal 0 0 1
    outer loop
      vertex 17.648 -6.72836 6
      vertex 16.7244 -8.3721 6
      vertex 16.8338 -8.39952 6
    endloop
  endfacet
  facet normal 0 0 1
    outer loop
      vertex 17.648 -6.72836 6
      vertex 16.6127 -8.35554 6
      vertex 16.7244 -8.3721 6
    endloop
  endfacet
  facet normal 0 0 1
    outer loop
      vertex 17.648 -6.72836 6
      vertex 16.5 -8.35 6
      vertex 16.6127 -8.35554 6
    endloop
  endfacet
  facet normal 0 0 1
    outer loop
      vertex 17.648 -6.72836 6
      vertex 16.3873 -8.35554 6
      vertex 16.5 -8.35 6
    endloop
  endfacet
  facet normal 0 0 1
    outer loop
      vertex 17.648 -6.72836 6
      vertex 16.2756 -8.3721 6
      vertex 16.3873 -8.35554 6
    endloop
  endfacet
  facet normal 0 0 1
    outer loop
      vertex 17.648 -6.72836 6
      vertex 16.1662 -8.39952 6
      vertex 16.2756 -8.3721 6
    endloop
  endfacet
  facet normal 0 0 1
    outer loop
      vertex 13.975 -5.07 6
      vertex 16.1662 -8.39952 6
      vertex 17.648 -6.72836 6
    endloop
  endfacet
  facet normal 0 0 1
    outer loop
      vertex 16.1662 -8.39952 6
      vertex 13.975 -5.07 6
      vertex 16.0599 -8.43754 6
    endloop
  endfacet
  facet normal 0 0 1
    outer loop
      vertex 16.0599 -8.43754 6
      vertex 13.975 -5.07 6
      vertex 15.9579 -8.48579 6
    endloop
  endfacet
  facet normal 0 0 1
    outer loop
      vertex 15.9579 -8.48579 6
      vertex 13.975 -5.07 6
      vertex 15.8611 -8.54381 6
    endloop
  endfacet
  facet normal 0 0 1
    outer loop
      vertex 15.8611 -8.54381 6
      vertex 13.975 -5.07 6
      vertex 15.7704 -8.61104 6
    endloop
  endfacet
  facet normal 0 0 1
    outer loop
      vertex 14.0056 -11.1667 6
      vertex 15.35 -9.5 6
      vertex 15.3555 -9.38728 6
    endloop
  endfacet
  facet normal 0 0 1
    outer loop
      vertex 15.35 -9.5 6
      vertex 14.8333 -11.9944 6
      vertex 15.0858 -12.1458 6
    endloop
  endfacet
  facet normal 0 0 1
    outer loop
      vertex 11.575 -7.47 6
      vertex 15.3555 -9.38728 6
      vertex 15.3721 -9.27565 6
    endloop
  endfacet
  facet normal 0 0 1
    outer loop
      vertex 15.35 -9.5 6
      vertex 14.5968 -11.819 6
      vertex 14.8333 -11.9944 6
    endloop
  endfacet
  facet normal 0 0 1
    outer loop
      vertex 11.575 -7.47 6
      vertex 15.3721 -9.27565 6
      vertex 15.3995 -9.16617 6
    endloop
  endfacet
  facet normal 0 0 1
    outer loop
      vertex 15.35 -9.5 6
      vertex 14.3787 -11.6213 6
      vertex 14.5968 -11.819 6
    endloop
  endfacet
  facet normal 0 0 1
    outer loop
      vertex 11.575 -7.47 6
      vertex 15.3995 -9.16617 6
      vertex 15.4375 -9.05991 6
    endloop
  endfacet
  facet normal 0 0 1
    outer loop
      vertex 15.35 -9.5 6
      vertex 14.181 -11.4032 6
      vertex 14.3787 -11.6213 6
    endloop
  endfacet
  facet normal 0 0 1
    outer loop
      vertex 11.575 -7.47 6
      vertex 15.4375 -9.05991 6
      vertex 15.4858 -8.95789 6
    endloop
  endfacet
  facet normal 0 0 1
    outer loop
      vertex 15.35 -9.5 6
      vertex 14.0056 -11.1667 6
      vertex 14.181 -11.4032 6
    endloop
  endfacet
  facet normal 0 0 1
    outer loop
      vertex 11.575 -7.47 6
      vertex 15.4858 -8.95789 6
      vertex 15.5438 -8.86109 6
    endloop
  endfacet
  facet normal 0 0 1
    outer loop
      vertex 15.7704 -8.61104 6
      vertex 13.975 -5.07 6
      vertex 15.6868 -8.68683 6
    endloop
  endfacet
  facet normal 0 0 1
    outer loop
      vertex 13.975 -5.07 6
      vertex 15.611 -8.77045 6
      vertex 15.6868 -8.68683 6
    endloop
  endfacet
  facet normal -0 0 1
    outer loop
      vertex 11.575 -7.3 6
      vertex 15.611 -8.77045 6
      vertex 13.975 -5.07 6
    endloop
  endfacet
  facet normal -0 0 1
    outer loop
      vertex 11.575 -7.47 6
      vertex 15.611 -8.77045 6
      vertex 11.575 -7.3 6
    endloop
  endfacet
  facet normal 0 0 1
    outer loop
      vertex 11.575 -5.1 6
      vertex 13.975 -5.07 6
      vertex 11.575 -5.07 6
    endloop
  endfacet
  facet normal 0 0 1
    outer loop
      vertex 11.575 -7.3 6
      vertex 13.975 -5.07 6
      vertex 11.575 -5.1 6
    endloop
  endfacet
  facet normal 0 0 1
    outer loop
      vertex 15.611 -8.77045 6
      vertex 11.575 -7.47 6
      vertex 15.5438 -8.86109 6
    endloop
  endfacet
  facet normal 0 0 1
    outer loop
      vertex 15.3555 -9.38728 6
      vertex 11.575 -7.47 6
      vertex 14.0056 -11.1667 6
    endloop
  endfacet
  facet normal -0 0 1
    outer loop
      vertex 17.4562 -10.1389 6
      vertex 18.9944 -11.1667 6
      vertex 17.5142 -10.0421 6
    endloop
  endfacet
  facet normal 0 0 1
    outer loop
      vertex 18.9944 -11.1667 6
      vertex 17.4562 -10.1389 6
      vertex 18.819 -11.4032 6
    endloop
  endfacet
  facet normal -0 0 1
    outer loop
      vertex 17.389 -10.2296 6
      vertex 18.819 -11.4032 6
      vertex 17.4562 -10.1389 6
    endloop
  endfacet
  facet normal 0 0 1
    outer loop
      vertex 18.819 -11.4032 6
      vertex 17.389 -10.2296 6
      vertex 18.6213 -11.6213 6
    endloop
  endfacet
  facet normal -0 0 1
    outer loop
      vertex 17.3132 -10.3132 6
      vertex 18.6213 -11.6213 6
      vertex 17.389 -10.2296 6
    endloop
  endfacet
  facet normal 0 0 1
    outer loop
      vertex 18.6213 -11.6213 6
      vertex 17.3132 -10.3132 6
      vertex 18.4032 -11.819 6
    endloop
  endfacet
  facet normal -0 0 1
    outer loop
      vertex 17.2296 -10.389 6
      vertex 18.4032 -11.819 6
      vertex 17.3132 -10.3132 6
    endloop
  endfacet
  facet normal 0 0 1
    outer loop
      vertex 18.4032 -11.819 6
      vertex 17.2296 -10.389 6
      vertex 18.1667 -11.9944 6
    endloop
  endfacet
  facet normal -0 0 1
    outer loop
      vertex 17.1389 -10.4562 6
      vertex 18.1667 -11.9944 6
      vertex 17.2296 -10.389 6
    endloop
  endfacet
  facet normal 0 0 1
    outer loop
      vertex 18.1667 -11.9944 6
      vertex 17.1389 -10.4562 6
      vertex 17.9142 -12.1458 6
    endloop
  endfacet
  facet normal -0 0 1
    outer loop
      vertex 17.0421 -10.5142 6
      vertex 17.9142 -12.1458 6
      vertex 17.1389 -10.4562 6
    endloop
  endfacet
  facet normal 0 0 1
    outer loop
      vertex 17.9142 -12.1458 6
      vertex 17.0421 -10.5142 6
      vertex 17.648 -12.2716 6
    endloop
  endfacet
  facet normal -0 0 1
    outer loop
      vertex 16.9401 -10.5625 6
      vertex 17.648 -12.2716 6
      vertex 17.0421 -10.5142 6
    endloop
  endfacet
  facet normal 0 0 1
    outer loop
      vertex 17.648 -12.2716 6
      vertex 16.9401 -10.5625 6
      vertex 17.3709 -12.3708 6
    endloop
  endfacet
  facet normal -0 0 1
    outer loop
      vertex 16.8338 -10.6005 6
      vertex 17.3709 -12.3708 6
      vertex 16.9401 -10.5625 6
    endloop
  endfacet
  facet normal 0 0 1
    outer loop
      vertex 17.3709 -12.3708 6
      vertex 16.8338 -10.6005 6
      vertex 17.0853 -12.4424 6
    endloop
  endfacet
  facet normal -0 0 1
    outer loop
      vertex 16.7244 -10.6279 6
      vertex 17.0853 -12.4424 6
      vertex 16.8338 -10.6005 6
    endloop
  endfacet
  facet normal 0 0 1
    outer loop
      vertex 17.0853 -12.4424 6
      vertex 16.7244 -10.6279 6
      vertex 16.7941 -12.4856 6
    endloop
  endfacet
  facet normal -0 0 1
    outer loop
      vertex 16.6127 -10.6445 6
      vertex 16.7941 -12.4856 6
      vertex 16.7244 -10.6279 6
    endloop
  endfacet
  facet normal -0 0 1
    outer loop
      vertex 16.5 -10.65 6
      vertex 16.7941 -12.4856 6
      vertex 16.6127 -10.6445 6
    endloop
  endfacet
  facet normal 0 0 1
    outer loop
      vertex 16.5 -10.65 6
      vertex 16.5 -12.5 6
      vertex 16.7941 -12.4856 6
    endloop
  endfacet
  facet normal 0 0 1
    outer loop
      vertex 16.3873 -10.6445 6
      vertex 16.5 -12.5 6
      vertex 16.5 -10.65 6
    endloop
  endfacet
  facet normal 0 0 1
    outer loop
      vertex 16.2059 -12.4856 6
      vertex 16.3873 -10.6445 6
      vertex 16.2756 -10.6279 6
    endloop
  endfacet
  facet normal 0 0 1
    outer loop
      vertex 16.3873 -10.6445 6
      vertex 16.2059 -12.4856 6
      vertex 16.5 -12.5 6
    endloop
  endfacet
  facet normal 0 0 1
    outer loop
      vertex 15.9147 -12.4424 6
      vertex 16.2756 -10.6279 6
      vertex 16.1662 -10.6005 6
    endloop
  endfacet
  facet normal 0 0 1
    outer loop
      vertex 15.6291 -12.3708 6
      vertex 16.1662 -10.6005 6
      vertex 16.0599 -10.5625 6
    endloop
  endfacet
  facet normal 0 0 1
    outer loop
      vertex 15.3519 -12.2716 6
      vertex 16.0599 -10.5625 6
      vertex 15.9579 -10.5142 6
    endloop
  endfacet
  facet normal 0 0 1
    outer loop
      vertex 16.2756 -10.6279 6
      vertex 15.9147 -12.4424 6
      vertex 16.2059 -12.4856 6
    endloop
  endfacet
  facet normal 0 0 1
    outer loop
      vertex 15.0858 -12.1458 6
      vertex 15.9579 -10.5142 6
      vertex 15.8611 -10.4562 6
    endloop
  endfacet
  facet normal 0 0 1
    outer loop
      vertex 15.0858 -12.1458 6
      vertex 15.8611 -10.4562 6
      vertex 15.7704 -10.389 6
    endloop
  endfacet
  facet normal 0 0 1
    outer loop
      vertex 15.0858 -12.1458 6
      vertex 15.7704 -10.389 6
      vertex 15.6868 -10.3132 6
    endloop
  endfacet
  facet normal 0 0 1
    outer loop
      vertex 16.1662 -10.6005 6
      vertex 15.6291 -12.3708 6
      vertex 15.9147 -12.4424 6
    endloop
  endfacet
  facet normal 0 0 1
    outer loop
      vertex 15.0858 -12.1458 6
      vertex 15.6868 -10.3132 6
      vertex 15.611 -10.2296 6
    endloop
  endfacet
  facet normal 0 0 1
    outer loop
      vertex 15.0858 -12.1458 6
      vertex 15.611 -10.2296 6
      vertex 15.5438 -10.1389 6
    endloop
  endfacet
  facet normal 0 0 1
    outer loop
      vertex 15.0858 -12.1458 6
      vertex 15.5438 -10.1389 6
      vertex 15.4858 -10.0421 6
    endloop
  endfacet
  facet normal 0 0 1
    outer loop
      vertex 15.0858 -12.1458 6
      vertex 15.4858 -10.0421 6
      vertex 15.4375 -9.94009 6
    endloop
  endfacet
  facet normal 0 0 1
    outer loop
      vertex 15.0858 -12.1458 6
      vertex 15.4375 -9.94009 6
      vertex 15.3995 -9.83383 6
    endloop
  endfacet
  facet normal 0 0 1
    outer loop
      vertex 15.0858 -12.1458 6
      vertex 15.3995 -9.83383 6
      vertex 15.3721 -9.72435 6
    endloop
  endfacet
  facet normal 0 0 1
    outer loop
      vertex 15.0858 -12.1458 6
      vertex 15.3721 -9.72435 6
      vertex 15.3555 -9.61272 6
    endloop
  endfacet
  facet normal 0 0 1
    outer loop
      vertex 16.0599 -10.5625 6
      vertex 15.3519 -12.2716 6
      vertex 15.6291 -12.3708 6
    endloop
  endfacet
  facet normal 0 0 1
    outer loop
      vertex 15.0858 -12.1458 6
      vertex 15.3555 -9.61272 6
      vertex 15.35 -9.5 6
    endloop
  endfacet
  facet normal 0 0 1
    outer loop
      vertex 15.9579 -10.5142 6
      vertex 15.0858 -12.1458 6
      vertex 15.3519 -12.2716 6
    endloop
  endfacet
  facet normal 0 0 1
    outer loop
      vertex 5.5 -5.1 6
      vertex 5.03237 -7.6 6
      vertex 5.5 -7.3 6
    endloop
  endfacet
  facet normal -0 0 1
    outer loop
      vertex -1.74495 -5.1 6
      vertex 5.03237 -7.6 6
      vertex -1.5 -5.07 6
    endloop
  endfacet
  facet normal 0 0 1
    outer loop
      vertex -7.975 -5.86301 6
      vertex -1.74495 -5.1 6
      vertex -7.975 -5.1 6
    endloop
  endfacet
  facet normal 0 0 1
    outer loop
      vertex -12.1291 -12.3708 6
      vertex -1.74495 -5.1 6
      vertex -7.975 -5.86301 6
    endloop
  endfacet
  facet normal 0 0 1
    outer loop
      vertex -11.8555 -9.61272 6
      vertex -7.975 -5.86301 6
      vertex -11.85 -9.5 6
    endloop
  endfacet
  facet normal 0 0 1
    outer loop
      vertex -11.8721 -9.72435 6
      vertex -7.975 -5.86301 6
      vertex -11.8555 -9.61272 6
    endloop
  endfacet
  facet normal 0 0 1
    outer loop
      vertex -11.8995 -9.83383 6
      vertex -7.975 -5.86301 6
      vertex -11.8721 -9.72435 6
    endloop
  endfacet
  facet normal 0 0 1
    outer loop
      vertex -12.1291 -12.3708 6
      vertex -7.975 -5.86301 6
      vertex -11.8995 -9.83383 6
    endloop
  endfacet
  facet normal 0 0 1
    outer loop
      vertex -12.1291 -12.3708 6
      vertex -11.8995 -9.83383 6
      vertex -11.9375 -9.94009 6
    endloop
  endfacet
  facet normal 0 0 1
    outer loop
      vertex -12.1291 -12.3708 6
      vertex -11.9375 -9.94009 6
      vertex -11.9858 -10.0421 6
    endloop
  endfacet
  facet normal 0 0 1
    outer loop
      vertex -12.1291 -12.3708 6
      vertex -11.9858 -10.0421 6
      vertex -12.0438 -10.1389 6
    endloop
  endfacet
  facet normal 0 0 1
    outer loop
      vertex -12.1291 -12.3708 6
      vertex -12.0438 -10.1389 6
      vertex -12.111 -10.2296 6
    endloop
  endfacet
  facet normal 0 0 1
    outer loop
      vertex -1.74495 -5.1 6
      vertex -12.1291 -12.3708 6
      vertex 5.03237 -7.6 6
    endloop
  endfacet
  facet normal -0 0 1
    outer loop
      vertex -12.1868 -10.3132 6
      vertex -12.1291 -12.3708 6
      vertex -12.111 -10.2296 6
    endloop
  endfacet
  facet normal -0 0 1
    outer loop
      vertex -12.2704 -10.389 6
      vertex -12.1291 -12.3708 6
      vertex -12.1868 -10.3132 6
    endloop
  endfacet
  facet normal -0 0 1
    outer loop
      vertex -12.3611 -10.4562 6
      vertex -12.1291 -12.3708 6
      vertex -12.2704 -10.389 6
    endloop
  endfacet
  facet normal -0 0 1
    outer loop
      vertex -12.4579 -10.5142 6
      vertex -12.1291 -12.3708 6
      vertex -12.3611 -10.4562 6
    endloop
  endfacet
  facet normal -0 0 1
    outer loop
      vertex -12.5599 -10.5625 6
      vertex -12.1291 -12.3708 6
      vertex -12.4579 -10.5142 6
    endloop
  endfacet
  facet normal -0 0 1
    outer loop
      vertex -12.6662 -10.6005 6
      vertex -12.1291 -12.3708 6
      vertex -12.5599 -10.5625 6
    endloop
  endfacet
  facet normal 0 0 1
    outer loop
      vertex -12.1291 -12.3708 6
      vertex -12.6662 -10.6005 6
      vertex -12.4147 -12.4424 6
    endloop
  endfacet
  facet normal -0 0 1
    outer loop
      vertex -12.7756 -10.6279 6
      vertex -12.4147 -12.4424 6
      vertex -12.6662 -10.6005 6
    endloop
  endfacet
  facet normal 0 0 1
    outer loop
      vertex -12.4147 -12.4424 6
      vertex -12.7756 -10.6279 6
      vertex -12.7059 -12.4856 6
    endloop
  endfacet
  facet normal -0 0 1
    outer loop
      vertex -12.8873 -10.6445 6
      vertex -12.7059 -12.4856 6
      vertex -12.7756 -10.6279 6
    endloop
  endfacet
  facet normal -0 0 1
    outer loop
      vertex -13 -10.65 6
      vertex -12.7059 -12.4856 6
      vertex -12.8873 -10.6445 6
    endloop
  endfacet
  facet normal 0 0 1
    outer loop
      vertex -13 -10.65 6
      vertex -13 -12.5 6
      vertex -12.7059 -12.4856 6
    endloop
  endfacet
  facet normal 0 0 1
    outer loop
      vertex -13.1127 -10.6445 6
      vertex -13 -12.5 6
      vertex -13 -10.65 6
    endloop
  endfacet
  facet normal 0 0 1
    outer loop
      vertex -13.2941 -12.4856 6
      vertex -13.1127 -10.6445 6
      vertex -13.2244 -10.6279 6
    endloop
  endfacet
  facet normal 0 0 1
    outer loop
      vertex -13.1127 -10.6445 6
      vertex -13.2941 -12.4856 6
      vertex -13 -12.5 6
    endloop
  endfacet
  facet normal 0 0 1
    outer loop
      vertex -13.5853 -12.4424 6
      vertex -13.2244 -10.6279 6
      vertex -13.3338 -10.6005 6
    endloop
  endfacet
  facet normal 0 0 1
    outer loop
      vertex -13.8709 -12.3708 6
      vertex -13.3338 -10.6005 6
      vertex -13.4401 -10.5625 6
    endloop
  endfacet
  facet normal 0 0 1
    outer loop
      vertex -14.148 -12.2716 6
      vertex -13.4401 -10.5625 6
      vertex -13.5421 -10.5142 6
    endloop
  endfacet
  facet normal 0 0 1
    outer loop
      vertex -13.2244 -10.6279 6
      vertex -13.5853 -12.4424 6
      vertex -13.2941 -12.4856 6
    endloop
  endfacet
  facet normal 0 0 1
    outer loop
      vertex -14.4142 -12.1458 6
      vertex -13.5421 -10.5142 6
      vertex -13.6389 -10.4562 6
    endloop
  endfacet
  facet normal 0 0 1
    outer loop
      vertex -14.6667 -11.9944 6
      vertex -13.6389 -10.4562 6
      vertex -13.7296 -10.389 6
    endloop
  endfacet
  facet normal 0 0 1
    outer loop
      vertex -14.9032 -11.819 6
      vertex -13.7296 -10.389 6
      vertex -13.8132 -10.3132 6
    endloop
  endfacet
  facet normal 0 0 1
    outer loop
      vertex -13.3338 -10.6005 6
      vertex -13.8709 -12.3708 6
      vertex -13.5853 -12.4424 6
    endloop
  endfacet
  facet normal 0 0 1
    outer loop
      vertex -15.1213 -11.6213 6
      vertex -13.8132 -10.3132 6
      vertex -13.889 -10.2296 6
    endloop
  endfacet
  facet normal 0 0 1
    outer loop
      vertex -15.319 -11.4032 6
      vertex -13.889 -10.2296 6
      vertex -13.9562 -10.1389 6
    endloop
  endfacet
  facet normal 0 0 1
    outer loop
      vertex -15.4944 -11.1667 6
      vertex -13.9562 -10.1389 6
      vertex -14.0142 -10.0421 6
    endloop
  endfacet
  facet normal 0 0 1
    outer loop
      vertex -15.6458 -10.9142 6
      vertex -14.0142 -10.0421 6
      vertex -14.0625 -9.94009 6
    endloop
  endfacet
  facet normal 0 0 1
    outer loop
      vertex -15.7716 -10.648 6
      vertex -14.0625 -9.94009 6
      vertex -14.1005 -9.83383 6
    endloop
  endfacet
  facet normal 0 0 1
    outer loop
      vertex -15.8708 -10.3709 6
      vertex -14.1005 -9.83383 6
      vertex -14.1279 -9.72435 6
    endloop
  endfacet
  facet normal 0 0 1
    outer loop
      vertex -15.9424 -10.0853 6
      vertex -14.1279 -9.72435 6
      vertex -14.1445 -9.61272 6
    endloop
  endfacet
  facet normal 0 0 1
    outer loop
      vertex -13.4401 -10.5625 6
      vertex -14.148 -12.2716 6
      vertex -13.8709 -12.3708 6
    endloop
  endfacet
  facet normal 0 0 1
    outer loop
      vertex -15.9856 -9.79405 6
      vertex -14.1445 -9.61272 6
      vertex -14.15 -9.5 6
    endloop
  endfacet
  facet normal -0 0 1
    outer loop
      vertex -15.6458 -8.08581 6
      vertex -14.0142 -8.95789 6
      vertex -15.4944 -7.83329 6
    endloop
  endfacet
  facet normal 0 0 1
    outer loop
      vertex -13.5421 -10.5142 6
      vertex -14.4142 -12.1458 6
      vertex -14.148 -12.2716 6
    endloop
  endfacet
  facet normal 0 0 1
    outer loop
      vertex -14.0142 -8.95789 6
      vertex -15.6458 -8.08581 6
      vertex -14.0625 -9.05991 6
    endloop
  endfacet
  facet normal 0 0 1
    outer loop
      vertex -13.6389 -10.4562 6
      vertex -14.6667 -11.9944 6
      vertex -14.4142 -12.1458 6
    endloop
  endfacet
  facet normal -0 0 1
    outer loop
      vertex -15.7716 -8.35195 6
      vertex -14.0625 -9.05991 6
      vertex -15.6458 -8.08581 6
    endloop
  endfacet
  facet normal 0 0 1
    outer loop
      vertex -13.7296 -10.389 6
      vertex -14.9032 -11.819 6
      vertex -14.6667 -11.9944 6
    endloop
  endfacet
  facet normal 0 0 1
    outer loop
      vertex -14.0625 -9.05991 6
      vertex -15.7716 -8.35195 6
      vertex -14.1005 -9.16617 6
    endloop
  endfacet
  facet normal 0 0 1
    outer loop
      vertex -13.8132 -10.3132 6
      vertex -15.1213 -11.6213 6
      vertex -14.9032 -11.819 6
    endloop
  endfacet
  facet normal -0 0 1
    outer loop
      vertex -15.8708 -8.62915 6
      vertex -14.1005 -9.16617 6
      vertex -15.7716 -8.35195 6
    endloop
  endfacet
  facet normal 0 0 1
    outer loop
      vertex -13.889 -10.2296 6
      vertex -15.319 -11.4032 6
      vertex -15.1213 -11.6213 6
    endloop
  endfacet
  facet normal 0 0 1
    outer loop
      vertex -14.1005 -9.16617 6
      vertex -15.8708 -8.62915 6
      vertex -14.1279 -9.27565 6
    endloop
  endfacet
  facet normal 0 0 1
    outer loop
      vertex -13.9562 -10.1389 6
      vertex -15.4944 -11.1667 6
      vertex -15.319 -11.4032 6
    endloop
  endfacet
  facet normal -0 0 1
    outer loop
      vertex -15.9424 -8.91473 6
      vertex -14.1279 -9.27565 6
      vertex -15.8708 -8.62915 6
    endloop
  endfacet
  facet normal 0 0 1
    outer loop
      vertex -14.0142 -10.0421 6
      vertex -15.6458 -10.9142 6
      vertex -15.4944 -11.1667 6
    endloop
  endfacet
  facet normal 0 0 1
    outer loop
      vertex -14.1279 -9.27565 6
      vertex -15.9424 -8.91473 6
      vertex -14.1445 -9.38728 6
    endloop
  endfacet
  facet normal 0 0 1
    outer loop
      vertex -14.0625 -9.94009 6
      vertex -15.7716 -10.648 6
      vertex -15.6458 -10.9142 6
    endloop
  endfacet
  facet normal -0 0 1
    outer loop
      vertex -15.9856 -9.20595 6
      vertex -14.1445 -9.38728 6
      vertex -15.9424 -8.91473 6
    endloop
  endfacet
  facet normal 0 0 1
    outer loop
      vertex -14.1005 -9.83383 6
      vertex -15.8708 -10.3709 6
      vertex -15.7716 -10.648 6
    endloop
  endfacet
  facet normal 0 0 1
    outer loop
      vertex -14.1445 -9.38728 6
      vertex -15.9856 -9.20595 6
      vertex -14.15 -9.5 6
    endloop
  endfacet
  facet normal 0 0 1
    outer loop
      vertex -14.1279 -9.72435 6
      vertex -15.9424 -10.0853 6
      vertex -15.8708 -10.3709 6
    endloop
  endfacet
  facet normal 0 0 1
    outer loop
      vertex -16 -9.5 6
      vertex -14.15 -9.5 6
      vertex -15.9856 -9.20595 6
    endloop
  endfacet
  facet normal 0 0 1
    outer loop
      vertex -14.1445 -9.61272 6
      vertex -15.9856 -9.79405 6
      vertex -15.9424 -10.0853 6
    endloop
  endfacet
  facet normal 0 0 1
    outer loop
      vertex -14.15 -9.5 6
      vertex -16 -9.5 6
      vertex -15.9856 -9.79405 6
    endloop
  endfacet
  facet normal 0 0 1
    outer loop
      vertex -1.74495 5.1 6
      vertex -7.975 5.86301 6
      vertex -7.975 5.1 6
    endloop
  endfacet
  facet normal -0 0 1
    outer loop
      vertex -11.8555 9.38728 6
      vertex -7.975 5.86301 6
      vertex -11.85 9.5 6
    endloop
  endfacet
  facet normal -0 0 1
    outer loop
      vertex -11.8721 9.27565 6
      vertex -7.975 5.86301 6
      vertex -11.8555 9.38728 6
    endloop
  endfacet
  facet normal -0 0 1
    outer loop
      vertex -11.8995 9.16617 6
      vertex -7.975 5.86301 6
      vertex -11.8721 9.27565 6
    endloop
  endfacet
  facet normal -0 0 1
    outer loop
      vertex -11.9375 9.05991 6
      vertex -7.975 5.86301 6
      vertex -11.8995 9.16617 6
    endloop
  endfacet
  facet normal -0 0 1
    outer loop
      vertex -11.9858 8.95789 6
      vertex -7.975 5.86301 6
      vertex -11.9375 9.05991 6
    endloop
  endfacet
  facet normal -0 0 1
    outer loop
      vertex -12.0438 8.86109 6
      vertex -7.975 5.86301 6
      vertex -11.9858 8.95789 6
    endloop
  endfacet
  facet normal -0 0 1
    outer loop
      vertex -12.111 8.77045 6
      vertex -7.975 5.86301 6
      vertex -12.0438 8.86109 6
    endloop
  endfacet
  facet normal -0 0 1
    outer loop
      vertex -12.1868 8.68683 6
      vertex -7.975 5.86301 6
      vertex -12.111 8.77045 6
    endloop
  endfacet
  facet normal -0 0 1
    outer loop
      vertex -12.2704 8.61104 6
      vertex -7.975 5.86301 6
      vertex -12.1868 8.68683 6
    endloop
  endfacet
  facet normal 0 0 1
    outer loop
      vertex -13.2941 6.51445 6
      vertex -12.2704 8.61104 6
      vertex -12.3611 8.54381 6
    endloop
  endfacet
  facet normal 0 0 1
    outer loop
      vertex -13.2941 6.51445 6
      vertex -12.3611 8.54381 6
      vertex -12.4579 8.48579 6
    endloop
  endfacet
  facet normal 0 0 1
    outer loop
      vertex -13.2941 6.51445 6
      vertex -12.4579 8.48579 6
      vertex -12.5599 8.43754 6
    endloop
  endfacet
  facet normal 0 0 1
    outer loop
      vertex -13.2941 6.51445 6
      vertex -12.5599 8.43754 6
      vertex -12.6662 8.39952 6
    endloop
  endfacet
  facet normal 0 0 1
    outer loop
      vertex -13.2941 6.51445 6
      vertex -12.6662 8.39952 6
      vertex -12.7756 8.3721 6
    endloop
  endfacet
  facet normal 0 0 1
    outer loop
      vertex -13.2941 6.51445 6
      vertex -12.7756 8.3721 6
      vertex -12.8873 8.35554 6
    endloop
  endfacet
  facet normal 0 0 1
    outer loop
      vertex -13.2941 6.51445 6
      vertex -12.8873 8.35554 6
      vertex -13 8.35 6
    endloop
  endfacet
  facet normal 0 0 1
    outer loop
      vertex -13.2941 6.51445 6
      vertex -13 8.35 6
      vertex -13.1127 8.35554 6
    endloop
  endfacet
  facet normal 0 0 1
    outer loop
      vertex -13.2941 6.51445 6
      vertex -13.1127 8.35554 6
      vertex -13.2244 8.3721 6
    endloop
  endfacet
  facet normal 0 0 1
    outer loop
      vertex -12.2704 8.61104 6
      vertex -13.2941 6.51445 6
      vertex -7.975 5.86301 6
    endloop
  endfacet
  facet normal 0 0 1
    outer loop
      vertex -13.5853 6.55764 6
      vertex -13.2244 8.3721 6
      vertex -13.3338 8.39952 6
    endloop
  endfacet
  facet normal 0 0 1
    outer loop
      vertex -13.8709 6.62918 6
      vertex -13.3338 8.39952 6
      vertex -13.4401 8.43754 6
    endloop
  endfacet
  facet normal 0 0 1
    outer loop
      vertex -14.148 6.72836 6
      vertex -13.4401 8.43754 6
      vertex -13.5421 8.48579 6
    endloop
  endfacet
  facet normal 0 0 1
    outer loop
      vertex -13.2244 8.3721 6
      vertex -13.5853 6.55764 6
      vertex -13.2941 6.51445 6
    endloop
  endfacet
  facet normal 0 0 1
    outer loop
      vertex -14.4142 6.85424 6
      vertex -13.5421 8.48579 6
      vertex -13.6389 8.54381 6
    endloop
  endfacet
  facet normal 0 0 1
    outer loop
      vertex -14.6667 7.00559 6
      vertex -13.6389 8.54381 6
      vertex -13.7296 8.61104 6
    endloop
  endfacet
  facet normal 0 0 1
    outer loop
      vertex -14.9032 7.18097 6
      vertex -13.7296 8.61104 6
      vertex -13.8132 8.68683 6
    endloop
  endfacet
  facet normal 0 0 1
    outer loop
      vertex -13.3338 8.39952 6
      vertex -13.8709 6.62918 6
      vertex -13.5853 6.55764 6
    endloop
  endfacet
  facet normal 0 0 1
    outer loop
      vertex -15.1213 7.37868 6
      vertex -13.8132 8.68683 6
      vertex -13.889 8.77045 6
    endloop
  endfacet
  facet normal 0 0 1
    outer loop
      vertex -15.319 7.59682 6
      vertex -13.889 8.77045 6
      vertex -13.9562 8.86109 6
    endloop
  endfacet
  facet normal 0 0 1
    outer loop
      vertex -15.4944 7.83329 6
      vertex -13.9562 8.86109 6
      vertex -14.0142 8.95789 6
    endloop
  endfacet
  facet normal 0 0 1
    outer loop
      vertex -15.6458 8.08581 6
      vertex -14.0142 8.95789 6
      vertex -14.0625 9.05991 6
    endloop
  endfacet
  facet normal 0 0 1
    outer loop
      vertex -15.7716 8.35195 6
      vertex -14.0625 9.05991 6
      vertex -14.1005 9.16617 6
    endloop
  endfacet
  facet normal 0 0 1
    outer loop
      vertex -15.8708 8.62915 6
      vertex -14.1005 9.16617 6
      vertex -14.1279 9.27565 6
    endloop
  endfacet
  facet normal 0 0 1
    outer loop
      vertex -15.9424 8.91473 6
      vertex -14.1279 9.27565 6
      vertex -14.1445 9.38728 6
    endloop
  endfacet
  facet normal 0 0 1
    outer loop
      vertex -13.4401 8.43754 6
      vertex -14.148 6.72836 6
      vertex -13.8709 6.62918 6
    endloop
  endfacet
  facet normal 0 0 1
    outer loop
      vertex -15.9856 9.20595 6
      vertex -14.1445 9.38728 6
      vertex -14.15 9.5 6
    endloop
  endfacet
  facet normal -0 0 1
    outer loop
      vertex -15.6458 10.9142 6
      vertex -14.0142 10.0421 6
      vertex -15.4944 11.1667 6
    endloop
  endfacet
  facet normal 0 0 1
    outer loop
      vertex -13.5421 8.48579 6
      vertex -14.4142 6.85424 6
      vertex -14.148 6.72836 6
    endloop
  endfacet
  facet normal 0 0 1
    outer loop
      vertex -14.0142 10.0421 6
      vertex -15.6458 10.9142 6
      vertex -14.0625 9.94009 6
    endloop
  endfacet
  facet normal 0 0 1
    outer loop
      vertex -13.6389 8.54381 6
      vertex -14.6667 7.00559 6
      vertex -14.4142 6.85424 6
    endloop
  endfacet
  facet normal -0 0 1
    outer loop
      vertex -15.7716 10.648 6
      vertex -14.0625 9.94009 6
      vertex -15.6458 10.9142 6
    endloop
  endfacet
  facet normal 0 0 1
    outer loop
      vertex -13.7296 8.61104 6
      vertex -14.9032 7.18097 6
      vertex -14.6667 7.00559 6
    endloop
  endfacet
  facet normal 0 0 1
    outer loop
      vertex -14.0625 9.94009 6
      vertex -15.7716 10.648 6
      vertex -14.1005 9.83383 6
    endloop
  endfacet
  facet normal 0 0 1
    outer loop
      vertex -13.8132 8.68683 6
      vertex -15.1213 7.37868 6
      vertex -14.9032 7.18097 6
    endloop
  endfacet
  facet normal -0 0 1
    outer loop
      vertex -15.8708 10.3709 6
      vertex -14.1005 9.83383 6
      vertex -15.7716 10.648 6
    endloop
  endfacet
  facet normal 0 0 1
    outer loop
      vertex -13.889 8.77045 6
      vertex -15.319 7.59682 6
      vertex -15.1213 7.37868 6
    endloop
  endfacet
  facet normal 0 0 1
    outer loop
      vertex -14.1005 9.83383 6
      vertex -15.8708 10.3709 6
      vertex -14.1279 9.72435 6
    endloop
  endfacet
  facet normal 0 0 1
    outer loop
      vertex -13.9562 8.86109 6
      vertex -15.4944 7.83329 6
      vertex -15.319 7.59682 6
    endloop
  endfacet
  facet normal -0 0 1
    outer loop
      vertex -15.9424 10.0853 6
      vertex -14.1279 9.72435 6
      vertex -15.8708 10.3709 6
    endloop
  endfacet
  facet normal 0 0 1
    outer loop
      vertex -14.0142 8.95789 6
      vertex -15.6458 8.08581 6
      vertex -15.4944 7.83329 6
    endloop
  endfacet
  facet normal 0 0 1
    outer loop
      vertex -14.1279 9.72435 6
      vertex -15.9424 10.0853 6
      vertex -14.1445 9.61272 6
    endloop
  endfacet
  facet normal 0 0 1
    outer loop
      vertex -14.0625 9.05991 6
      vertex -15.7716 8.35195 6
      vertex -15.6458 8.08581 6
    endloop
  endfacet
  facet normal -0 0 1
    outer loop
      vertex -15.9856 9.79405 6
      vertex -14.1445 9.61272 6
      vertex -15.9424 10.0853 6
    endloop
  endfacet
  facet normal 0 0 1
    outer loop
      vertex -14.1005 9.16617 6
      vertex -15.8708 8.62915 6
      vertex -15.7716 8.35195 6
    endloop
  endfacet
  facet normal 0 0 1
    outer loop
      vertex -14.1445 9.61272 6
      vertex -15.9856 9.79405 6
      vertex -14.15 9.5 6
    endloop
  endfacet
  facet normal 0 0 1
    outer loop
      vertex -14.1279 9.27565 6
      vertex -15.9424 8.91473 6
      vertex -15.8708 8.62915 6
    endloop
  endfacet
  facet normal 0 0 1
    outer loop
      vertex -16 9.5 6
      vertex -14.15 9.5 6
      vertex -15.9856 9.79405 6
    endloop
  endfacet
  facet normal 0 0 1
    outer loop
      vertex -14.1445 9.38728 6
      vertex -15.9856 9.20595 6
      vertex -15.9424 8.91473 6
    endloop
  endfacet
  facet normal 0 0 1
    outer loop
      vertex -14.15 9.5 6
      vertex -16 9.5 6
      vertex -15.9856 9.20595 6
    endloop
  endfacet
  facet normal 0 0 1
    outer loop
      vertex 17.65 9.5 6
      vertex 19.5 9.5 6
      vertex 19.4856 9.79405 6
    endloop
  endfacet
  facet normal 0 0 1
    outer loop
      vertex 17.6445 9.61272 6
      vertex 19.4856 9.79405 6
      vertex 19.4424 10.0853 6
    endloop
  endfacet
  facet normal 0 0 1
    outer loop
      vertex 19.5 9.5 6
      vertex 17.65 9.5 6
      vertex 19.4856 9.20595 6
    endloop
  endfacet
  facet normal 0 0 1
    outer loop
      vertex 17.6279 9.72435 6
      vertex 19.4424 10.0853 6
      vertex 19.3708 10.3709 6
    endloop
  endfacet
  facet normal -0 0 1
    outer loop
      vertex 17.6445 9.38728 6
      vertex 19.4856 9.20595 6
      vertex 17.65 9.5 6
    endloop
  endfacet
  facet normal 0 0 1
    outer loop
      vertex 17.6005 9.83383 6
      vertex 19.3708 10.3709 6
      vertex 19.2716 10.648 6
    endloop
  endfacet
  facet normal 0 0 1
    outer loop
      vertex 19.4856 9.20595 6
      vertex 17.6445 9.38728 6
      vertex 19.4424 8.91473 6
    endloop
  endfacet
  facet normal 0 0 1
    outer loop
      vertex 17.5625 9.94009 6
      vertex 19.2716 10.648 6
      vertex 19.1458 10.9142 6
    endloop
  endfacet
  facet normal -0 0 1
    outer loop
      vertex 17.6279 9.27565 6
      vertex 19.4424 8.91473 6
      vertex 17.6445 9.38728 6
    endloop
  endfacet
  facet normal 0 0 1
    outer loop
      vertex 17.5142 10.0421 6
      vertex 19.1458 10.9142 6
      vertex 18.9944 11.1667 6
    endloop
  endfacet
  facet normal 0 0 1
    outer loop
      vertex 19.4424 8.91473 6
      vertex 17.6279 9.27565 6
      vertex 19.3708 8.62915 6
    endloop
  endfacet
  facet normal 0 0 1
    outer loop
      vertex 17.4562 10.1389 6
      vertex 18.9944 11.1667 6
      vertex 18.819 11.4032 6
    endloop
  endfacet
  facet normal -0 0 1
    outer loop
      vertex 17.6005 9.16617 6
      vertex 19.3708 8.62915 6
      vertex 17.6279 9.27565 6
    endloop
  endfacet
  facet normal 0 0 1
    outer loop
      vertex 17.389 10.2296 6
      vertex 18.819 11.4032 6
      vertex 18.6213 11.6213 6
    endloop
  endfacet
  facet normal 0 0 1
    outer loop
      vertex 19.3708 8.62915 6
      vertex 17.6005 9.16617 6
      vertex 19.2716 8.35195 6
    endloop
  endfacet
  facet normal 0 0 1
    outer loop
      vertex 17.3132 10.3132 6
      vertex 18.6213 11.6213 6
      vertex 18.4032 11.819 6
    endloop
  endfacet
  facet normal -0 0 1
    outer loop
      vertex 17.5625 9.05991 6
      vertex 19.2716 8.35195 6
      vertex 17.6005 9.16617 6
    endloop
  endfacet
  facet normal 0 0 1
    outer loop
      vertex 17.2296 10.389 6
      vertex 18.4032 11.819 6
      vertex 18.1667 11.9944 6
    endloop
  endfacet
  facet normal 0 0 1
    outer loop
      vertex 19.2716 8.35195 6
      vertex 17.5625 9.05991 6
      vertex 19.1458 8.08581 6
    endloop
  endfacet
  facet normal 0 0 1
    outer loop
      vertex 17.1389 10.4562 6
      vertex 18.1667 11.9944 6
      vertex 17.9142 12.1458 6
    endloop
  endfacet
  facet normal -0 0 1
    outer loop
      vertex 17.5142 8.95789 6
      vertex 19.1458 8.08581 6
      vertex 17.5625 9.05991 6
    endloop
  endfacet
  facet normal 0 0 1
    outer loop
      vertex 19.1458 8.08581 6
      vertex 17.5142 8.95789 6
      vertex 18.9944 7.83329 6
    endloop
  endfacet
  facet normal 0 0 1
    outer loop
      vertex 17.0421 10.5142 6
      vertex 17.9142 12.1458 6
      vertex 17.648 12.2716 6
    endloop
  endfacet
  facet normal 0 0 1
    outer loop
      vertex 19.4856 9.79405 6
      vertex 17.6445 9.61272 6
      vertex 17.65 9.5 6
    endloop
  endfacet
  facet normal 0 0 1
    outer loop
      vertex 19.4424 10.0853 6
      vertex 17.6279 9.72435 6
      vertex 17.6445 9.61272 6
    endloop
  endfacet
  facet normal 0 0 1
    outer loop
      vertex 19.3708 10.3709 6
      vertex 17.6005 9.83383 6
      vertex 17.6279 9.72435 6
    endloop
  endfacet
  facet normal 0 0 1
    outer loop
      vertex 19.2716 10.648 6
      vertex 17.5625 9.94009 6
      vertex 17.6005 9.83383 6
    endloop
  endfacet
  facet normal 0 0 1
    outer loop
      vertex 19.1458 10.9142 6
      vertex 17.5142 10.0421 6
      vertex 17.5625 9.94009 6
    endloop
  endfacet
  facet normal 0 0 1
    outer loop
      vertex 18.9944 11.1667 6
      vertex 17.4562 10.1389 6
      vertex 17.5142 10.0421 6
    endloop
  endfacet
  facet normal 0 0 1
    outer loop
      vertex 18.819 11.4032 6
      vertex 17.389 10.2296 6
      vertex 17.4562 10.1389 6
    endloop
  endfacet
  facet normal 0 0 1
    outer loop
      vertex 16.9401 10.5625 6
      vertex 17.648 12.2716 6
      vertex 17.3709 12.3708 6
    endloop
  endfacet
  facet normal 0 0 1
    outer loop
      vertex 18.6213 11.6213 6
      vertex 17.3132 10.3132 6
      vertex 17.389 10.2296 6
    endloop
  endfacet
  facet normal 0 0 1
    outer loop
      vertex 18.4032 11.819 6
      vertex 17.2296 10.389 6
      vertex 17.3132 10.3132 6
    endloop
  endfacet
  facet normal 0 0 1
    outer loop
      vertex 18.1667 11.9944 6
      vertex 17.1389 10.4562 6
      vertex 17.2296 10.389 6
    endloop
  endfacet
  facet normal 0 0 1
    outer loop
      vertex 16.8338 10.6005 6
      vertex 17.3709 12.3708 6
      vertex 17.0853 12.4424 6
    endloop
  endfacet
  facet normal 0 0 1
    outer loop
      vertex 17.9142 12.1458 6
      vertex 17.0421 10.5142 6
      vertex 17.1389 10.4562 6
    endloop
  endfacet
  facet normal 0 0 1
    outer loop
      vertex 17.648 12.2716 6
      vertex 16.9401 10.5625 6
      vertex 17.0421 10.5142 6
    endloop
  endfacet
  facet normal 0 0 1
    outer loop
      vertex 17.3709 12.3708 6
      vertex 16.8338 10.6005 6
      vertex 16.9401 10.5625 6
    endloop
  endfacet
  facet normal 0 0 1
    outer loop
      vertex 16.7244 10.6279 6
      vertex 17.0853 12.4424 6
      vertex 16.7941 12.4856 6
    endloop
  endfacet
  facet normal 0 0 1
    outer loop
      vertex 17.0853 12.4424 6
      vertex 16.7244 10.6279 6
      vertex 16.8338 10.6005 6
    endloop
  endfacet
  facet normal 0 0 1
    outer loop
      vertex 16.7941 12.4856 6
      vertex 16.6127 10.6445 6
      vertex 16.7244 10.6279 6
    endloop
  endfacet
  facet normal 0 0 1
    outer loop
      vertex 16.5 12.5 6
      vertex 16.6127 10.6445 6
      vertex 16.7941 12.4856 6
    endloop
  endfacet
  facet normal 0 0 1
    outer loop
      vertex 16.5 12.5 6
      vertex 16.5 10.65 6
      vertex 16.6127 10.6445 6
    endloop
  endfacet
  facet normal 0 0 1
    outer loop
      vertex 16.5 12.5 6
      vertex 16.3873 10.6445 6
      vertex 16.5 10.65 6
    endloop
  endfacet
  facet normal -0 0 1
    outer loop
      vertex 16.2059 12.4856 6
      vertex 16.3873 10.6445 6
      vertex 16.5 12.5 6
    endloop
  endfacet
  facet normal 0 0 1
    outer loop
      vertex 16.3873 10.6445 6
      vertex 16.2059 12.4856 6
      vertex 16.2756 10.6279 6
    endloop
  endfacet
  facet normal -0 0 1
    outer loop
      vertex 15.9147 12.4424 6
      vertex 16.2756 10.6279 6
      vertex 16.2059 12.4856 6
    endloop
  endfacet
  facet normal 0 0 1
    outer loop
      vertex 16.2756 10.6279 6
      vertex 15.9147 12.4424 6
      vertex 16.1662 10.6005 6
    endloop
  endfacet
  facet normal -0 0 1
    outer loop
      vertex 15.6291 12.3708 6
      vertex 16.1662 10.6005 6
      vertex 15.9147 12.4424 6
    endloop
  endfacet
  facet normal 0 0 1
    outer loop
      vertex 16.1662 10.6005 6
      vertex 15.6291 12.3708 6
      vertex 16.0599 10.5625 6
    endloop
  endfacet
  facet normal -0 0 1
    outer loop
      vertex 15.3519 12.2716 6
      vertex 16.0599 10.5625 6
      vertex 15.6291 12.3708 6
    endloop
  endfacet
  facet normal 0 0 1
    outer loop
      vertex 16.0599 10.5625 6
      vertex 15.3519 12.2716 6
      vertex 15.9579 10.5142 6
    endloop
  endfacet
  facet normal -0 0 1
    outer loop
      vertex 15.0858 12.1458 6
      vertex 15.9579 10.5142 6
      vertex 15.3519 12.2716 6
    endloop
  endfacet
  facet normal 0 0 1
    outer loop
      vertex 15.9579 10.5142 6
      vertex 15.0858 12.1458 6
      vertex 15.8611 10.4562 6
    endloop
  endfacet
  facet normal -0 0 1
    outer loop
      vertex 14.8333 11.9944 6
      vertex 15.8611 10.4562 6
      vertex 15.0858 12.1458 6
    endloop
  endfacet
  facet normal 0 0 1
    outer loop
      vertex 15.8611 10.4562 6
      vertex 14.8333 11.9944 6
      vertex 15.7704 10.389 6
    endloop
  endfacet
  facet normal -0 0 1
    outer loop
      vertex 14.5968 11.819 6
      vertex 15.7704 10.389 6
      vertex 14.8333 11.9944 6
    endloop
  endfacet
  facet normal 0 0 1
    outer loop
      vertex 15.7704 10.389 6
      vertex 14.5968 11.819 6
      vertex 15.6868 10.3132 6
    endloop
  endfacet
  facet normal -0 0 1
    outer loop
      vertex 14.3787 11.6213 6
      vertex 15.6868 10.3132 6
      vertex 14.5968 11.819 6
    endloop
  endfacet
  facet normal 0 0 1
    outer loop
      vertex 15.6868 10.3132 6
      vertex 14.3787 11.6213 6
      vertex 15.611 10.2296 6
    endloop
  endfacet
  facet normal -0 0 1
    outer loop
      vertex 14.181 11.4032 6
      vertex 15.611 10.2296 6
      vertex 14.3787 11.6213 6
    endloop
  endfacet
  facet normal 0 0 1
    outer loop
      vertex 15.611 10.2296 6
      vertex 14.181 11.4032 6
      vertex 15.5438 10.1389 6
    endloop
  endfacet
  facet normal -0 0 1
    outer loop
      vertex 14.0056 11.1667 6
      vertex 15.5438 10.1389 6
      vertex 14.181 11.4032 6
    endloop
  endfacet
  facet normal 0 0 1
    outer loop
      vertex 15.5438 10.1389 6
      vertex 14.0056 11.1667 6
      vertex 15.4858 10.0421 6
    endloop
  endfacet
  facet normal -0 0 1
    outer loop
      vertex 17.4562 8.86109 6
      vertex 18.9944 7.83329 6
      vertex 17.5142 8.95789 6
    endloop
  endfacet
  facet normal 0 0 1
    outer loop
      vertex 18.9944 7.83329 6
      vertex 17.4562 8.86109 6
      vertex 18.819 7.59682 6
    endloop
  endfacet
  facet normal -0 0 1
    outer loop
      vertex 17.389 8.77045 6
      vertex 18.819 7.59682 6
      vertex 17.4562 8.86109 6
    endloop
  endfacet
  facet normal 0 0 1
    outer loop
      vertex 18.819 7.59682 6
      vertex 17.389 8.77045 6
      vertex 18.6213 7.37868 6
    endloop
  endfacet
  facet normal -0 0 1
    outer loop
      vertex 17.3132 8.68683 6
      vertex 18.6213 7.37868 6
      vertex 17.389 8.77045 6
    endloop
  endfacet
  facet normal 0 0 1
    outer loop
      vertex 18.6213 7.37868 6
      vertex 17.3132 8.68683 6
      vertex 18.4032 7.18097 6
    endloop
  endfacet
  facet normal -0 0 1
    outer loop
      vertex 17.2296 8.61104 6
      vertex 18.4032 7.18097 6
      vertex 17.3132 8.68683 6
    endloop
  endfacet
  facet normal 0 0 1
    outer loop
      vertex 18.4032 7.18097 6
      vertex 17.2296 8.61104 6
      vertex 18.1667 7.00559 6
    endloop
  endfacet
  facet normal -0 0 1
    outer loop
      vertex 17.1389 8.54381 6
      vertex 18.1667 7.00559 6
      vertex 17.2296 8.61104 6
    endloop
  endfacet
  facet normal 0 0 1
    outer loop
      vertex 18.1667 7.00559 6
      vertex 17.1389 8.54381 6
      vertex 17.9142 6.85424 6
    endloop
  endfacet
  facet normal -0 0 1
    outer loop
      vertex 17.0421 8.48579 6
      vertex 17.9142 6.85424 6
      vertex 17.1389 8.54381 6
    endloop
  endfacet
  facet normal 0 0 1
    outer loop
      vertex 17.9142 6.85424 6
      vertex 17.0421 8.48579 6
      vertex 17.648 6.72836 6
    endloop
  endfacet
  facet normal -0 0 1
    outer loop
      vertex 16.9401 8.43754 6
      vertex 17.648 6.72836 6
      vertex 17.0421 8.48579 6
    endloop
  endfacet
  facet normal -0 0 1
    outer loop
      vertex 16.8338 8.39952 6
      vertex 17.648 6.72836 6
      vertex 16.9401 8.43754 6
    endloop
  endfacet
  facet normal -0 0 1
    outer loop
      vertex 16.7244 8.3721 6
      vertex 17.648 6.72836 6
      vertex 16.8338 8.39952 6
    endloop
  endfacet
  facet normal -0 0 1
    outer loop
      vertex 16.6127 8.35554 6
      vertex 17.648 6.72836 6
      vertex 16.7244 8.3721 6
    endloop
  endfacet
  facet normal -0 0 1
    outer loop
      vertex 16.5 8.35 6
      vertex 17.648 6.72836 6
      vertex 16.6127 8.35554 6
    endloop
  endfacet
  facet normal 0 0 1
    outer loop
      vertex 16.3873 8.35554 6
      vertex 17.648 6.72836 6
      vertex 16.5 8.35 6
    endloop
  endfacet
  facet normal 0 0 1
    outer loop
      vertex 16.2756 8.3721 6
      vertex 17.648 6.72836 6
      vertex 16.3873 8.35554 6
    endloop
  endfacet
  facet normal 0 0 1
    outer loop
      vertex 16.1662 8.39952 6
      vertex 17.648 6.72836 6
      vertex 16.2756 8.3721 6
    endloop
  endfacet
  facet normal 0 0 1
    outer loop
      vertex 13.975 5.07 6
      vertex 16.1662 8.39952 6
      vertex 16.0599 8.43754 6
    endloop
  endfacet
  facet normal 0 0 1
    outer loop
      vertex 13.975 5.07 6
      vertex 16.0599 8.43754 6
      vertex 15.9579 8.48579 6
    endloop
  endfacet
  facet normal 0 0 1
    outer loop
      vertex 13.975 5.07 6
      vertex 15.9579 8.48579 6
      vertex 15.8611 8.54381 6
    endloop
  endfacet
  facet normal 0 0 1
    outer loop
      vertex 13.975 5.07 6
      vertex 15.8611 8.54381 6
      vertex 15.7704 8.61104 6
    endloop
  endfacet
  facet normal 0 0 1
    outer loop
      vertex 13.975 5.07 6
      vertex 15.7704 8.61104 6
      vertex 15.6868 8.68683 6
    endloop
  endfacet
  facet normal 0 0 1
    outer loop
      vertex 15.4858 10.0421 6
      vertex 14.0056 11.1667 6
      vertex 15.4375 9.94009 6
    endloop
  endfacet
  facet normal 0 0 1
    outer loop
      vertex 15.4375 9.94009 6
      vertex 14.0056 11.1667 6
      vertex 15.3995 9.83383 6
    endloop
  endfacet
  facet normal 0 0 1
    outer loop
      vertex 15.3995 9.83383 6
      vertex 14.0056 11.1667 6
      vertex 15.3721 9.72435 6
    endloop
  endfacet
  facet normal 0 0 1
    outer loop
      vertex 15.3721 9.72435 6
      vertex 14.0056 11.1667 6
      vertex 15.3555 9.61272 6
    endloop
  endfacet
  facet normal 0 0 1
    outer loop
      vertex 15.3555 9.61272 6
      vertex 14.0056 11.1667 6
      vertex 15.35 9.5 6
    endloop
  endfacet
  facet normal 0 0 1
    outer loop
      vertex 15.35 9.5 6
      vertex 14.0056 11.1667 6
      vertex 15.3555 9.38728 6
    endloop
  endfacet
  facet normal 0 0 1
    outer loop
      vertex 11.575 7.47 6
      vertex 15.3555 9.38728 6
      vertex 14.0056 11.1667 6
    endloop
  endfacet
  facet normal 0 0 1
    outer loop
      vertex 15.3555 9.38728 6
      vertex 11.575 7.47 6
      vertex 15.3721 9.27565 6
    endloop
  endfacet
  facet normal 0 0 1
    outer loop
      vertex 15.3721 9.27565 6
      vertex 11.575 7.47 6
      vertex 15.3995 9.16617 6
    endloop
  endfacet
  facet normal 0 0 1
    outer loop
      vertex 15.3995 9.16617 6
      vertex 11.575 7.47 6
      vertex 15.4375 9.05991 6
    endloop
  endfacet
  facet normal 0 0 1
    outer loop
      vertex 15.4375 9.05991 6
      vertex 11.575 7.47 6
      vertex 15.4858 8.95789 6
    endloop
  endfacet
  facet normal 0 0 1
    outer loop
      vertex 16.1662 8.39952 6
      vertex 13.975 5.07 6
      vertex 17.648 6.72836 6
    endloop
  endfacet
  facet normal 0 0 1
    outer loop
      vertex 15.611 8.77045 6
      vertex 13.975 5.07 6
      vertex 15.6868 8.68683 6
    endloop
  endfacet
  facet normal 0 0 1
    outer loop
      vertex 11.575 7.47 6
      vertex 15.611 8.77045 6
      vertex 15.5438 8.86109 6
    endloop
  endfacet
  facet normal 0 0 1
    outer loop
      vertex 15.4858 8.95789 6
      vertex 11.575 7.47 6
      vertex 15.5438 8.86109 6
    endloop
  endfacet
  facet normal 0 0 1
    outer loop
      vertex 15.611 8.77045 6
      vertex 11.575 7.47 6
      vertex 11.575 7.3 6
    endloop
  endfacet
  facet normal 0 0 1
    outer loop
      vertex 15.611 8.77045 6
      vertex 11.575 7.3 6
      vertex 13.975 5.07 6
    endloop
  endfacet
  facet normal -0 0 1
    outer loop
      vertex 11.575 5.1 6
      vertex 13.975 5.07 6
      vertex 11.575 7.3 6
    endloop
  endfacet
  facet normal 0 0 1
    outer loop
      vertex 13.975 5.07 6
      vertex 11.575 5.1 6
      vertex 11.575 5.07 6
    endloop
  endfacet
  facet normal 0 0 -1
    outer loop
      vertex -7.975 5.86301 0
      vertex -11.8555 9.38728 0
      vertex -11.85 9.5 0
    endloop
  endfacet
  facet normal 0 0 -1
    outer loop
      vertex -7.975 5.86301 0
      vertex -11.8721 9.27565 0
      vertex -11.8555 9.38728 0
    endloop
  endfacet
  facet normal 0 0 -1
    outer loop
      vertex -7.975 5.86301 0
      vertex -11.8995 9.16617 0
      vertex -11.8721 9.27565 0
    endloop
  endfacet
  facet normal 0 0 -1
    outer loop
      vertex -7.975 5.86301 0
      vertex -11.9375 9.05991 0
      vertex -11.8995 9.16617 0
    endloop
  endfacet
  facet normal 0 0 -1
    outer loop
      vertex -7.975 5.86301 0
      vertex -11.9858 8.95789 0
      vertex -11.9375 9.05991 0
    endloop
  endfacet
  facet normal 0 0 -1
    outer loop
      vertex -7.975 5.86301 0
      vertex -12.0438 8.86109 0
      vertex -11.9858 8.95789 0
    endloop
  endfacet
  facet normal 0 0 -1
    outer loop
      vertex -7.975 5.86301 0
      vertex -12.111 8.77045 0
      vertex -12.0438 8.86109 0
    endloop
  endfacet
  facet normal 0 0 -1
    outer loop
      vertex -7.975 5.86301 0
      vertex -12.1868 8.68683 0
      vertex -12.111 8.77045 0
    endloop
  endfacet
  facet normal 0 0 -1
    outer loop
      vertex -7.975 5.86301 0
      vertex -12.2704 8.61104 0
      vertex -12.1868 8.68683 0
    endloop
  endfacet
  facet normal 0 0 -1
    outer loop
      vertex -13.2941 6.51445 0
      vertex -12.2704 8.61104 0
      vertex -7.975 5.86301 0
    endloop
  endfacet
  facet normal 0 0 -1
    outer loop
      vertex -12.2704 8.61104 0
      vertex -13.2941 6.51445 0
      vertex -12.3611 8.54381 0
    endloop
  endfacet
  facet normal 0 0 -1
    outer loop
      vertex -12.3611 8.54381 0
      vertex -13.2941 6.51445 0
      vertex -12.4579 8.48579 0
    endloop
  endfacet
  facet normal 0 0 -1
    outer loop
      vertex -12.4579 8.48579 0
      vertex -13.2941 6.51445 0
      vertex -12.5599 8.43754 0
    endloop
  endfacet
  facet normal 0 0 -1
    outer loop
      vertex -12.5599 8.43754 0
      vertex -13.2941 6.51445 0
      vertex -12.6662 8.39952 0
    endloop
  endfacet
  facet normal 0 0 -1
    outer loop
      vertex -12.6662 8.39952 0
      vertex -13.2941 6.51445 0
      vertex -12.7756 8.3721 0
    endloop
  endfacet
  facet normal 0 0 -1
    outer loop
      vertex -12.7756 8.3721 0
      vertex -13.2941 6.51445 0
      vertex -12.8873 8.35554 0
    endloop
  endfacet
  facet normal 0 0 -1
    outer loop
      vertex -12.8873 8.35554 0
      vertex -13.2941 6.51445 0
      vertex -13 8.35 0
    endloop
  endfacet
  facet normal -0 0 -1
    outer loop
      vertex -13 8.35 0
      vertex -13.2941 6.51445 0
      vertex -13.1127 8.35554 0
    endloop
  endfacet
  facet normal -0 0 -1
    outer loop
      vertex -13.1127 8.35554 0
      vertex -13.2941 6.51445 0
      vertex -13.2244 8.3721 0
    endloop
  endfacet
  facet normal 0 0 -1
    outer loop
      vertex -13.5853 6.55764 0
      vertex -13.2244 8.3721 0
      vertex -13.2941 6.51445 0
    endloop
  endfacet
  facet normal -0 0 -1
    outer loop
      vertex -13.2244 8.3721 0
      vertex -13.5853 6.55764 0
      vertex -13.3338 8.39952 0
    endloop
  endfacet
  facet normal 0 0 -1
    outer loop
      vertex -13.8709 6.62918 0
      vertex -13.3338 8.39952 0
      vertex -13.5853 6.55764 0
    endloop
  endfacet
  facet normal -0 0 -1
    outer loop
      vertex -13.3338 8.39952 0
      vertex -13.8709 6.62918 0
      vertex -13.4401 8.43754 0
    endloop
  endfacet
  facet normal 0 0 -1
    outer loop
      vertex -14.148 6.72836 0
      vertex -13.4401 8.43754 0
      vertex -13.8709 6.62918 0
    endloop
  endfacet
  facet normal -0 0 -1
    outer loop
      vertex -13.4401 8.43754 0
      vertex -14.148 6.72836 0
      vertex -13.5421 8.48579 0
    endloop
  endfacet
  facet normal 0 0 -1
    outer loop
      vertex -14.4142 6.85424 0
      vertex -13.5421 8.48579 0
      vertex -14.148 6.72836 0
    endloop
  endfacet
  facet normal -0 0 -1
    outer loop
      vertex -13.5421 8.48579 0
      vertex -14.4142 6.85424 0
      vertex -13.6389 8.54381 0
    endloop
  endfacet
  facet normal 0 0 -1
    outer loop
      vertex -14.6667 7.00559 0
      vertex -13.6389 8.54381 0
      vertex -14.4142 6.85424 0
    endloop
  endfacet
  facet normal -0 0 -1
    outer loop
      vertex -13.6389 8.54381 0
      vertex -14.6667 7.00559 0
      vertex -13.7296 8.61104 0
    endloop
  endfacet
  facet normal 0 0 -1
    outer loop
      vertex -14.9032 7.18097 0
      vertex -13.7296 8.61104 0
      vertex -14.6667 7.00559 0
    endloop
  endfacet
  facet normal -0 0 -1
    outer loop
      vertex -13.7296 8.61104 0
      vertex -14.9032 7.18097 0
      vertex -13.8132 8.68683 0
    endloop
  endfacet
  facet normal 0 0 -1
    outer loop
      vertex -15.1213 7.37868 0
      vertex -13.8132 8.68683 0
      vertex -14.9032 7.18097 0
    endloop
  endfacet
  facet normal -0 0 -1
    outer loop
      vertex -13.8132 8.68683 0
      vertex -15.1213 7.37868 0
      vertex -13.889 8.77045 0
    endloop
  endfacet
  facet normal 0 0 -1
    outer loop
      vertex -15.319 7.59682 0
      vertex -13.889 8.77045 0
      vertex -15.1213 7.37868 0
    endloop
  endfacet
  facet normal -0 0 -1
    outer loop
      vertex -13.889 8.77045 0
      vertex -15.319 7.59682 0
      vertex -13.9562 8.86109 0
    endloop
  endfacet
  facet normal 0 0 -1
    outer loop
      vertex -15.4944 7.83329 0
      vertex -13.9562 8.86109 0
      vertex -15.319 7.59682 0
    endloop
  endfacet
  facet normal -0 0 -1
    outer loop
      vertex -13.9562 8.86109 0
      vertex -15.4944 7.83329 0
      vertex -14.0142 8.95789 0
    endloop
  endfacet
  facet normal 0 0 -1
    outer loop
      vertex 5.03237 -7.6 0
      vertex 5.5 -7.3 0
      vertex 5.5 -7.6 0
    endloop
  endfacet
  facet normal -0 0 -1
    outer loop
      vertex 5.5 -7.3 0
      vertex 5.03237 -7.6 0
      vertex 5.5 -5.1 0
    endloop
  endfacet
  facet normal 0 0 -1
    outer loop
      vertex -1.5 -5.07 0
      vertex 5.5 -5.1 0
      vertex 5.03237 -7.6 0
    endloop
  endfacet
  facet normal 0 0 -1
    outer loop
      vertex 5.5 -5.1 0
      vertex -1.5 -5.07 0
      vertex 5.5 5.1 0
    endloop
  endfacet
  facet normal 0 0 -1
    outer loop
      vertex -1.5 5.07 0
      vertex 5.5 5.1 0
      vertex -1.5 -5.07 0
    endloop
  endfacet
  facet normal 0 0 -1
    outer loop
      vertex 5.5 7.3 0
      vertex 5.03237 7.6 0
      vertex 5.5 7.6 0
    endloop
  endfacet
  facet normal 0 -0 -1
    outer loop
      vertex 5.03237 7.6 0
      vertex 5.5 5.1 0
      vertex -1.5 5.07 0
    endloop
  endfacet
  facet normal 0 0 -1
    outer loop
      vertex 5.03237 -7.6 0
      vertex -1.74495 -5.1 0
      vertex -1.5 -5.07 0
    endloop
  endfacet
  facet normal 0 0 -1
    outer loop
      vertex -12.1291 -12.3708 0
      vertex -1.74495 -5.1 0
      vertex 5.03237 -7.6 0
    endloop
  endfacet
  facet normal 0 0 -1
    outer loop
      vertex -1.74495 -5.1 0
      vertex -12.1291 -12.3708 0
      vertex -7.975 -5.86301 0
    endloop
  endfacet
  facet normal 0 0 -1
    outer loop
      vertex -7.975 -5.86301 0
      vertex -11.8555 -9.61272 0
      vertex -11.85 -9.5 0
    endloop
  endfacet
  facet normal 0 0 -1
    outer loop
      vertex -7.975 -5.86301 0
      vertex -11.8721 -9.72435 0
      vertex -11.8555 -9.61272 0
    endloop
  endfacet
  facet normal 0 0 -1
    outer loop
      vertex -7.975 -5.86301 0
      vertex -11.8995 -9.83383 0
      vertex -11.8721 -9.72435 0
    endloop
  endfacet
  facet normal 0 0 -1
    outer loop
      vertex -7.975 -5.86301 0
      vertex -12.1291 -12.3708 0
      vertex -11.8995 -9.83383 0
    endloop
  endfacet
  facet normal 0 0 -1
    outer loop
      vertex -11.8995 -9.83383 0
      vertex -12.1291 -12.3708 0
      vertex -11.9375 -9.94009 0
    endloop
  endfacet
  facet normal 0 0 -1
    outer loop
      vertex -11.9375 -9.94009 0
      vertex -12.1291 -12.3708 0
      vertex -11.9858 -10.0421 0
    endloop
  endfacet
  facet normal 0 0 -1
    outer loop
      vertex -11.9858 -10.0421 0
      vertex -12.1291 -12.3708 0
      vertex -12.0438 -10.1389 0
    endloop
  endfacet
  facet normal 0 0 -1
    outer loop
      vertex -12.0438 -10.1389 0
      vertex -12.1291 -12.3708 0
      vertex -12.111 -10.2296 0
    endloop
  endfacet
  facet normal 0 0 -1
    outer loop
      vertex -12.1291 -12.3708 0
      vertex -12.1868 -10.3132 0
      vertex -12.111 -10.2296 0
    endloop
  endfacet
  facet normal 0 0 -1
    outer loop
      vertex -12.1291 -12.3708 0
      vertex -12.2704 -10.389 0
      vertex -12.1868 -10.3132 0
    endloop
  endfacet
  facet normal 0 0 -1
    outer loop
      vertex -12.1291 -12.3708 0
      vertex -12.3611 -10.4562 0
      vertex -12.2704 -10.389 0
    endloop
  endfacet
  facet normal 0 0 -1
    outer loop
      vertex -12.6662 -10.6005 0
      vertex -12.1291 -12.3708 0
      vertex -12.4147 -12.4424 0
    endloop
  endfacet
  facet normal 0 0 -1
    outer loop
      vertex -12.1291 -12.3708 0
      vertex -12.4579 -10.5142 0
      vertex -12.3611 -10.4562 0
    endloop
  endfacet
  facet normal 0 0 -1
    outer loop
      vertex -12.1291 -12.3708 0
      vertex -12.5599 -10.5625 0
      vertex -12.4579 -10.5142 0
    endloop
  endfacet
  facet normal 0 0 -1
    outer loop
      vertex -12.1291 -12.3708 0
      vertex -12.6662 -10.6005 0
      vertex -12.5599 -10.5625 0
    endloop
  endfacet
  facet normal 0 0 -1
    outer loop
      vertex -12.7756 -10.6279 0
      vertex -12.4147 -12.4424 0
      vertex -12.7059 -12.4856 0
    endloop
  endfacet
  facet normal 0 0 -1
    outer loop
      vertex -12.4147 -12.4424 0
      vertex -12.7756 -10.6279 0
      vertex -12.6662 -10.6005 0
    endloop
  endfacet
  facet normal 0 0 -1
    outer loop
      vertex -12.7059 -12.4856 0
      vertex -12.8873 -10.6445 0
      vertex -12.7756 -10.6279 0
    endloop
  endfacet
  facet normal 0 0 -1
    outer loop
      vertex -13 -12.5 0
      vertex -12.8873 -10.6445 0
      vertex -12.7059 -12.4856 0
    endloop
  endfacet
  facet normal 0 0 -1
    outer loop
      vertex -13 -12.5 0
      vertex -13 -10.65 0
      vertex -12.8873 -10.6445 0
    endloop
  endfacet
  facet normal 0 0 -1
    outer loop
      vertex -13 -12.5 0
      vertex -13.1127 -10.6445 0
      vertex -13 -10.65 0
    endloop
  endfacet
  facet normal 0 0 -1
    outer loop
      vertex -13.2941 -12.4856 0
      vertex -13.1127 -10.6445 0
      vertex -13 -12.5 0
    endloop
  endfacet
  facet normal -0 0 -1
    outer loop
      vertex -13.1127 -10.6445 0
      vertex -13.2941 -12.4856 0
      vertex -13.2244 -10.6279 0
    endloop
  endfacet
  facet normal 0 0 -1
    outer loop
      vertex -13.5853 -12.4424 0
      vertex -13.2244 -10.6279 0
      vertex -13.2941 -12.4856 0
    endloop
  endfacet
  facet normal -0 0 -1
    outer loop
      vertex -13.2244 -10.6279 0
      vertex -13.5853 -12.4424 0
      vertex -13.3338 -10.6005 0
    endloop
  endfacet
  facet normal 0 0 -1
    outer loop
      vertex -13.8709 -12.3708 0
      vertex -13.3338 -10.6005 0
      vertex -13.5853 -12.4424 0
    endloop
  endfacet
  facet normal -0 0 -1
    outer loop
      vertex -13.3338 -10.6005 0
      vertex -13.8709 -12.3708 0
      vertex -13.4401 -10.5625 0
    endloop
  endfacet
  facet normal 0 0 -1
    outer loop
      vertex -14.148 -12.2716 0
      vertex -13.4401 -10.5625 0
      vertex -13.8709 -12.3708 0
    endloop
  endfacet
  facet normal -0 0 -1
    outer loop
      vertex -13.4401 -10.5625 0
      vertex -14.148 -12.2716 0
      vertex -13.5421 -10.5142 0
    endloop
  endfacet
  facet normal 0 0 -1
    outer loop
      vertex -14.4142 -12.1458 0
      vertex -13.5421 -10.5142 0
      vertex -14.148 -12.2716 0
    endloop
  endfacet
  facet normal -0 0 -1
    outer loop
      vertex -13.5421 -10.5142 0
      vertex -14.4142 -12.1458 0
      vertex -13.6389 -10.4562 0
    endloop
  endfacet
  facet normal 0 0 -1
    outer loop
      vertex -14.6667 -11.9944 0
      vertex -13.6389 -10.4562 0
      vertex -14.4142 -12.1458 0
    endloop
  endfacet
  facet normal -0 0 -1
    outer loop
      vertex -13.6389 -10.4562 0
      vertex -14.6667 -11.9944 0
      vertex -13.7296 -10.389 0
    endloop
  endfacet
  facet normal 0 0 -1
    outer loop
      vertex -14.9032 -11.819 0
      vertex -13.7296 -10.389 0
      vertex -14.6667 -11.9944 0
    endloop
  endfacet
  facet normal -0 0 -1
    outer loop
      vertex -13.7296 -10.389 0
      vertex -14.9032 -11.819 0
      vertex -13.8132 -10.3132 0
    endloop
  endfacet
  facet normal 0 0 -1
    outer loop
      vertex -15.1213 -11.6213 0
      vertex -13.8132 -10.3132 0
      vertex -14.9032 -11.819 0
    endloop
  endfacet
  facet normal -0 0 -1
    outer loop
      vertex -13.8132 -10.3132 0
      vertex -15.1213 -11.6213 0
      vertex -13.889 -10.2296 0
    endloop
  endfacet
  facet normal 0 0 -1
    outer loop
      vertex -15.319 -11.4032 0
      vertex -13.889 -10.2296 0
      vertex -15.1213 -11.6213 0
    endloop
  endfacet
  facet normal -0 0 -1
    outer loop
      vertex -13.889 -10.2296 0
      vertex -15.319 -11.4032 0
      vertex -13.9562 -10.1389 0
    endloop
  endfacet
  facet normal 0 0 -1
    outer loop
      vertex -15.4944 -11.1667 0
      vertex -13.9562 -10.1389 0
      vertex -15.319 -11.4032 0
    endloop
  endfacet
  facet normal -0 0 -1
    outer loop
      vertex -13.9562 -10.1389 0
      vertex -15.4944 -11.1667 0
      vertex -14.0142 -10.0421 0
    endloop
  endfacet
  facet normal 0 0 -1
    outer loop
      vertex 5.5 -7.3 0
      vertex 11.575 -5.1 0
      vertex 11.575 -7.3 0
    endloop
  endfacet
  facet normal -0 0 -1
    outer loop
      vertex 11.575 -5.1 0
      vertex 5.5 -7.3 0
      vertex 5.5 -5.1 0
    endloop
  endfacet
  facet normal 0 0 -1
    outer loop
      vertex 5.5 5.1 0
      vertex 11.575 7.3 0
      vertex 11.575 5.1 0
    endloop
  endfacet
  facet normal -0 0 -1
    outer loop
      vertex 11.575 7.3 0
      vertex 5.5 5.1 0
      vertex 5.5 7.3 0
    endloop
  endfacet
  facet normal 0 0 -1
    outer loop
      vertex 17.65 9.5 0
      vertex 19.5 9.5 0
      vertex 19.4856 9.20595 0
    endloop
  endfacet
  facet normal 0 0 -1
    outer loop
      vertex 17.6445 9.38728 0
      vertex 19.4856 9.20595 0
      vertex 19.4424 8.91473 0
    endloop
  endfacet
  facet normal 0 0 -1
    outer loop
      vertex 19.5 9.5 0
      vertex 17.65 9.5 0
      vertex 19.4856 9.79405 0
    endloop
  endfacet
  facet normal 0 0 -1
    outer loop
      vertex 17.6279 9.27565 0
      vertex 19.4424 8.91473 0
      vertex 19.3708 8.62915 0
    endloop
  endfacet
  facet normal 0 0 -1
    outer loop
      vertex 17.6445 9.61272 0
      vertex 19.4856 9.79405 0
      vertex 17.65 9.5 0
    endloop
  endfacet
  facet normal 0 0 -1
    outer loop
      vertex 17.6005 9.16617 0
      vertex 19.3708 8.62915 0
      vertex 19.2716 8.35195 0
    endloop
  endfacet
  facet normal -0 0 -1
    outer loop
      vertex 19.4856 9.79405 0
      vertex 17.6445 9.61272 0
      vertex 19.4424 10.0853 0
    endloop
  endfacet
  facet normal 0 0 -1
    outer loop
      vertex 17.5625 9.05991 0
      vertex 19.2716 8.35195 0
      vertex 19.1458 8.08581 0
    endloop
  endfacet
  facet normal 0 0 -1
    outer loop
      vertex 17.6279 9.72435 0
      vertex 19.4424 10.0853 0
      vertex 17.6445 9.61272 0
    endloop
  endfacet
  facet normal 0 0 -1
    outer loop
      vertex 17.5142 8.95789 0
      vertex 19.1458 8.08581 0
      vertex 18.9944 7.83329 0
    endloop
  endfacet
  facet normal -0 0 -1
    outer loop
      vertex 19.4424 10.0853 0
      vertex 17.6279 9.72435 0
      vertex 19.3708 10.3709 0
    endloop
  endfacet
  facet normal 0 0 -1
    outer loop
      vertex 17.4562 8.86109 0
      vertex 18.9944 7.83329 0
      vertex 18.819 7.59682 0
    endloop
  endfacet
  facet normal 0 0 -1
    outer loop
      vertex 17.6005 9.83383 0
      vertex 19.3708 10.3709 0
      vertex 17.6279 9.72435 0
    endloop
  endfacet
  facet normal 0 0 -1
    outer loop
      vertex 17.389 8.77045 0
      vertex 18.819 7.59682 0
      vertex 18.6213 7.37868 0
    endloop
  endfacet
  facet normal -0 0 -1
    outer loop
      vertex 19.3708 10.3709 0
      vertex 17.6005 9.83383 0
      vertex 19.2716 10.648 0
    endloop
  endfacet
  facet normal 0 0 -1
    outer loop
      vertex 17.3132 8.68683 0
      vertex 18.6213 7.37868 0
      vertex 18.4032 7.18097 0
    endloop
  endfacet
  facet normal 0 0 -1
    outer loop
      vertex 17.5625 9.94009 0
      vertex 19.2716 10.648 0
      vertex 17.6005 9.83383 0
    endloop
  endfacet
  facet normal 0 0 -1
    outer loop
      vertex 17.2296 8.61104 0
      vertex 18.4032 7.18097 0
      vertex 18.1667 7.00559 0
    endloop
  endfacet
  facet normal -0 0 -1
    outer loop
      vertex 19.2716 10.648 0
      vertex 17.5625 9.94009 0
      vertex 19.1458 10.9142 0
    endloop
  endfacet
  facet normal 0 0 -1
    outer loop
      vertex 17.1389 8.54381 0
      vertex 18.1667 7.00559 0
      vertex 17.9142 6.85424 0
    endloop
  endfacet
  facet normal 0 0 -1
    outer loop
      vertex 17.5142 10.0421 0
      vertex 19.1458 10.9142 0
      vertex 17.5625 9.94009 0
    endloop
  endfacet
  facet normal -0 0 -1
    outer loop
      vertex 19.1458 10.9142 0
      vertex 17.5142 10.0421 0
      vertex 18.9944 11.1667 0
    endloop
  endfacet
  facet normal 0 0 -1
    outer loop
      vertex 17.0421 8.48579 0
      vertex 17.9142 6.85424 0
      vertex 17.648 6.72836 0
    endloop
  endfacet
  facet normal 0 0 -1
    outer loop
      vertex 19.4856 9.20595 0
      vertex 17.6445 9.38728 0
      vertex 17.65 9.5 0
    endloop
  endfacet
  facet normal 0 0 -1
    outer loop
      vertex 19.4424 8.91473 0
      vertex 17.6279 9.27565 0
      vertex 17.6445 9.38728 0
    endloop
  endfacet
  facet normal 0 0 -1
    outer loop
      vertex 19.3708 8.62915 0
      vertex 17.6005 9.16617 0
      vertex 17.6279 9.27565 0
    endloop
  endfacet
  facet normal 0 0 -1
    outer loop
      vertex 19.2716 8.35195 0
      vertex 17.5625 9.05991 0
      vertex 17.6005 9.16617 0
    endloop
  endfacet
  facet normal 0 0 -1
    outer loop
      vertex 19.1458 8.08581 0
      vertex 17.5142 8.95789 0
      vertex 17.5625 9.05991 0
    endloop
  endfacet
  facet normal 0 0 -1
    outer loop
      vertex 18.9944 7.83329 0
      vertex 17.4562 8.86109 0
      vertex 17.5142 8.95789 0
    endloop
  endfacet
  facet normal 0 0 -1
    outer loop
      vertex 18.819 7.59682 0
      vertex 17.389 8.77045 0
      vertex 17.4562 8.86109 0
    endloop
  endfacet
  facet normal 0 0 -1
    outer loop
      vertex 18.6213 7.37868 0
      vertex 17.3132 8.68683 0
      vertex 17.389 8.77045 0
    endloop
  endfacet
  facet normal 0 0 -1
    outer loop
      vertex 18.4032 7.18097 0
      vertex 17.2296 8.61104 0
      vertex 17.3132 8.68683 0
    endloop
  endfacet
  facet normal 0 0 -1
    outer loop
      vertex 18.1667 7.00559 0
      vertex 17.1389 8.54381 0
      vertex 17.2296 8.61104 0
    endloop
  endfacet
  facet normal 0 0 -1
    outer loop
      vertex 17.9142 6.85424 0
      vertex 17.0421 8.48579 0
      vertex 17.1389 8.54381 0
    endloop
  endfacet
  facet normal 0 0 -1
    outer loop
      vertex 17.648 6.72836 0
      vertex 16.9401 8.43754 0
      vertex 17.0421 8.48579 0
    endloop
  endfacet
  facet normal 0 0 -1
    outer loop
      vertex 17.648 6.72836 0
      vertex 16.8338 8.39952 0
      vertex 16.9401 8.43754 0
    endloop
  endfacet
  facet normal 0 0 -1
    outer loop
      vertex 17.648 6.72836 0
      vertex 16.7244 8.3721 0
      vertex 16.8338 8.39952 0
    endloop
  endfacet
  facet normal 0 0 -1
    outer loop
      vertex 17.648 6.72836 0
      vertex 16.6127 8.35554 0
      vertex 16.7244 8.3721 0
    endloop
  endfacet
  facet normal 0 0 -1
    outer loop
      vertex 17.648 6.72836 0
      vertex 16.5 8.35 0
      vertex 16.6127 8.35554 0
    endloop
  endfacet
  facet normal 0 0 -1
    outer loop
      vertex 17.648 6.72836 0
      vertex 16.3873 8.35554 0
      vertex 16.5 8.35 0
    endloop
  endfacet
  facet normal 0 0 -1
    outer loop
      vertex 17.648 6.72836 0
      vertex 16.2756 8.3721 0
      vertex 16.3873 8.35554 0
    endloop
  endfacet
  facet normal 0 0 -1
    outer loop
      vertex 17.648 6.72836 0
      vertex 16.1662 8.39952 0
      vertex 16.2756 8.3721 0
    endloop
  endfacet
  facet normal 0 0 -1
    outer loop
      vertex 13.975 5.07 0
      vertex 16.1662 8.39952 0
      vertex 17.648 6.72836 0
    endloop
  endfacet
  facet normal -0 0 -1
    outer loop
      vertex 16.1662 8.39952 0
      vertex 13.975 5.07 0
      vertex 16.0599 8.43754 0
    endloop
  endfacet
  facet normal -0 0 -1
    outer loop
      vertex 16.0599 8.43754 0
      vertex 13.975 5.07 0
      vertex 15.9579 8.48579 0
    endloop
  endfacet
  facet normal -0 0 -1
    outer loop
      vertex 15.9579 8.48579 0
      vertex 13.975 5.07 0
      vertex 15.8611 8.54381 0
    endloop
  endfacet
  facet normal -0 0 -1
    outer loop
      vertex 15.8611 8.54381 0
      vertex 13.975 5.07 0
      vertex 15.7704 8.61104 0
    endloop
  endfacet
  facet normal 0 0 -1
    outer loop
      vertex 14.0056 11.1667 0
      vertex 15.35 9.5 0
      vertex 15.3555 9.38728 0
    endloop
  endfacet
  facet normal 0 0 -1
    outer loop
      vertex 15.35 9.5 0
      vertex 14.8333 11.9944 0
      vertex 15.0858 12.1458 0
    endloop
  endfacet
  facet normal 0 0 -1
    outer loop
      vertex 11.575 7.47 0
      vertex 15.3555 9.38728 0
      vertex 15.3721 9.27565 0
    endloop
  endfacet
  facet normal 0 0 -1
    outer loop
      vertex 15.35 9.5 0
      vertex 14.5968 11.819 0
      vertex 14.8333 11.9944 0
    endloop
  endfacet
  facet normal 0 0 -1
    outer loop
      vertex 11.575 7.47 0
      vertex 15.3721 9.27565 0
      vertex 15.3995 9.16617 0
    endloop
  endfacet
  facet normal 0 0 -1
    outer loop
      vertex 15.35 9.5 0
      vertex 14.3787 11.6213 0
      vertex 14.5968 11.819 0
    endloop
  endfacet
  facet normal 0 0 -1
    outer loop
      vertex 11.575 7.47 0
      vertex 15.3995 9.16617 0
      vertex 15.4375 9.05991 0
    endloop
  endfacet
  facet normal 0 0 -1
    outer loop
      vertex 15.35 9.5 0
      vertex 14.181 11.4032 0
      vertex 14.3787 11.6213 0
    endloop
  endfacet
  facet normal 0 0 -1
    outer loop
      vertex 11.575 7.47 0
      vertex 15.4375 9.05991 0
      vertex 15.4858 8.95789 0
    endloop
  endfacet
  facet normal 0 0 -1
    outer loop
      vertex 15.35 9.5 0
      vertex 14.0056 11.1667 0
      vertex 14.181 11.4032 0
    endloop
  endfacet
  facet normal 0 0 -1
    outer loop
      vertex 11.575 7.47 0
      vertex 15.4858 8.95789 0
      vertex 15.5438 8.86109 0
    endloop
  endfacet
  facet normal -0 0 -1
    outer loop
      vertex 15.7704 8.61104 0
      vertex 13.975 5.07 0
      vertex 15.6868 8.68683 0
    endloop
  endfacet
  facet normal 0 0 -1
    outer loop
      vertex 13.975 5.07 0
      vertex 15.611 8.77045 0
      vertex 15.6868 8.68683 0
    endloop
  endfacet
  facet normal 0 0 -1
    outer loop
      vertex 11.575 7.3 0
      vertex 15.611 8.77045 0
      vertex 13.975 5.07 0
    endloop
  endfacet
  facet normal 0 0 -1
    outer loop
      vertex 11.575 7.47 0
      vertex 15.611 8.77045 0
      vertex 11.575 7.3 0
    endloop
  endfacet
  facet normal 0 0 -1
    outer loop
      vertex 11.575 5.1 0
      vertex 13.975 5.07 0
      vertex 11.575 5.07 0
    endloop
  endfacet
  facet normal 0 0 -1
    outer loop
      vertex 11.575 7.3 0
      vertex 13.975 5.07 0
      vertex 11.575 5.1 0
    endloop
  endfacet
  facet normal -0 0 -1
    outer loop
      vertex 15.611 8.77045 0
      vertex 11.575 7.47 0
      vertex 15.5438 8.86109 0
    endloop
  endfacet
  facet normal -0 0 -1
    outer loop
      vertex 15.3555 9.38728 0
      vertex 11.575 7.47 0
      vertex 14.0056 11.1667 0
    endloop
  endfacet
  facet normal 0 0 -1
    outer loop
      vertex 17.4562 10.1389 0
      vertex 18.9944 11.1667 0
      vertex 17.5142 10.0421 0
    endloop
  endfacet
  facet normal -0 0 -1
    outer loop
      vertex 18.9944 11.1667 0
      vertex 17.4562 10.1389 0
      vertex 18.819 11.4032 0
    endloop
  endfacet
  facet normal 0 0 -1
    outer loop
      vertex 17.389 10.2296 0
      vertex 18.819 11.4032 0
      vertex 17.4562 10.1389 0
    endloop
  endfacet
  facet normal -0 0 -1
    outer loop
      vertex 18.819 11.4032 0
      vertex 17.389 10.2296 0
      vertex 18.6213 11.6213 0
    endloop
  endfacet
  facet normal 0 0 -1
    outer loop
      vertex 17.3132 10.3132 0
      vertex 18.6213 11.6213 0
      vertex 17.389 10.2296 0
    endloop
  endfacet
  facet normal -0 0 -1
    outer loop
      vertex 18.6213 11.6213 0
      vertex 17.3132 10.3132 0
      vertex 18.4032 11.819 0
    endloop
  endfacet
  facet normal 0 0 -1
    outer loop
      vertex 17.2296 10.389 0
      vertex 18.4032 11.819 0
      vertex 17.3132 10.3132 0
    endloop
  endfacet
  facet normal -0 0 -1
    outer loop
      vertex 18.4032 11.819 0
      vertex 17.2296 10.389 0
      vertex 18.1667 11.9944 0
    endloop
  endfacet
  facet normal 0 0 -1
    outer loop
      vertex 17.1389 10.4562 0
      vertex 18.1667 11.9944 0
      vertex 17.2296 10.389 0
    endloop
  endfacet
  facet normal -0 0 -1
    outer loop
      vertex 18.1667 11.9944 0
      vertex 17.1389 10.4562 0
      vertex 17.9142 12.1458 0
    endloop
  endfacet
  facet normal 0 0 -1
    outer loop
      vertex 17.0421 10.5142 0
      vertex 17.9142 12.1458 0
      vertex 17.1389 10.4562 0
    endloop
  endfacet
  facet normal -0 0 -1
    outer loop
      vertex 17.9142 12.1458 0
      vertex 17.0421 10.5142 0
      vertex 17.648 12.2716 0
    endloop
  endfacet
  facet normal 0 0 -1
    outer loop
      vertex 16.9401 10.5625 0
      vertex 17.648 12.2716 0
      vertex 17.0421 10.5142 0
    endloop
  endfacet
  facet normal -0 0 -1
    outer loop
      vertex 17.648 12.2716 0
      vertex 16.9401 10.5625 0
      vertex 17.3709 12.3708 0
    endloop
  endfacet
  facet normal 0 0 -1
    outer loop
      vertex 16.8338 10.6005 0
      vertex 17.3709 12.3708 0
      vertex 16.9401 10.5625 0
    endloop
  endfacet
  facet normal -0 0 -1
    outer loop
      vertex 17.3709 12.3708 0
      vertex 16.8338 10.6005 0
      vertex 17.0853 12.4424 0
    endloop
  endfacet
  facet normal 0 0 -1
    outer loop
      vertex 16.7244 10.6279 0
      vertex 17.0853 12.4424 0
      vertex 16.8338 10.6005 0
    endloop
  endfacet
  facet normal -0 0 -1
    outer loop
      vertex 17.0853 12.4424 0
      vertex 16.7244 10.6279 0
      vertex 16.7941 12.4856 0
    endloop
  endfacet
  facet normal 0 0 -1
    outer loop
      vertex 16.6127 10.6445 0
      vertex 16.7941 12.4856 0
      vertex 16.7244 10.6279 0
    endloop
  endfacet
  facet normal 0 0 -1
    outer loop
      vertex 16.5 10.65 0
      vertex 16.7941 12.4856 0
      vertex 16.6127 10.6445 0
    endloop
  endfacet
  facet normal 0 0 -1
    outer loop
      vertex 16.5 10.65 0
      vertex 16.5 12.5 0
      vertex 16.7941 12.4856 0
    endloop
  endfacet
  facet normal 0 0 -1
    outer loop
      vertex 16.3873 10.6445 0
      vertex 16.5 12.5 0
      vertex 16.5 10.65 0
    endloop
  endfacet
  facet normal 0 0 -1
    outer loop
      vertex 16.2059 12.4856 0
      vertex 16.3873 10.6445 0
      vertex 16.2756 10.6279 0
    endloop
  endfacet
  facet normal 0 0 -1
    outer loop
      vertex 16.3873 10.6445 0
      vertex 16.2059 12.4856 0
      vertex 16.5 12.5 0
    endloop
  endfacet
  facet normal 0 0 -1
    outer loop
      vertex 15.9147 12.4424 0
      vertex 16.2756 10.6279 0
      vertex 16.1662 10.6005 0
    endloop
  endfacet
  facet normal 0 0 -1
    outer loop
      vertex 15.6291 12.3708 0
      vertex 16.1662 10.6005 0
      vertex 16.0599 10.5625 0
    endloop
  endfacet
  facet normal 0 0 -1
    outer loop
      vertex 15.3519 12.2716 0
      vertex 16.0599 10.5625 0
      vertex 15.9579 10.5142 0
    endloop
  endfacet
  facet normal 0 0 -1
    outer loop
      vertex 16.2756 10.6279 0
      vertex 15.9147 12.4424 0
      vertex 16.2059 12.4856 0
    endloop
  endfacet
  facet normal 0 0 -1
    outer loop
      vertex 15.0858 12.1458 0
      vertex 15.9579 10.5142 0
      vertex 15.8611 10.4562 0
    endloop
  endfacet
  facet normal 0 0 -1
    outer loop
      vertex 15.0858 12.1458 0
      vertex 15.8611 10.4562 0
      vertex 15.7704 10.389 0
    endloop
  endfacet
  facet normal 0 0 -1
    outer loop
      vertex 15.0858 12.1458 0
      vertex 15.7704 10.389 0
      vertex 15.6868 10.3132 0
    endloop
  endfacet
  facet normal 0 0 -1
    outer loop
      vertex 16.1662 10.6005 0
      vertex 15.6291 12.3708 0
      vertex 15.9147 12.4424 0
    endloop
  endfacet
  facet normal 0 0 -1
    outer loop
      vertex 15.0858 12.1458 0
      vertex 15.6868 10.3132 0
      vertex 15.611 10.2296 0
    endloop
  endfacet
  facet normal 0 0 -1
    outer loop
      vertex 15.0858 12.1458 0
      vertex 15.611 10.2296 0
      vertex 15.5438 10.1389 0
    endloop
  endfacet
  facet normal 0 0 -1
    outer loop
      vertex 15.0858 12.1458 0
      vertex 15.5438 10.1389 0
      vertex 15.4858 10.0421 0
    endloop
  endfacet
  facet normal 0 0 -1
    outer loop
      vertex 15.0858 12.1458 0
      vertex 15.4858 10.0421 0
      vertex 15.4375 9.94009 0
    endloop
  endfacet
  facet normal 0 0 -1
    outer loop
      vertex 15.0858 12.1458 0
      vertex 15.4375 9.94009 0
      vertex 15.3995 9.83383 0
    endloop
  endfacet
  facet normal 0 0 -1
    outer loop
      vertex 15.0858 12.1458 0
      vertex 15.3995 9.83383 0
      vertex 15.3721 9.72435 0
    endloop
  endfacet
  facet normal 0 0 -1
    outer loop
      vertex 15.0858 12.1458 0
      vertex 15.3721 9.72435 0
      vertex 15.3555 9.61272 0
    endloop
  endfacet
  facet normal 0 0 -1
    outer loop
      vertex 16.0599 10.5625 0
      vertex 15.3519 12.2716 0
      vertex 15.6291 12.3708 0
    endloop
  endfacet
  facet normal 0 0 -1
    outer loop
      vertex 15.0858 12.1458 0
      vertex 15.3555 9.61272 0
      vertex 15.35 9.5 0
    endloop
  endfacet
  facet normal 0 0 -1
    outer loop
      vertex 15.9579 10.5142 0
      vertex 15.0858 12.1458 0
      vertex 15.3519 12.2716 0
    endloop
  endfacet
  facet normal 0 0 -1
    outer loop
      vertex 5.5 5.1 0
      vertex 5.03237 7.6 0
      vertex 5.5 7.3 0
    endloop
  endfacet
  facet normal 0 0 -1
    outer loop
      vertex -1.74495 5.1 0
      vertex 5.03237 7.6 0
      vertex -1.5 5.07 0
    endloop
  endfacet
  facet normal 0 0 -1
    outer loop
      vertex -7.975 5.86301 0
      vertex -1.74495 5.1 0
      vertex -7.975 5.1 0
    endloop
  endfacet
  facet normal 0 0 -1
    outer loop
      vertex -12.1291 12.3708 0
      vertex -1.74495 5.1 0
      vertex -7.975 5.86301 0
    endloop
  endfacet
  facet normal 0 0 -1
    outer loop
      vertex -11.8555 9.61272 0
      vertex -7.975 5.86301 0
      vertex -11.85 9.5 0
    endloop
  endfacet
  facet normal 0 0 -1
    outer loop
      vertex -11.8721 9.72435 0
      vertex -7.975 5.86301 0
      vertex -11.8555 9.61272 0
    endloop
  endfacet
  facet normal 0 0 -1
    outer loop
      vertex -11.8995 9.83383 0
      vertex -7.975 5.86301 0
      vertex -11.8721 9.72435 0
    endloop
  endfacet
  facet normal 0 0 -1
    outer loop
      vertex -12.1291 12.3708 0
      vertex -7.975 5.86301 0
      vertex -11.8995 9.83383 0
    endloop
  endfacet
  facet normal 0 0 -1
    outer loop
      vertex -12.1291 12.3708 0
      vertex -11.8995 9.83383 0
      vertex -11.9375 9.94009 0
    endloop
  endfacet
  facet normal 0 0 -1
    outer loop
      vertex -12.1291 12.3708 0
      vertex -11.9375 9.94009 0
      vertex -11.9858 10.0421 0
    endloop
  endfacet
  facet normal 0 0 -1
    outer loop
      vertex -12.1291 12.3708 0
      vertex -11.9858 10.0421 0
      vertex -12.0438 10.1389 0
    endloop
  endfacet
  facet normal 0 0 -1
    outer loop
      vertex -12.1291 12.3708 0
      vertex -12.0438 10.1389 0
      vertex -12.111 10.2296 0
    endloop
  endfacet
  facet normal 0 0 -1
    outer loop
      vertex -1.74495 5.1 0
      vertex -12.1291 12.3708 0
      vertex 5.03237 7.6 0
    endloop
  endfacet
  facet normal 0 0 -1
    outer loop
      vertex -12.1868 10.3132 0
      vertex -12.1291 12.3708 0
      vertex -12.111 10.2296 0
    endloop
  endfacet
  facet normal 0 0 -1
    outer loop
      vertex -12.2704 10.389 0
      vertex -12.1291 12.3708 0
      vertex -12.1868 10.3132 0
    endloop
  endfacet
  facet normal 0 0 -1
    outer loop
      vertex -12.3611 10.4562 0
      vertex -12.1291 12.3708 0
      vertex -12.2704 10.389 0
    endloop
  endfacet
  facet normal 0 0 -1
    outer loop
      vertex -12.4579 10.5142 0
      vertex -12.1291 12.3708 0
      vertex -12.3611 10.4562 0
    endloop
  endfacet
  facet normal 0 0 -1
    outer loop
      vertex -12.5599 10.5625 0
      vertex -12.1291 12.3708 0
      vertex -12.4579 10.5142 0
    endloop
  endfacet
  facet normal 0 0 -1
    outer loop
      vertex -12.6662 10.6005 0
      vertex -12.1291 12.3708 0
      vertex -12.5599 10.5625 0
    endloop
  endfacet
  facet normal -0 0 -1
    outer loop
      vertex -12.1291 12.3708 0
      vertex -12.6662 10.6005 0
      vertex -12.4147 12.4424 0
    endloop
  endfacet
  facet normal 0 0 -1
    outer loop
      vertex -12.7756 10.6279 0
      vertex -12.4147 12.4424 0
      vertex -12.6662 10.6005 0
    endloop
  endfacet
  facet normal -0 0 -1
    outer loop
      vertex -12.4147 12.4424 0
      vertex -12.7756 10.6279 0
      vertex -12.7059 12.4856 0
    endloop
  endfacet
  facet normal 0 0 -1
    outer loop
      vertex -12.8873 10.6445 0
      vertex -12.7059 12.4856 0
      vertex -12.7756 10.6279 0
    endloop
  endfacet
  facet normal 0 0 -1
    outer loop
      vertex -13 10.65 0
      vertex -12.7059 12.4856 0
      vertex -12.8873 10.6445 0
    endloop
  endfacet
  facet normal 0 0 -1
    outer loop
      vertex -13 10.65 0
      vertex -13 12.5 0
      vertex -12.7059 12.4856 0
    endloop
  endfacet
  facet normal 0 0 -1
    outer loop
      vertex -13.1127 10.6445 0
      vertex -13 12.5 0
      vertex -13 10.65 0
    endloop
  endfacet
  facet normal 0 0 -1
    outer loop
      vertex -13.2941 12.4856 0
      vertex -13.1127 10.6445 0
      vertex -13.2244 10.6279 0
    endloop
  endfacet
  facet normal 0 0 -1
    outer loop
      vertex -13.1127 10.6445 0
      vertex -13.2941 12.4856 0
      vertex -13 12.5 0
    endloop
  endfacet
  facet normal 0 0 -1
    outer loop
      vertex -13.5853 12.4424 0
      vertex -13.2244 10.6279 0
      vertex -13.3338 10.6005 0
    endloop
  endfacet
  facet normal 0 0 -1
    outer loop
      vertex -13.8709 12.3708 0
      vertex -13.3338 10.6005 0
      vertex -13.4401 10.5625 0
    endloop
  endfacet
  facet normal 0 0 -1
    outer loop
      vertex -14.148 12.2716 0
      vertex -13.4401 10.5625 0
      vertex -13.5421 10.5142 0
    endloop
  endfacet
  facet normal 0 0 -1
    outer loop
      vertex -13.2244 10.6279 0
      vertex -13.5853 12.4424 0
      vertex -13.2941 12.4856 0
    endloop
  endfacet
  facet normal 0 0 -1
    outer loop
      vertex -14.4142 12.1458 0
      vertex -13.5421 10.5142 0
      vertex -13.6389 10.4562 0
    endloop
  endfacet
  facet normal 0 0 -1
    outer loop
      vertex -14.6667 11.9944 0
      vertex -13.6389 10.4562 0
      vertex -13.7296 10.389 0
    endloop
  endfacet
  facet normal 0 0 -1
    outer loop
      vertex -14.9032 11.819 0
      vertex -13.7296 10.389 0
      vertex -13.8132 10.3132 0
    endloop
  endfacet
  facet normal 0 0 -1
    outer loop
      vertex -13.3338 10.6005 0
      vertex -13.8709 12.3708 0
      vertex -13.5853 12.4424 0
    endloop
  endfacet
  facet normal 0 0 -1
    outer loop
      vertex -15.1213 11.6213 0
      vertex -13.8132 10.3132 0
      vertex -13.889 10.2296 0
    endloop
  endfacet
  facet normal 0 0 -1
    outer loop
      vertex -15.319 11.4032 0
      vertex -13.889 10.2296 0
      vertex -13.9562 10.1389 0
    endloop
  endfacet
  facet normal 0 0 -1
    outer loop
      vertex -15.4944 11.1667 0
      vertex -13.9562 10.1389 0
      vertex -14.0142 10.0421 0
    endloop
  endfacet
  facet normal 0 0 -1
    outer loop
      vertex -15.6458 10.9142 0
      vertex -14.0142 10.0421 0
      vertex -14.0625 9.94009 0
    endloop
  endfacet
  facet normal 0 0 -1
    outer loop
      vertex -15.7716 10.648 0
      vertex -14.0625 9.94009 0
      vertex -14.1005 9.83383 0
    endloop
  endfacet
  facet normal 0 0 -1
    outer loop
      vertex -15.8708 10.3709 0
      vertex -14.1005 9.83383 0
      vertex -14.1279 9.72435 0
    endloop
  endfacet
  facet normal 0 0 -1
    outer loop
      vertex -15.9424 10.0853 0
      vertex -14.1279 9.72435 0
      vertex -14.1445 9.61272 0
    endloop
  endfacet
  facet normal 0 0 -1
    outer loop
      vertex -13.4401 10.5625 0
      vertex -14.148 12.2716 0
      vertex -13.8709 12.3708 0
    endloop
  endfacet
  facet normal 0 0 -1
    outer loop
      vertex -15.9856 9.79405 0
      vertex -14.1445 9.61272 0
      vertex -14.15 9.5 0
    endloop
  endfacet
  facet normal 0 0 -1
    outer loop
      vertex -15.6458 8.08581 0
      vertex -14.0142 8.95789 0
      vertex -15.4944 7.83329 0
    endloop
  endfacet
  facet normal 0 0 -1
    outer loop
      vertex -13.5421 10.5142 0
      vertex -14.4142 12.1458 0
      vertex -14.148 12.2716 0
    endloop
  endfacet
  facet normal -0 0 -1
    outer loop
      vertex -14.0142 8.95789 0
      vertex -15.6458 8.08581 0
      vertex -14.0625 9.05991 0
    endloop
  endfacet
  facet normal 0 0 -1
    outer loop
      vertex -13.6389 10.4562 0
      vertex -14.6667 11.9944 0
      vertex -14.4142 12.1458 0
    endloop
  endfacet
  facet normal 0 0 -1
    outer loop
      vertex -15.7716 8.35195 0
      vertex -14.0625 9.05991 0
      vertex -15.6458 8.08581 0
    endloop
  endfacet
  facet normal 0 0 -1
    outer loop
      vertex -13.7296 10.389 0
      vertex -14.9032 11.819 0
      vertex -14.6667 11.9944 0
    endloop
  endfacet
  facet normal -0 0 -1
    outer loop
      vertex -14.0625 9.05991 0
      vertex -15.7716 8.35195 0
      vertex -14.1005 9.16617 0
    endloop
  endfacet
  facet normal 0 0 -1
    outer loop
      vertex -13.8132 10.3132 0
      vertex -15.1213 11.6213 0
      vertex -14.9032 11.819 0
    endloop
  endfacet
  facet normal 0 0 -1
    outer loop
      vertex -15.8708 8.62915 0
      vertex -14.1005 9.16617 0
      vertex -15.7716 8.35195 0
    endloop
  endfacet
  facet normal 0 0 -1
    outer loop
      vertex -13.889 10.2296 0
      vertex -15.319 11.4032 0
      vertex -15.1213 11.6213 0
    endloop
  endfacet
  facet normal -0 0 -1
    outer loop
      vertex -14.1005 9.16617 0
      vertex -15.8708 8.62915 0
      vertex -14.1279 9.27565 0
    endloop
  endfacet
  facet normal 0 0 -1
    outer loop
      vertex -13.9562 10.1389 0
      vertex -15.4944 11.1667 0
      vertex -15.319 11.4032 0
    endloop
  endfacet
  facet normal 0 0 -1
    outer loop
      vertex -15.9424 8.91473 0
      vertex -14.1279 9.27565 0
      vertex -15.8708 8.62915 0
    endloop
  endfacet
  facet normal 0 0 -1
    outer loop
      vertex -14.0142 10.0421 0
      vertex -15.6458 10.9142 0
      vertex -15.4944 11.1667 0
    endloop
  endfacet
  facet normal -0 0 -1
    outer loop
      vertex -14.1279 9.27565 0
      vertex -15.9424 8.91473 0
      vertex -14.1445 9.38728 0
    endloop
  endfacet
  facet normal 0 0 -1
    outer loop
      vertex -14.0625 9.94009 0
      vertex -15.7716 10.648 0
      vertex -15.6458 10.9142 0
    endloop
  endfacet
  facet normal 0 0 -1
    outer loop
      vertex -15.9856 9.20595 0
      vertex -14.1445 9.38728 0
      vertex -15.9424 8.91473 0
    endloop
  endfacet
  facet normal 0 0 -1
    outer loop
      vertex -14.1005 9.83383 0
      vertex -15.8708 10.3709 0
      vertex -15.7716 10.648 0
    endloop
  endfacet
  facet normal -0 0 -1
    outer loop
      vertex -14.1445 9.38728 0
      vertex -15.9856 9.20595 0
      vertex -14.15 9.5 0
    endloop
  endfacet
  facet normal 0 0 -1
    outer loop
      vertex -14.1279 9.72435 0
      vertex -15.9424 10.0853 0
      vertex -15.8708 10.3709 0
    endloop
  endfacet
  facet normal 0 0 -1
    outer loop
      vertex -16 9.5 0
      vertex -14.15 9.5 0
      vertex -15.9856 9.20595 0
    endloop
  endfacet
  facet normal 0 0 -1
    outer loop
      vertex -14.1445 9.61272 0
      vertex -15.9856 9.79405 0
      vertex -15.9424 10.0853 0
    endloop
  endfacet
  facet normal 0 0 -1
    outer loop
      vertex -14.15 9.5 0
      vertex -16 9.5 0
      vertex -15.9856 9.79405 0
    endloop
  endfacet
  facet normal -0 0 -1
    outer loop
      vertex -1.74495 -5.1 0
      vertex -7.975 -5.86301 0
      vertex -7.975 -5.1 0
    endloop
  endfacet
  facet normal 0 0 -1
    outer loop
      vertex -11.8555 -9.38728 0
      vertex -7.975 -5.86301 0
      vertex -11.85 -9.5 0
    endloop
  endfacet
  facet normal 0 0 -1
    outer loop
      vertex -11.8721 -9.27565 0
      vertex -7.975 -5.86301 0
      vertex -11.8555 -9.38728 0
    endloop
  endfacet
  facet normal 0 0 -1
    outer loop
      vertex -11.8995 -9.16617 0
      vertex -7.975 -5.86301 0
      vertex -11.8721 -9.27565 0
    endloop
  endfacet
  facet normal 0 0 -1
    outer loop
      vertex -11.9375 -9.05991 0
      vertex -7.975 -5.86301 0
      vertex -11.8995 -9.16617 0
    endloop
  endfacet
  facet normal 0 0 -1
    outer loop
      vertex -11.9858 -8.95789 0
      vertex -7.975 -5.86301 0
      vertex -11.9375 -9.05991 0
    endloop
  endfacet
  facet normal 0 0 -1
    outer loop
      vertex -12.0438 -8.86109 0
      vertex -7.975 -5.86301 0
      vertex -11.9858 -8.95789 0
    endloop
  endfacet
  facet normal 0 0 -1
    outer loop
      vertex -12.111 -8.77045 0
      vertex -7.975 -5.86301 0
      vertex -12.0438 -8.86109 0
    endloop
  endfacet
  facet normal 0 0 -1
    outer loop
      vertex -12.1868 -8.68683 0
      vertex -7.975 -5.86301 0
      vertex -12.111 -8.77045 0
    endloop
  endfacet
  facet normal 0 0 -1
    outer loop
      vertex -12.2704 -8.61104 0
      vertex -7.975 -5.86301 0
      vertex -12.1868 -8.68683 0
    endloop
  endfacet
  facet normal 0 0 -1
    outer loop
      vertex -13.2941 -6.51445 0
      vertex -12.2704 -8.61104 0
      vertex -12.3611 -8.54381 0
    endloop
  endfacet
  facet normal 0 0 -1
    outer loop
      vertex -13.2941 -6.51445 0
      vertex -12.3611 -8.54381 0
      vertex -12.4579 -8.48579 0
    endloop
  endfacet
  facet normal 0 0 -1
    outer loop
      vertex -13.2941 -6.51445 0
      vertex -12.4579 -8.48579 0
      vertex -12.5599 -8.43754 0
    endloop
  endfacet
  facet normal 0 0 -1
    outer loop
      vertex -13.2941 -6.51445 0
      vertex -12.5599 -8.43754 0
      vertex -12.6662 -8.39952 0
    endloop
  endfacet
  facet normal 0 0 -1
    outer loop
      vertex -13.2941 -6.51445 0
      vertex -12.6662 -8.39952 0
      vertex -12.7756 -8.3721 0
    endloop
  endfacet
  facet normal 0 0 -1
    outer loop
      vertex -13.2941 -6.51445 0
      vertex -12.7756 -8.3721 0
      vertex -12.8873 -8.35554 0
    endloop
  endfacet
  facet normal 0 0 -1
    outer loop
      vertex -13.2941 -6.51445 0
      vertex -12.8873 -8.35554 0
      vertex -13 -8.35 0
    endloop
  endfacet
  facet normal 0 0 -1
    outer loop
      vertex -13.2941 -6.51445 0
      vertex -13 -8.35 0
      vertex -13.1127 -8.35554 0
    endloop
  endfacet
  facet normal 0 0 -1
    outer loop
      vertex -13.2941 -6.51445 0
      vertex -13.1127 -8.35554 0
      vertex -13.2244 -8.3721 0
    endloop
  endfacet
  facet normal 0 0 -1
    outer loop
      vertex -12.2704 -8.61104 0
      vertex -13.2941 -6.51445 0
      vertex -7.975 -5.86301 0
    endloop
  endfacet
  facet normal 0 0 -1
    outer loop
      vertex -13.5853 -6.55764 0
      vertex -13.2244 -8.3721 0
      vertex -13.3338 -8.39952 0
    endloop
  endfacet
  facet normal 0 0 -1
    outer loop
      vertex -13.8709 -6.62918 0
      vertex -13.3338 -8.39952 0
      vertex -13.4401 -8.43754 0
    endloop
  endfacet
  facet normal 0 0 -1
    outer loop
      vertex -14.148 -6.72836 0
      vertex -13.4401 -8.43754 0
      vertex -13.5421 -8.48579 0
    endloop
  endfacet
  facet normal 0 0 -1
    outer loop
      vertex -13.2244 -8.3721 0
      vertex -13.5853 -6.55764 0
      vertex -13.2941 -6.51445 0
    endloop
  endfacet
  facet normal 0 0 -1
    outer loop
      vertex -14.4142 -6.85424 0
      vertex -13.5421 -8.48579 0
      vertex -13.6389 -8.54381 0
    endloop
  endfacet
  facet normal 0 0 -1
    outer loop
      vertex -14.6667 -7.00559 0
      vertex -13.6389 -8.54381 0
      vertex -13.7296 -8.61104 0
    endloop
  endfacet
  facet normal 0 0 -1
    outer loop
      vertex -14.9032 -7.18097 0
      vertex -13.7296 -8.61104 0
      vertex -13.8132 -8.68683 0
    endloop
  endfacet
  facet normal 0 0 -1
    outer loop
      vertex -13.3338 -8.39952 0
      vertex -13.8709 -6.62918 0
      vertex -13.5853 -6.55764 0
    endloop
  endfacet
  facet normal 0 0 -1
    outer loop
      vertex -15.1213 -7.37868 0
      vertex -13.8132 -8.68683 0
      vertex -13.889 -8.77045 0
    endloop
  endfacet
  facet normal 0 0 -1
    outer loop
      vertex -15.319 -7.59682 0
      vertex -13.889 -8.77045 0
      vertex -13.9562 -8.86109 0
    endloop
  endfacet
  facet normal 0 0 -1
    outer loop
      vertex -15.4944 -7.83329 0
      vertex -13.9562 -8.86109 0
      vertex -14.0142 -8.95789 0
    endloop
  endfacet
  facet normal 0 0 -1
    outer loop
      vertex -15.6458 -8.08581 0
      vertex -14.0142 -8.95789 0
      vertex -14.0625 -9.05991 0
    endloop
  endfacet
  facet normal 0 0 -1
    outer loop
      vertex -15.7716 -8.35195 0
      vertex -14.0625 -9.05991 0
      vertex -14.1005 -9.16617 0
    endloop
  endfacet
  facet normal 0 0 -1
    outer loop
      vertex -15.8708 -8.62915 0
      vertex -14.1005 -9.16617 0
      vertex -14.1279 -9.27565 0
    endloop
  endfacet
  facet normal 0 0 -1
    outer loop
      vertex -15.9424 -8.91473 0
      vertex -14.1279 -9.27565 0
      vertex -14.1445 -9.38728 0
    endloop
  endfacet
  facet normal 0 0 -1
    outer loop
      vertex -13.4401 -8.43754 0
      vertex -14.148 -6.72836 0
      vertex -13.8709 -6.62918 0
    endloop
  endfacet
  facet normal 0 0 -1
    outer loop
      vertex -15.9856 -9.20595 0
      vertex -14.1445 -9.38728 0
      vertex -14.15 -9.5 0
    endloop
  endfacet
  facet normal 0 0 -1
    outer loop
      vertex -15.6458 -10.9142 0
      vertex -14.0142 -10.0421 0
      vertex -15.4944 -11.1667 0
    endloop
  endfacet
  facet normal 0 0 -1
    outer loop
      vertex -13.5421 -8.48579 0
      vertex -14.4142 -6.85424 0
      vertex -14.148 -6.72836 0
    endloop
  endfacet
  facet normal -0 0 -1
    outer loop
      vertex -14.0142 -10.0421 0
      vertex -15.6458 -10.9142 0
      vertex -14.0625 -9.94009 0
    endloop
  endfacet
  facet normal 0 0 -1
    outer loop
      vertex -13.6389 -8.54381 0
      vertex -14.6667 -7.00559 0
      vertex -14.4142 -6.85424 0
    endloop
  endfacet
  facet normal 0 0 -1
    outer loop
      vertex -15.7716 -10.648 0
      vertex -14.0625 -9.94009 0
      vertex -15.6458 -10.9142 0
    endloop
  endfacet
  facet normal 0 0 -1
    outer loop
      vertex -13.7296 -8.61104 0
      vertex -14.9032 -7.18097 0
      vertex -14.6667 -7.00559 0
    endloop
  endfacet
  facet normal -0 0 -1
    outer loop
      vertex -14.0625 -9.94009 0
      vertex -15.7716 -10.648 0
      vertex -14.1005 -9.83383 0
    endloop
  endfacet
  facet normal 0 0 -1
    outer loop
      vertex -13.8132 -8.68683 0
      vertex -15.1213 -7.37868 0
      vertex -14.9032 -7.18097 0
    endloop
  endfacet
  facet normal 0 0 -1
    outer loop
      vertex -15.8708 -10.3709 0
      vertex -14.1005 -9.83383 0
      vertex -15.7716 -10.648 0
    endloop
  endfacet
  facet normal 0 0 -1
    outer loop
      vertex -13.889 -8.77045 0
      vertex -15.319 -7.59682 0
      vertex -15.1213 -7.37868 0
    endloop
  endfacet
  facet normal -0 0 -1
    outer loop
      vertex -14.1005 -9.83383 0
      vertex -15.8708 -10.3709 0
      vertex -14.1279 -9.72435 0
    endloop
  endfacet
  facet normal 0 0 -1
    outer loop
      vertex -13.9562 -8.86109 0
      vertex -15.4944 -7.83329 0
      vertex -15.319 -7.59682 0
    endloop
  endfacet
  facet normal 0 0 -1
    outer loop
      vertex -15.9424 -10.0853 0
      vertex -14.1279 -9.72435 0
      vertex -15.8708 -10.3709 0
    endloop
  endfacet
  facet normal 0 0 -1
    outer loop
      vertex -14.0142 -8.95789 0
      vertex -15.6458 -8.08581 0
      vertex -15.4944 -7.83329 0
    endloop
  endfacet
  facet normal -0 0 -1
    outer loop
      vertex -14.1279 -9.72435 0
      vertex -15.9424 -10.0853 0
      vertex -14.1445 -9.61272 0
    endloop
  endfacet
  facet normal 0 0 -1
    outer loop
      vertex -14.0625 -9.05991 0
      vertex -15.7716 -8.35195 0
      vertex -15.6458 -8.08581 0
    endloop
  endfacet
  facet normal 0 0 -1
    outer loop
      vertex -15.9856 -9.79405 0
      vertex -14.1445 -9.61272 0
      vertex -15.9424 -10.0853 0
    endloop
  endfacet
  facet normal 0 0 -1
    outer loop
      vertex -14.1005 -9.16617 0
      vertex -15.8708 -8.62915 0
      vertex -15.7716 -8.35195 0
    endloop
  endfacet
  facet normal -0 0 -1
    outer loop
      vertex -14.1445 -9.61272 0
      vertex -15.9856 -9.79405 0
      vertex -14.15 -9.5 0
    endloop
  endfacet
  facet normal 0 0 -1
    outer loop
      vertex -14.1279 -9.27565 0
      vertex -15.9424 -8.91473 0
      vertex -15.8708 -8.62915 0
    endloop
  endfacet
  facet normal 0 0 -1
    outer loop
      vertex -16 -9.5 0
      vertex -14.15 -9.5 0
      vertex -15.9856 -9.79405 0
    endloop
  endfacet
  facet normal 0 0 -1
    outer loop
      vertex -14.1445 -9.38728 0
      vertex -15.9856 -9.20595 0
      vertex -15.9424 -8.91473 0
    endloop
  endfacet
  facet normal 0 0 -1
    outer loop
      vertex -14.15 -9.5 0
      vertex -16 -9.5 0
      vertex -15.9856 -9.20595 0
    endloop
  endfacet
  facet normal 0 0 -1
    outer loop
      vertex 17.65 -9.5 0
      vertex 19.5 -9.5 0
      vertex 19.4856 -9.79405 0
    endloop
  endfacet
  facet normal 0 0 -1
    outer loop
      vertex 17.6445 -9.61272 0
      vertex 19.4856 -9.79405 0
      vertex 19.4424 -10.0853 0
    endloop
  endfacet
  facet normal 0 0 -1
    outer loop
      vertex 19.5 -9.5 0
      vertex 17.65 -9.5 0
      vertex 19.4856 -9.20595 0
    endloop
  endfacet
  facet normal 0 0 -1
    outer loop
      vertex 17.6279 -9.72435 0
      vertex 19.4424 -10.0853 0
      vertex 19.3708 -10.3709 0
    endloop
  endfacet
  facet normal 0 0 -1
    outer loop
      vertex 17.6445 -9.38728 0
      vertex 19.4856 -9.20595 0
      vertex 17.65 -9.5 0
    endloop
  endfacet
  facet normal 0 0 -1
    outer loop
      vertex 17.6005 -9.83383 0
      vertex 19.3708 -10.3709 0
      vertex 19.2716 -10.648 0
    endloop
  endfacet
  facet normal -0 0 -1
    outer loop
      vertex 19.4856 -9.20595 0
      vertex 17.6445 -9.38728 0
      vertex 19.4424 -8.91473 0
    endloop
  endfacet
  facet normal 0 0 -1
    outer loop
      vertex 17.5625 -9.94009 0
      vertex 19.2716 -10.648 0
      vertex 19.1458 -10.9142 0
    endloop
  endfacet
  facet normal 0 0 -1
    outer loop
      vertex 17.6279 -9.27565 0
      vertex 19.4424 -8.91473 0
      vertex 17.6445 -9.38728 0
    endloop
  endfacet
  facet normal 0 0 -1
    outer loop
      vertex 17.5142 -10.0421 0
      vertex 19.1458 -10.9142 0
      vertex 18.9944 -11.1667 0
    endloop
  endfacet
  facet normal -0 0 -1
    outer loop
      vertex 19.4424 -8.91473 0
      vertex 17.6279 -9.27565 0
      vertex 19.3708 -8.62915 0
    endloop
  endfacet
  facet normal 0 0 -1
    outer loop
      vertex 17.4562 -10.1389 0
      vertex 18.9944 -11.1667 0
      vertex 18.819 -11.4032 0
    endloop
  endfacet
  facet normal 0 0 -1
    outer loop
      vertex 17.6005 -9.16617 0
      vertex 19.3708 -8.62915 0
      vertex 17.6279 -9.27565 0
    endloop
  endfacet
  facet normal 0 0 -1
    outer loop
      vertex 17.389 -10.2296 0
      vertex 18.819 -11.4032 0
      vertex 18.6213 -11.6213 0
    endloop
  endfacet
  facet normal -0 0 -1
    outer loop
      vertex 19.3708 -8.62915 0
      vertex 17.6005 -9.16617 0
      vertex 19.2716 -8.35195 0
    endloop
  endfacet
  facet normal 0 0 -1
    outer loop
      vertex 17.3132 -10.3132 0
      vertex 18.6213 -11.6213 0
      vertex 18.4032 -11.819 0
    endloop
  endfacet
  facet normal 0 0 -1
    outer loop
      vertex 17.5625 -9.05991 0
      vertex 19.2716 -8.35195 0
      vertex 17.6005 -9.16617 0
    endloop
  endfacet
  facet normal 0 0 -1
    outer loop
      vertex 17.2296 -10.389 0
      vertex 18.4032 -11.819 0
      vertex 18.1667 -11.9944 0
    endloop
  endfacet
  facet normal -0 0 -1
    outer loop
      vertex 19.2716 -8.35195 0
      vertex 17.5625 -9.05991 0
      vertex 19.1458 -8.08581 0
    endloop
  endfacet
  facet normal 0 0 -1
    outer loop
      vertex 17.1389 -10.4562 0
      vertex 18.1667 -11.9944 0
      vertex 17.9142 -12.1458 0
    endloop
  endfacet
  facet normal 0 0 -1
    outer loop
      vertex 17.5142 -8.95789 0
      vertex 19.1458 -8.08581 0
      vertex 17.5625 -9.05991 0
    endloop
  endfacet
  facet normal -0 0 -1
    outer loop
      vertex 19.1458 -8.08581 0
      vertex 17.5142 -8.95789 0
      vertex 18.9944 -7.83329 0
    endloop
  endfacet
  facet normal 0 0 -1
    outer loop
      vertex 17.0421 -10.5142 0
      vertex 17.9142 -12.1458 0
      vertex 17.648 -12.2716 0
    endloop
  endfacet
  facet normal 0 0 -1
    outer loop
      vertex 19.4856 -9.79405 0
      vertex 17.6445 -9.61272 0
      vertex 17.65 -9.5 0
    endloop
  endfacet
  facet normal 0 0 -1
    outer loop
      vertex 19.4424 -10.0853 0
      vertex 17.6279 -9.72435 0
      vertex 17.6445 -9.61272 0
    endloop
  endfacet
  facet normal 0 0 -1
    outer loop
      vertex 19.3708 -10.3709 0
      vertex 17.6005 -9.83383 0
      vertex 17.6279 -9.72435 0
    endloop
  endfacet
  facet normal 0 0 -1
    outer loop
      vertex 19.2716 -10.648 0
      vertex 17.5625 -9.94009 0
      vertex 17.6005 -9.83383 0
    endloop
  endfacet
  facet normal 0 0 -1
    outer loop
      vertex 19.1458 -10.9142 0
      vertex 17.5142 -10.0421 0
      vertex 17.5625 -9.94009 0
    endloop
  endfacet
  facet normal 0 0 -1
    outer loop
      vertex 18.9944 -11.1667 0
      vertex 17.4562 -10.1389 0
      vertex 17.5142 -10.0421 0
    endloop
  endfacet
  facet normal 0 0 -1
    outer loop
      vertex 18.819 -11.4032 0
      vertex 17.389 -10.2296 0
      vertex 17.4562 -10.1389 0
    endloop
  endfacet
  facet normal 0 0 -1
    outer loop
      vertex 16.9401 -10.5625 0
      vertex 17.648 -12.2716 0
      vertex 17.3709 -12.3708 0
    endloop
  endfacet
  facet normal 0 0 -1
    outer loop
      vertex 18.6213 -11.6213 0
      vertex 17.3132 -10.3132 0
      vertex 17.389 -10.2296 0
    endloop
  endfacet
  facet normal 0 0 -1
    outer loop
      vertex 18.4032 -11.819 0
      vertex 17.2296 -10.389 0
      vertex 17.3132 -10.3132 0
    endloop
  endfacet
  facet normal 0 0 -1
    outer loop
      vertex 18.1667 -11.9944 0
      vertex 17.1389 -10.4562 0
      vertex 17.2296 -10.389 0
    endloop
  endfacet
  facet normal 0 0 -1
    outer loop
      vertex 16.8338 -10.6005 0
      vertex 17.3709 -12.3708 0
      vertex 17.0853 -12.4424 0
    endloop
  endfacet
  facet normal 0 0 -1
    outer loop
      vertex 17.9142 -12.1458 0
      vertex 17.0421 -10.5142 0
      vertex 17.1389 -10.4562 0
    endloop
  endfacet
  facet normal 0 0 -1
    outer loop
      vertex 17.648 -12.2716 0
      vertex 16.9401 -10.5625 0
      vertex 17.0421 -10.5142 0
    endloop
  endfacet
  facet normal 0 0 -1
    outer loop
      vertex 17.3709 -12.3708 0
      vertex 16.8338 -10.6005 0
      vertex 16.9401 -10.5625 0
    endloop
  endfacet
  facet normal 0 0 -1
    outer loop
      vertex 16.7244 -10.6279 0
      vertex 17.0853 -12.4424 0
      vertex 16.7941 -12.4856 0
    endloop
  endfacet
  facet normal 0 0 -1
    outer loop
      vertex 17.0853 -12.4424 0
      vertex 16.7244 -10.6279 0
      vertex 16.8338 -10.6005 0
    endloop
  endfacet
  facet normal 0 0 -1
    outer loop
      vertex 16.7941 -12.4856 0
      vertex 16.6127 -10.6445 0
      vertex 16.7244 -10.6279 0
    endloop
  endfacet
  facet normal 0 0 -1
    outer loop
      vertex 16.5 -12.5 0
      vertex 16.6127 -10.6445 0
      vertex 16.7941 -12.4856 0
    endloop
  endfacet
  facet normal 0 0 -1
    outer loop
      vertex 16.5 -12.5 0
      vertex 16.5 -10.65 0
      vertex 16.6127 -10.6445 0
    endloop
  endfacet
  facet normal 0 0 -1
    outer loop
      vertex 16.5 -12.5 0
      vertex 16.3873 -10.6445 0
      vertex 16.5 -10.65 0
    endloop
  endfacet
  facet normal 0 0 -1
    outer loop
      vertex 16.2059 -12.4856 0
      vertex 16.3873 -10.6445 0
      vertex 16.5 -12.5 0
    endloop
  endfacet
  facet normal -0 0 -1
    outer loop
      vertex 16.3873 -10.6445 0
      vertex 16.2059 -12.4856 0
      vertex 16.2756 -10.6279 0
    endloop
  endfacet
  facet normal 0 0 -1
    outer loop
      vertex 15.9147 -12.4424 0
      vertex 16.2756 -10.6279 0
      vertex 16.2059 -12.4856 0
    endloop
  endfacet
  facet normal -0 0 -1
    outer loop
      vertex 16.2756 -10.6279 0
      vertex 15.9147 -12.4424 0
      vertex 16.1662 -10.6005 0
    endloop
  endfacet
  facet normal 0 0 -1
    outer loop
      vertex 15.6291 -12.3708 0
      vertex 16.1662 -10.6005 0
      vertex 15.9147 -12.4424 0
    endloop
  endfacet
  facet normal -0 0 -1
    outer loop
      vertex 16.1662 -10.6005 0
      vertex 15.6291 -12.3708 0
      vertex 16.0599 -10.5625 0
    endloop
  endfacet
  facet normal 0 0 -1
    outer loop
      vertex 15.3519 -12.2716 0
      vertex 16.0599 -10.5625 0
      vertex 15.6291 -12.3708 0
    endloop
  endfacet
  facet normal -0 0 -1
    outer loop
      vertex 16.0599 -10.5625 0
      vertex 15.3519 -12.2716 0
      vertex 15.9579 -10.5142 0
    endloop
  endfacet
  facet normal 0 0 -1
    outer loop
      vertex 15.0858 -12.1458 0
      vertex 15.9579 -10.5142 0
      vertex 15.3519 -12.2716 0
    endloop
  endfacet
  facet normal -0 0 -1
    outer loop
      vertex 15.9579 -10.5142 0
      vertex 15.0858 -12.1458 0
      vertex 15.8611 -10.4562 0
    endloop
  endfacet
  facet normal 0 0 -1
    outer loop
      vertex 14.8333 -11.9944 0
      vertex 15.8611 -10.4562 0
      vertex 15.0858 -12.1458 0
    endloop
  endfacet
  facet normal -0 0 -1
    outer loop
      vertex 15.8611 -10.4562 0
      vertex 14.8333 -11.9944 0
      vertex 15.7704 -10.389 0
    endloop
  endfacet
  facet normal 0 0 -1
    outer loop
      vertex 14.5968 -11.819 0
      vertex 15.7704 -10.389 0
      vertex 14.8333 -11.9944 0
    endloop
  endfacet
  facet normal -0 0 -1
    outer loop
      vertex 15.7704 -10.389 0
      vertex 14.5968 -11.819 0
      vertex 15.6868 -10.3132 0
    endloop
  endfacet
  facet normal 0 0 -1
    outer loop
      vertex 14.3787 -11.6213 0
      vertex 15.6868 -10.3132 0
      vertex 14.5968 -11.819 0
    endloop
  endfacet
  facet normal -0 0 -1
    outer loop
      vertex 15.6868 -10.3132 0
      vertex 14.3787 -11.6213 0
      vertex 15.611 -10.2296 0
    endloop
  endfacet
  facet normal 0 0 -1
    outer loop
      vertex 14.181 -11.4032 0
      vertex 15.611 -10.2296 0
      vertex 14.3787 -11.6213 0
    endloop
  endfacet
  facet normal -0 0 -1
    outer loop
      vertex 15.611 -10.2296 0
      vertex 14.181 -11.4032 0
      vertex 15.5438 -10.1389 0
    endloop
  endfacet
  facet normal 0 0 -1
    outer loop
      vertex 14.0056 -11.1667 0
      vertex 15.5438 -10.1389 0
      vertex 14.181 -11.4032 0
    endloop
  endfacet
  facet normal -0 0 -1
    outer loop
      vertex 15.5438 -10.1389 0
      vertex 14.0056 -11.1667 0
      vertex 15.4858 -10.0421 0
    endloop
  endfacet
  facet normal 0 0 -1
    outer loop
      vertex 17.4562 -8.86109 0
      vertex 18.9944 -7.83329 0
      vertex 17.5142 -8.95789 0
    endloop
  endfacet
  facet normal -0 0 -1
    outer loop
      vertex 18.9944 -7.83329 0
      vertex 17.4562 -8.86109 0
      vertex 18.819 -7.59682 0
    endloop
  endfacet
  facet normal 0 0 -1
    outer loop
      vertex 17.389 -8.77045 0
      vertex 18.819 -7.59682 0
      vertex 17.4562 -8.86109 0
    endloop
  endfacet
  facet normal -0 0 -1
    outer loop
      vertex 18.819 -7.59682 0
      vertex 17.389 -8.77045 0
      vertex 18.6213 -7.37868 0
    endloop
  endfacet
  facet normal 0 0 -1
    outer loop
      vertex 17.3132 -8.68683 0
      vertex 18.6213 -7.37868 0
      vertex 17.389 -8.77045 0
    endloop
  endfacet
  facet normal -0 0 -1
    outer loop
      vertex 18.6213 -7.37868 0
      vertex 17.3132 -8.68683 0
      vertex 18.4032 -7.18097 0
    endloop
  endfacet
  facet normal 0 0 -1
    outer loop
      vertex 17.2296 -8.61104 0
      vertex 18.4032 -7.18097 0
      vertex 17.3132 -8.68683 0
    endloop
  endfacet
  facet normal -0 0 -1
    outer loop
      vertex 18.4032 -7.18097 0
      vertex 17.2296 -8.61104 0
      vertex 18.1667 -7.00559 0
    endloop
  endfacet
  facet normal 0 0 -1
    outer loop
      vertex 17.1389 -8.54381 0
      vertex 18.1667 -7.00559 0
      vertex 17.2296 -8.61104 0
    endloop
  endfacet
  facet normal -0 0 -1
    outer loop
      vertex 18.1667 -7.00559 0
      vertex 17.1389 -8.54381 0
      vertex 17.9142 -6.85424 0
    endloop
  endfacet
  facet normal 0 0 -1
    outer loop
      vertex 17.0421 -8.48579 0
      vertex 17.9142 -6.85424 0
      vertex 17.1389 -8.54381 0
    endloop
  endfacet
  facet normal -0 0 -1
    outer loop
      vertex 17.9142 -6.85424 0
      vertex 17.0421 -8.48579 0
      vertex 17.648 -6.72836 0
    endloop
  endfacet
  facet normal 0 0 -1
    outer loop
      vertex 16.9401 -8.43754 0
      vertex 17.648 -6.72836 0
      vertex 17.0421 -8.48579 0
    endloop
  endfacet
  facet normal 0 0 -1
    outer loop
      vertex 16.8338 -8.39952 0
      vertex 17.648 -6.72836 0
      vertex 16.9401 -8.43754 0
    endloop
  endfacet
  facet normal 0 0 -1
    outer loop
      vertex 16.7244 -8.3721 0
      vertex 17.648 -6.72836 0
      vertex 16.8338 -8.39952 0
    endloop
  endfacet
  facet normal 0 0 -1
    outer loop
      vertex 16.6127 -8.35554 0
      vertex 17.648 -6.72836 0
      vertex 16.7244 -8.3721 0
    endloop
  endfacet
  facet normal 0 0 -1
    outer loop
      vertex 16.5 -8.35 0
      vertex 17.648 -6.72836 0
      vertex 16.6127 -8.35554 0
    endloop
  endfacet
  facet normal 0 0 -1
    outer loop
      vertex 16.3873 -8.35554 0
      vertex 17.648 -6.72836 0
      vertex 16.5 -8.35 0
    endloop
  endfacet
  facet normal 0 0 -1
    outer loop
      vertex 16.2756 -8.3721 0
      vertex 17.648 -6.72836 0
      vertex 16.3873 -8.35554 0
    endloop
  endfacet
  facet normal 0 0 -1
    outer loop
      vertex 16.1662 -8.39952 0
      vertex 17.648 -6.72836 0
      vertex 16.2756 -8.3721 0
    endloop
  endfacet
  facet normal 0 0 -1
    outer loop
      vertex 13.975 -5.07 0
      vertex 16.1662 -8.39952 0
      vertex 16.0599 -8.43754 0
    endloop
  endfacet
  facet normal 0 0 -1
    outer loop
      vertex 13.975 -5.07 0
      vertex 16.0599 -8.43754 0
      vertex 15.9579 -8.48579 0
    endloop
  endfacet
  facet normal 0 0 -1
    outer loop
      vertex 13.975 -5.07 0
      vertex 15.9579 -8.48579 0
      vertex 15.8611 -8.54381 0
    endloop
  endfacet
  facet normal 0 0 -1
    outer loop
      vertex 13.975 -5.07 0
      vertex 15.8611 -8.54381 0
      vertex 15.7704 -8.61104 0
    endloop
  endfacet
  facet normal 0 0 -1
    outer loop
      vertex 13.975 -5.07 0
      vertex 15.7704 -8.61104 0
      vertex 15.6868 -8.68683 0
    endloop
  endfacet
  facet normal -0 0 -1
    outer loop
      vertex 15.4858 -10.0421 0
      vertex 14.0056 -11.1667 0
      vertex 15.4375 -9.94009 0
    endloop
  endfacet
  facet normal -0 0 -1
    outer loop
      vertex 15.4375 -9.94009 0
      vertex 14.0056 -11.1667 0
      vertex 15.3995 -9.83383 0
    endloop
  endfacet
  facet normal -0 0 -1
    outer loop
      vertex 15.3995 -9.83383 0
      vertex 14.0056 -11.1667 0
      vertex 15.3721 -9.72435 0
    endloop
  endfacet
  facet normal -0 0 -1
    outer loop
      vertex 15.3721 -9.72435 0
      vertex 14.0056 -11.1667 0
      vertex 15.3555 -9.61272 0
    endloop
  endfacet
  facet normal -0 0 -1
    outer loop
      vertex 15.3555 -9.61272 0
      vertex 14.0056 -11.1667 0
      vertex 15.35 -9.5 0
    endloop
  endfacet
  facet normal -0 0 -1
    outer loop
      vertex 15.35 -9.5 0
      vertex 14.0056 -11.1667 0
      vertex 15.3555 -9.38728 0
    endloop
  endfacet
  facet normal 0 0 -1
    outer loop
      vertex 11.575 -7.47 0
      vertex 15.3555 -9.38728 0
      vertex 14.0056 -11.1667 0
    endloop
  endfacet
  facet normal 0 0 -1
    outer loop
      vertex 15.3555 -9.38728 0
      vertex 11.575 -7.47 0
      vertex 15.3721 -9.27565 0
    endloop
  endfacet
  facet normal 0 0 -1
    outer loop
      vertex 15.3721 -9.27565 0
      vertex 11.575 -7.47 0
      vertex 15.3995 -9.16617 0
    endloop
  endfacet
  facet normal 0 0 -1
    outer loop
      vertex 15.3995 -9.16617 0
      vertex 11.575 -7.47 0
      vertex 15.4375 -9.05991 0
    endloop
  endfacet
  facet normal 0 0 -1
    outer loop
      vertex 15.4375 -9.05991 0
      vertex 11.575 -7.47 0
      vertex 15.4858 -8.95789 0
    endloop
  endfacet
  facet normal 0 0 -1
    outer loop
      vertex 16.1662 -8.39952 0
      vertex 13.975 -5.07 0
      vertex 17.648 -6.72836 0
    endloop
  endfacet
  facet normal 0 0 -1
    outer loop
      vertex 15.611 -8.77045 0
      vertex 13.975 -5.07 0
      vertex 15.6868 -8.68683 0
    endloop
  endfacet
  facet normal 0 0 -1
    outer loop
      vertex 11.575 -7.47 0
      vertex 15.611 -8.77045 0
      vertex 15.5438 -8.86109 0
    endloop
  endfacet
  facet normal 0 0 -1
    outer loop
      vertex 15.4858 -8.95789 0
      vertex 11.575 -7.47 0
      vertex 15.5438 -8.86109 0
    endloop
  endfacet
  facet normal 0 0 -1
    outer loop
      vertex 15.611 -8.77045 0
      vertex 11.575 -7.47 0
      vertex 11.575 -7.3 0
    endloop
  endfacet
  facet normal 0 0 -1
    outer loop
      vertex 15.611 -8.77045 0
      vertex 11.575 -7.3 0
      vertex 13.975 -5.07 0
    endloop
  endfacet
  facet normal 0 0 -1
    outer loop
      vertex 11.575 -5.1 0
      vertex 13.975 -5.07 0
      vertex 11.575 -7.3 0
    endloop
  endfacet
  facet normal -0 0 -1
    outer loop
      vertex 13.975 -5.07 0
      vertex 11.575 -5.1 0
      vertex 11.575 -5.07 0
    endloop
  endfacet
  facet normal 0 -1 0
    outer loop
      vertex 5.5 -7.3 0
      vertex 11.575 -7.3 6
      vertex 5.5 -7.3 6
    endloop
  endfacet
  facet normal 0 -1 -0
    outer loop
      vertex 11.575 -7.3 6
      vertex 5.5 -7.3 0
      vertex 11.575 -7.3 0
    endloop
  endfacet
  facet normal 0 1 -0
    outer loop
      vertex -1.74495 -5.1 0
      vertex -7.975 -5.1 6
      vertex -1.74495 -5.1 6
    endloop
  endfacet
  facet normal 0 1 0
    outer loop
      vertex -7.975 -5.1 6
      vertex -1.74495 -5.1 0
      vertex -7.975 -5.1 0
    endloop
  endfacet
  facet normal 0 1 -0
    outer loop
      vertex 11.575 -5.1 0
      vertex 5.5 -5.1 6
      vertex 11.575 -5.1 6
    endloop
  endfacet
  facet normal 0 1 0
    outer loop
      vertex 5.5 -5.1 6
      vertex 11.575 -5.1 0
      vertex 5.5 -5.1 0
    endloop
  endfacet
  facet normal -1 0 0
    outer loop
      vertex -7.975 5.1 0
      vertex -7.975 5.86301 6
      vertex -7.975 5.86301 0
    endloop
  endfacet
  facet normal -1 -0 0
    outer loop
      vertex -7.975 5.86301 6
      vertex -7.975 5.1 0
      vertex -7.975 5.1 6
    endloop
  endfacet
  facet normal 0 -1 0
    outer loop
      vertex -7.975 5.1 0
      vertex -1.74495 5.1 6
      vertex -7.975 5.1 6
    endloop
  endfacet
  facet normal 0 -1 -0
    outer loop
      vertex -1.74495 5.1 6
      vertex -7.975 5.1 0
      vertex -1.74495 5.1 0
    endloop
  endfacet
  facet normal 0 -1 0
    outer loop
      vertex 5.5 5.1 0
      vertex 11.575 5.1 6
      vertex 5.5 5.1 6
    endloop
  endfacet
  facet normal 0 -1 -0
    outer loop
      vertex 11.575 5.1 6
      vertex 5.5 5.1 0
      vertex 11.575 5.1 0
    endloop
  endfacet
  facet normal 0 1 -0
    outer loop
      vertex 11.575 7.3 0
      vertex 5.5 7.3 6
      vertex 11.575 7.3 6
    endloop
  endfacet
  facet normal 0 1 0
    outer loop
      vertex 5.5 7.3 6
      vertex 11.575 7.3 0
      vertex 5.5 7.3 0
    endloop
  endfacet
  facet normal -0.998803 0.0489126 0
    outer loop
      vertex -16 -9.5 0
      vertex -15.9856 -9.20595 6
      vertex -15.9856 -9.20595 0
    endloop
  endfacet
  facet normal -0.998803 0.0489126 0
    outer loop
      vertex -15.9856 -9.20595 6
      vertex -16 -9.5 0
      vertex -16 -9.5 6
    endloop
  endfacet
  facet normal -0.121564 0.992584 0
    outer loop
      vertex -7.975 -5.86301 0
      vertex -13.2941 -6.51445 6
      vertex -7.975 -5.86301 6
    endloop
  endfacet
  facet normal -0.121564 0.992584 0
    outer loop
      vertex -13.2941 -6.51445 6
      vertex -7.975 -5.86301 0
      vertex -13.2941 -6.51445 0
    endloop
  endfacet
  facet normal -0.121566 0.992583 0
    outer loop
      vertex -1.5 -5.07 0
      vertex -1.74495 -5.1 6
      vertex -1.5 -5.07 6
    endloop
  endfacet
  facet normal -0.121566 0.992583 0
    outer loop
      vertex -1.74495 -5.1 6
      vertex -1.5 -5.07 0
      vertex -1.74495 -5.1 0
    endloop
  endfacet
  facet normal 1 -0 0
    outer loop
      vertex 5.5 -7.6 6
      vertex 5.5 -7.3 0
      vertex 5.5 -7.3 6
    endloop
  endfacet
  facet normal 1 0 0
    outer loop
      vertex 5.5 -7.3 0
      vertex 5.5 -7.6 6
      vertex 5.5 -7.6 0
    endloop
  endfacet
  facet normal 1 -0 0
    outer loop
      vertex 5.5 7.3 6
      vertex 5.5 7.6 0
      vertex 5.5 7.6 6
    endloop
  endfacet
  facet normal 1 0 0
    outer loop
      vertex 5.5 7.6 0
      vertex 5.5 7.3 6
      vertex 5.5 7.3 0
    endloop
  endfacet
  facet normal 1 -0 0
    outer loop
      vertex 5.5 -5.1 6
      vertex 5.5 5.1 0
      vertex 5.5 5.1 6
    endloop
  endfacet
  facet normal 1 0 0
    outer loop
      vertex 5.5 5.1 0
      vertex 5.5 -5.1 6
      vertex 5.5 -5.1 0
    endloop
  endfacet
  facet normal -0.146712 0.989179 0
    outer loop
      vertex -13.2941 -6.51445 0
      vertex -13.5853 -6.55764 6
      vertex -13.2941 -6.51445 6
    endloop
  endfacet
  facet normal -0.146712 0.989179 0
    outer loop
      vertex -13.5853 -6.55764 6
      vertex -13.2941 -6.51445 0
      vertex -13.5853 -6.55764 0
    endloop
  endfacet
  facet normal -0.242983 0.970031 0
    outer loop
      vertex -13.5853 -6.55764 0
      vertex -13.8709 -6.62918 6
      vertex -13.5853 -6.55764 6
    endloop
  endfacet
  facet normal -0.242983 0.970031 0
    outer loop
      vertex -13.8709 -6.62918 6
      vertex -13.5853 -6.55764 0
      vertex -13.8709 -6.62918 0
    endloop
  endfacet
  facet normal 0.267838 -0.963464 0
    outer loop
      vertex -12.1291 -12.3708 0
      vertex 5.03237 -7.6 6
      vertex -12.1291 -12.3708 6
    endloop
  endfacet
  facet normal 0.267838 -0.963464 0
    outer loop
      vertex 5.03237 -7.6 6
      vertex -12.1291 -12.3708 0
      vertex 5.03237 -7.6 0
    endloop
  endfacet
  facet normal -0.998803 -0.0489126 0
    outer loop
      vertex -15.9856 -9.79405 0
      vertex -16 -9.5 6
      vertex -16 -9.5 0
    endloop
  endfacet
  facet normal -0.998803 -0.0489126 0
    outer loop
      vertex -16 -9.5 6
      vertex -15.9856 -9.79405 0
      vertex -15.9856 -9.79405 6
    endloop
  endfacet
  facet normal -0.941527 0.336939 0
    outer loop
      vertex -15.8708 -8.62915 0
      vertex -15.7716 -8.35195 6
      vertex -15.7716 -8.35195 0
    endloop
  endfacet
  facet normal -0.941527 0.336939 0
    outer loop
      vertex -15.7716 -8.35195 6
      vertex -15.8708 -8.62915 0
      vertex -15.8708 -8.62915 6
    endloop
  endfacet
  facet normal -0.857661 0.514216 0
    outer loop
      vertex -15.6458 -8.08581 0
      vertex -15.4944 -7.83329 6
      vertex -15.4944 -7.83329 0
    endloop
  endfacet
  facet normal -0.857661 0.514216 0
    outer loop
      vertex -15.4944 -7.83329 6
      vertex -15.6458 -8.08581 0
      vertex -15.6458 -8.08581 6
    endloop
  endfacet
  facet normal -0.969982 -0.243175 0
    outer loop
      vertex -15.8708 -10.3709 0
      vertex -15.9424 -10.0853 6
      vertex -15.9424 -10.0853 0
    endloop
  endfacet
  facet normal -0.969982 -0.243175 0
    outer loop
      vertex -15.9424 -10.0853 6
      vertex -15.8708 -10.3709 0
      vertex -15.8708 -10.3709 6
    endloop
  endfacet
  facet normal -0.803208 -0.595699 0
    outer loop
      vertex -15.319 -11.4032 0
      vertex -15.4944 -11.1667 6
      vertex -15.4944 -11.1667 0
    endloop
  endfacet
  facet normal -0.803208 -0.595699 0
    outer loop
      vertex -15.4944 -11.1667 6
      vertex -15.319 -11.4032 0
      vertex -15.319 -11.4032 6
    endloop
  endfacet
  facet normal -0.904125 -0.427269 0
    outer loop
      vertex -15.6458 -10.9142 0
      vertex -15.7716 -10.648 6
      vertex -15.7716 -10.648 0
    endloop
  endfacet
  facet normal -0.904125 -0.427269 0
    outer loop
      vertex -15.7716 -10.648 6
      vertex -15.6458 -10.9142 0
      vertex -15.6458 -10.9142 6
    endloop
  endfacet
  facet normal -0.243175 -0.969982 0
    outer loop
      vertex -13.8709 -12.3708 0
      vertex -13.5853 -12.4424 6
      vertex -13.8709 -12.3708 6
    endloop
  endfacet
  facet normal -0.243175 -0.969982 -0
    outer loop
      vertex -13.5853 -12.4424 6
      vertex -13.8709 -12.3708 0
      vertex -13.5853 -12.4424 0
    endloop
  endfacet
  facet normal 0.243175 -0.969982 0
    outer loop
      vertex -12.4147 -12.4424 0
      vertex -12.1291 -12.3708 6
      vertex -12.4147 -12.4424 6
    endloop
  endfacet
  facet normal 0.243175 -0.969982 0
    outer loop
      vertex -12.1291 -12.3708 6
      vertex -12.4147 -12.4424 0
      vertex -12.1291 -12.3708 0
    endloop
  endfacet
  facet normal -0.989176 0.146736 0
    outer loop
      vertex -15.9856 -9.20595 0
      vertex -15.9424 -8.91473 6
      vertex -15.9424 -8.91473 0
    endloop
  endfacet
  facet normal -0.989176 0.146736 0
    outer loop
      vertex -15.9424 -8.91473 6
      vertex -15.9856 -9.20595 0
      vertex -15.9856 -9.20595 6
    endloop
  endfacet
  facet normal -0.969978 0.243191 0
    outer loop
      vertex -15.9424 -8.91473 0
      vertex -15.8708 -8.62915 6
      vertex -15.8708 -8.62915 0
    endloop
  endfacet
  facet normal -0.969978 0.243191 0
    outer loop
      vertex -15.8708 -8.62915 6
      vertex -15.9424 -8.91473 0
      vertex -15.9424 -8.91473 6
    endloop
  endfacet
  facet normal -0.904088 0.427347 0
    outer loop
      vertex -15.7716 -8.35195 0
      vertex -15.6458 -8.08581 6
      vertex -15.6458 -8.08581 0
    endloop
  endfacet
  facet normal -0.904088 0.427347 0
    outer loop
      vertex -15.6458 -8.08581 6
      vertex -15.7716 -8.35195 0
      vertex -15.7716 -8.35195 6
    endloop
  endfacet
  facet normal -0.514121 0.857718 0
    outer loop
      vertex -14.4142 -6.85424 0
      vertex -14.6667 -7.00559 6
      vertex -14.4142 -6.85424 6
    endloop
  endfacet
  facet normal -0.514121 0.857718 0
    outer loop
      vertex -14.6667 -7.00559 6
      vertex -14.4142 -6.85424 0
      vertex -14.6667 -7.00559 0
    endloop
  endfacet
  facet normal -0.989178 -0.146721 0
    outer loop
      vertex -15.9424 -10.0853 0
      vertex -15.9856 -9.79405 6
      vertex -15.9856 -9.79405 0
    endloop
  endfacet
  facet normal -0.989178 -0.146721 0
    outer loop
      vertex -15.9856 -9.79405 6
      vertex -15.9424 -10.0853 0
      vertex -15.9424 -10.0853 6
    endloop
  endfacet
  facet normal -0.941488 -0.337047 0
    outer loop
      vertex -15.7716 -10.648 0
      vertex -15.8708 -10.3709 6
      vertex -15.8708 -10.3709 0
    endloop
  endfacet
  facet normal -0.941488 -0.337047 0
    outer loop
      vertex -15.8708 -10.3709 6
      vertex -15.7716 -10.648 0
      vertex -15.7716 -10.648 6
    endloop
  endfacet
  facet normal -0.740908 -0.671607 0
    outer loop
      vertex -15.1213 -11.6213 0
      vertex -15.319 -11.4032 6
      vertex -15.319 -11.4032 0
    endloop
  endfacet
  facet normal -0.740908 -0.671607 0
    outer loop
      vertex -15.319 -11.4032 6
      vertex -15.1213 -11.6213 0
      vertex -15.1213 -11.6213 6
    endloop
  endfacet
  facet normal -0.857643 -0.514246 0
    outer loop
      vertex -15.4944 -11.1667 0
      vertex -15.6458 -10.9142 6
      vertex -15.6458 -10.9142 0
    endloop
  endfacet
  facet normal -0.857643 -0.514246 0
    outer loop
      vertex -15.6458 -10.9142 6
      vertex -15.4944 -11.1667 0
      vertex -15.4944 -11.1667 6
    endloop
  endfacet
  facet normal 0.0489044 -0.998803 0
    outer loop
      vertex -13 -12.5 0
      vertex -12.7059 -12.4856 6
      vertex -13 -12.5 6
    endloop
  endfacet
  facet normal 0.0489044 -0.998803 0
    outer loop
      vertex -12.7059 -12.4856 6
      vertex -13 -12.5 0
      vertex -12.7059 -12.4856 0
    endloop
  endfacet
  facet normal -0.514246 -0.857643 0
    outer loop
      vertex -14.6667 -11.9944 0
      vertex -14.4142 -12.1458 6
      vertex -14.6667 -11.9944 6
    endloop
  endfacet
  facet normal -0.514246 -0.857643 -0
    outer loop
      vertex -14.4142 -12.1458 6
      vertex -14.6667 -11.9944 0
      vertex -14.4142 -12.1458 0
    endloop
  endfacet
  facet normal -0.427269 -0.904125 0
    outer loop
      vertex -14.4142 -12.1458 0
      vertex -14.148 -12.2716 6
      vertex -14.4142 -12.1458 6
    endloop
  endfacet
  facet normal -0.427269 -0.904125 -0
    outer loop
      vertex -14.148 -12.2716 6
      vertex -14.4142 -12.1458 0
      vertex -14.148 -12.2716 0
    endloop
  endfacet
  facet normal -0.803172 0.595747 0
    outer loop
      vertex -15.4944 -7.83329 0
      vertex -15.319 -7.59682 6
      vertex -15.319 -7.59682 0
    endloop
  endfacet
  facet normal -0.803172 0.595747 0
    outer loop
      vertex -15.319 -7.59682 6
      vertex -15.4944 -7.83329 0
      vertex -15.4944 -7.83329 6
    endloop
  endfacet
  facet normal -0.671625 0.740891 0
    outer loop
      vertex -14.9032 -7.18097 0
      vertex -15.1213 -7.37868 6
      vertex -14.9032 -7.18097 6
    endloop
  endfacet
  facet normal -0.671625 0.740891 0
    outer loop
      vertex -15.1213 -7.37868 6
      vertex -14.9032 -7.18097 0
      vertex -15.1213 -7.37868 0
    endloop
  endfacet
  facet normal -0.595655 0.803241 0
    outer loop
      vertex -14.6667 -7.00559 0
      vertex -14.9032 -7.18097 6
      vertex -14.6667 -7.00559 6
    endloop
  endfacet
  facet normal -0.595655 0.803241 0
    outer loop
      vertex -14.9032 -7.18097 6
      vertex -14.6667 -7.00559 0
      vertex -14.9032 -7.18097 0
    endloop
  endfacet
  facet normal -0.427491 0.90402 0
    outer loop
      vertex -14.148 -6.72836 0
      vertex -14.4142 -6.85424 6
      vertex -14.148 -6.72836 6
    endloop
  endfacet
  facet normal -0.427491 0.90402 0
    outer loop
      vertex -14.4142 -6.85424 6
      vertex -14.148 -6.72836 0
      vertex -14.4142 -6.85424 0
    endloop
  endfacet
  facet normal -0.336986 0.94151 0
    outer loop
      vertex -13.8709 -6.62918 0
      vertex -14.148 -6.72836 6
      vertex -13.8709 -6.62918 6
    endloop
  endfacet
  facet normal -0.336986 0.94151 0
    outer loop
      vertex -14.148 -6.72836 6
      vertex -13.8709 -6.62918 0
      vertex -14.148 -6.72836 0
    endloop
  endfacet
  facet normal 0.146746 -0.989174 0
    outer loop
      vertex -12.7059 -12.4856 0
      vertex -12.4147 -12.4424 6
      vertex -12.7059 -12.4856 6
    endloop
  endfacet
  facet normal 0.146746 -0.989174 0
    outer loop
      vertex -12.4147 -12.4424 6
      vertex -12.7059 -12.4856 0
      vertex -12.4147 -12.4424 0
    endloop
  endfacet
  facet normal -0.337047 -0.941488 0
    outer loop
      vertex -14.148 -12.2716 0
      vertex -13.8709 -12.3708 6
      vertex -14.148 -12.2716 6
    endloop
  endfacet
  facet normal -0.337047 -0.941488 -0
    outer loop
      vertex -13.8709 -12.3708 6
      vertex -14.148 -12.2716 0
      vertex -13.8709 -12.3708 0
    endloop
  endfacet
  facet normal -0.595699 -0.803208 0
    outer loop
      vertex -14.9032 -11.819 0
      vertex -14.6667 -11.9944 6
      vertex -14.9032 -11.819 6
    endloop
  endfacet
  facet normal -0.595699 -0.803208 -0
    outer loop
      vertex -14.6667 -11.9944 6
      vertex -14.9032 -11.819 0
      vertex -14.6667 -11.9944 0
    endloop
  endfacet
  facet normal -0.671607 -0.740908 0
    outer loop
      vertex -15.1213 -11.6213 0
      vertex -14.9032 -11.819 6
      vertex -15.1213 -11.6213 6
    endloop
  endfacet
  facet normal -0.671607 -0.740908 -0
    outer loop
      vertex -14.9032 -11.819 6
      vertex -15.1213 -11.6213 0
      vertex -14.9032 -11.819 0
    endloop
  endfacet
  facet normal -0.740969 0.671539 0
    outer loop
      vertex -15.319 -7.59682 0
      vertex -15.1213 -7.37868 6
      vertex -15.1213 -7.37868 0
    endloop
  endfacet
  facet normal -0.740969 0.671539 0
    outer loop
      vertex -15.1213 -7.37868 6
      vertex -15.319 -7.59682 0
      vertex -15.319 -7.59682 6
    endloop
  endfacet
  facet normal -0.0489044 -0.998803 0
    outer loop
      vertex -13.2941 -12.4856 0
      vertex -13 -12.5 6
      vertex -13.2941 -12.4856 6
    endloop
  endfacet
  facet normal -0.0489044 -0.998803 -0
    outer loop
      vertex -13 -12.5 6
      vertex -13.2941 -12.4856 0
      vertex -13 -12.5 0
    endloop
  endfacet
  facet normal -0.146746 -0.989174 0
    outer loop
      vertex -13.5853 -12.4424 0
      vertex -13.2941 -12.4856 6
      vertex -13.5853 -12.4424 6
    endloop
  endfacet
  facet normal -0.146746 -0.989174 -0
    outer loop
      vertex -13.2941 -12.4856 6
      vertex -13.5853 -12.4424 0
      vertex -13.2941 -12.4856 0
    endloop
  endfacet
  facet normal -0.998803 0.0489126 0
    outer loop
      vertex -16 9.5 0
      vertex -15.9856 9.79405 6
      vertex -15.9856 9.79405 0
    endloop
  endfacet
  facet normal -0.998803 0.0489126 0
    outer loop
      vertex -15.9856 9.79405 6
      vertex -16 9.5 0
      vertex -16 9.5 6
    endloop
  endfacet
  facet normal -0.146712 -0.989179 0
    outer loop
      vertex -13.5853 6.55764 0
      vertex -13.2941 6.51445 6
      vertex -13.5853 6.55764 6
    endloop
  endfacet
  facet normal -0.146712 -0.989179 -0
    outer loop
      vertex -13.2941 6.51445 6
      vertex -13.5853 6.55764 0
      vertex -13.2941 6.51445 0
    endloop
  endfacet
  facet normal -0.740969 -0.671539 0
    outer loop
      vertex -15.1213 7.37868 0
      vertex -15.319 7.59682 6
      vertex -15.319 7.59682 0
    endloop
  endfacet
  facet normal -0.740969 -0.671539 0
    outer loop
      vertex -15.319 7.59682 6
      vertex -15.1213 7.37868 0
      vertex -15.1213 7.37868 6
    endloop
  endfacet
  facet normal 0.243175 0.969982 -0
    outer loop
      vertex -12.1291 12.3708 0
      vertex -12.4147 12.4424 6
      vertex -12.1291 12.3708 6
    endloop
  endfacet
  facet normal 0.243175 0.969982 0
    outer loop
      vertex -12.4147 12.4424 6
      vertex -12.1291 12.3708 0
      vertex -12.4147 12.4424 0
    endloop
  endfacet
  facet normal 0.267838 0.963464 -0
    outer loop
      vertex 5.03237 7.6 0
      vertex -12.1291 12.3708 6
      vertex 5.03237 7.6 6
    endloop
  endfacet
  facet normal 0.267838 0.963464 0
    outer loop
      vertex -12.1291 12.3708 6
      vertex 5.03237 7.6 0
      vertex -12.1291 12.3708 0
    endloop
  endfacet
  facet normal -0.998803 -0.0489126 0
    outer loop
      vertex -15.9856 9.20595 0
      vertex -16 9.5 6
      vertex -16 9.5 0
    endloop
  endfacet
  facet normal -0.998803 -0.0489126 0
    outer loop
      vertex -16 9.5 6
      vertex -15.9856 9.20595 0
      vertex -15.9856 9.20595 6
    endloop
  endfacet
  facet normal -0.514121 -0.857718 0
    outer loop
      vertex -14.6667 7.00559 0
      vertex -14.4142 6.85424 6
      vertex -14.6667 7.00559 6
    endloop
  endfacet
  facet normal -0.514121 -0.857718 -0
    outer loop
      vertex -14.4142 6.85424 6
      vertex -14.6667 7.00559 0
      vertex -14.4142 6.85424 0
    endloop
  endfacet
  facet normal -0.121564 -0.992584 0
    outer loop
      vertex -13.2941 6.51445 0
      vertex -7.975 5.86301 6
      vertex -13.2941 6.51445 6
    endloop
  endfacet
  facet normal -0.121564 -0.992584 -0
    outer loop
      vertex -7.975 5.86301 6
      vertex -13.2941 6.51445 0
      vertex -7.975 5.86301 0
    endloop
  endfacet
  facet normal -0.121566 -0.992583 0
    outer loop
      vertex -1.74495 5.1 0
      vertex -1.5 5.07 6
      vertex -1.74495 5.1 6
    endloop
  endfacet
  facet normal -0.121566 -0.992583 -0
    outer loop
      vertex -1.5 5.07 6
      vertex -1.74495 5.1 0
      vertex -1.5 5.07 0
    endloop
  endfacet
  facet normal -0.803208 0.595699 0
    outer loop
      vertex -15.4944 11.1667 0
      vertex -15.319 11.4032 6
      vertex -15.319 11.4032 0
    endloop
  endfacet
  facet normal -0.803208 0.595699 0
    outer loop
      vertex -15.319 11.4032 6
      vertex -15.4944 11.1667 0
      vertex -15.4944 11.1667 6
    endloop
  endfacet
  facet normal -0.514246 0.857643 0
    outer loop
      vertex -14.4142 12.1458 0
      vertex -14.6667 11.9944 6
      vertex -14.4142 12.1458 6
    endloop
  endfacet
  facet normal -0.514246 0.857643 0
    outer loop
      vertex -14.6667 11.9944 6
      vertex -14.4142 12.1458 0
      vertex -14.6667 11.9944 0
    endloop
  endfacet
  facet normal 0.0489044 0.998803 -0
    outer loop
      vertex -12.7059 12.4856 0
      vertex -13 12.5 6
      vertex -12.7059 12.4856 6
    endloop
  endfacet
  facet normal 0.0489044 0.998803 0
    outer loop
      vertex -13 12.5 6
      vertex -12.7059 12.4856 0
      vertex -13 12.5 0
    endloop
  endfacet
  facet normal -0.969978 -0.243191 0
    outer loop
      vertex -15.8708 8.62915 0
      vertex -15.9424 8.91473 6
      vertex -15.9424 8.91473 0
    endloop
  endfacet
  facet normal -0.969978 -0.243191 0
    outer loop
      vertex -15.9424 8.91473 6
      vertex -15.8708 8.62915 0
      vertex -15.8708 8.62915 6
    endloop
  endfacet
  facet normal -0.989176 -0.146736 0
    outer loop
      vertex -15.9424 8.91473 0
      vertex -15.9856 9.20595 6
      vertex -15.9856 9.20595 0
    endloop
  endfacet
  facet normal -0.989176 -0.146736 0
    outer loop
      vertex -15.9856 9.20595 6
      vertex -15.9424 8.91473 0
      vertex -15.9424 8.91473 6
    endloop
  endfacet
  facet normal -0.336986 -0.94151 0
    outer loop
      vertex -14.148 6.72836 0
      vertex -13.8709 6.62918 6
      vertex -14.148 6.72836 6
    endloop
  endfacet
  facet normal -0.336986 -0.94151 -0
    outer loop
      vertex -13.8709 6.62918 6
      vertex -14.148 6.72836 0
      vertex -13.8709 6.62918 0
    endloop
  endfacet
  facet normal -0.671625 -0.740891 0
    outer loop
      vertex -15.1213 7.37868 0
      vertex -14.9032 7.18097 6
      vertex -15.1213 7.37868 6
    endloop
  endfacet
  facet normal -0.671625 -0.740891 -0
    outer loop
      vertex -14.9032 7.18097 6
      vertex -15.1213 7.37868 0
      vertex -14.9032 7.18097 0
    endloop
  endfacet
  facet normal -0.595655 -0.803241 0
    outer loop
      vertex -14.9032 7.18097 0
      vertex -14.6667 7.00559 6
      vertex -14.9032 7.18097 6
    endloop
  endfacet
  facet normal -0.595655 -0.803241 -0
    outer loop
      vertex -14.6667 7.00559 6
      vertex -14.9032 7.18097 0
      vertex -14.6667 7.00559 0
    endloop
  endfacet
  facet normal -0.857661 -0.514216 0
    outer loop
      vertex -15.4944 7.83329 0
      vertex -15.6458 8.08581 6
      vertex -15.6458 8.08581 0
    endloop
  endfacet
  facet normal -0.857661 -0.514216 0
    outer loop
      vertex -15.6458 8.08581 6
      vertex -15.4944 7.83329 0
      vertex -15.4944 7.83329 6
    endloop
  endfacet
  facet normal -0.803172 -0.595747 0
    outer loop
      vertex -15.319 7.59682 0
      vertex -15.4944 7.83329 6
      vertex -15.4944 7.83329 0
    endloop
  endfacet
  facet normal -0.803172 -0.595747 0
    outer loop
      vertex -15.4944 7.83329 6
      vertex -15.319 7.59682 0
      vertex -15.319 7.59682 6
    endloop
  endfacet
  facet normal -0.941488 0.337047 0
    outer loop
      vertex -15.8708 10.3709 0
      vertex -15.7716 10.648 6
      vertex -15.7716 10.648 0
    endloop
  endfacet
  facet normal -0.941488 0.337047 0
    outer loop
      vertex -15.7716 10.648 6
      vertex -15.8708 10.3709 0
      vertex -15.8708 10.3709 6
    endloop
  endfacet
  facet normal -0.740908 0.671607 0
    outer loop
      vertex -15.319 11.4032 0
      vertex -15.1213 11.6213 6
      vertex -15.1213 11.6213 0
    endloop
  endfacet
  facet normal -0.740908 0.671607 0
    outer loop
      vertex -15.1213 11.6213 6
      vertex -15.319 11.4032 0
      vertex -15.319 11.4032 6
    endloop
  endfacet
  facet normal -0.671607 0.740908 0
    outer loop
      vertex -14.9032 11.819 0
      vertex -15.1213 11.6213 6
      vertex -14.9032 11.819 6
    endloop
  endfacet
  facet normal -0.671607 0.740908 0
    outer loop
      vertex -15.1213 11.6213 6
      vertex -14.9032 11.819 0
      vertex -15.1213 11.6213 0
    endloop
  endfacet
  facet normal -0.595699 0.803208 0
    outer loop
      vertex -14.6667 11.9944 0
      vertex -14.9032 11.819 6
      vertex -14.6667 11.9944 6
    endloop
  endfacet
  facet normal -0.595699 0.803208 0
    outer loop
      vertex -14.9032 11.819 6
      vertex -14.6667 11.9944 0
      vertex -14.9032 11.819 0
    endloop
  endfacet
  facet normal 0.146746 0.989174 -0
    outer loop
      vertex -12.4147 12.4424 0
      vertex -12.7059 12.4856 6
      vertex -12.4147 12.4424 6
    endloop
  endfacet
  facet normal 0.146746 0.989174 0
    outer loop
      vertex -12.7059 12.4856 6
      vertex -12.4147 12.4424 0
      vertex -12.7059 12.4856 0
    endloop
  endfacet
  facet normal -0.242983 -0.970031 0
    outer loop
      vertex -13.8709 6.62918 0
      vertex -13.5853 6.55764 6
      vertex -13.8709 6.62918 6
    endloop
  endfacet
  facet normal -0.242983 -0.970031 -0
    outer loop
      vertex -13.5853 6.55764 6
      vertex -13.8709 6.62918 0
      vertex -13.5853 6.55764 0
    endloop
  endfacet
  facet normal -0.427491 -0.90402 0
    outer loop
      vertex -14.4142 6.85424 0
      vertex -14.148 6.72836 6
      vertex -14.4142 6.85424 6
    endloop
  endfacet
  facet normal -0.427491 -0.90402 -0
    outer loop
      vertex -14.148 6.72836 6
      vertex -14.4142 6.85424 0
      vertex -14.148 6.72836 0
    endloop
  endfacet
  facet normal -0.904088 -0.427347 0
    outer loop
      vertex -15.6458 8.08581 0
      vertex -15.7716 8.35195 6
      vertex -15.7716 8.35195 0
    endloop
  endfacet
  facet normal -0.904088 -0.427347 0
    outer loop
      vertex -15.7716 8.35195 6
      vertex -15.6458 8.08581 0
      vertex -15.6458 8.08581 6
    endloop
  endfacet
  facet normal -0.941527 -0.336939 0
    outer loop
      vertex -15.7716 8.35195 0
      vertex -15.8708 8.62915 6
      vertex -15.8708 8.62915 0
    endloop
  endfacet
  facet normal -0.941527 -0.336939 0
    outer loop
      vertex -15.8708 8.62915 6
      vertex -15.7716 8.35195 0
      vertex -15.7716 8.35195 6
    endloop
  endfacet
  facet normal -0.989178 0.146721 0
    outer loop
      vertex -15.9856 9.79405 0
      vertex -15.9424 10.0853 6
      vertex -15.9424 10.0853 0
    endloop
  endfacet
  facet normal -0.989178 0.146721 0
    outer loop
      vertex -15.9424 10.0853 6
      vertex -15.9856 9.79405 0
      vertex -15.9856 9.79405 6
    endloop
  endfacet
  facet normal -0.969982 0.243175 0
    outer loop
      vertex -15.9424 10.0853 0
      vertex -15.8708 10.3709 6
      vertex -15.8708 10.3709 0
    endloop
  endfacet
  facet normal -0.969982 0.243175 0
    outer loop
      vertex -15.8708 10.3709 6
      vertex -15.9424 10.0853 0
      vertex -15.9424 10.0853 6
    endloop
  endfacet
  facet normal -0.904125 0.427269 0
    outer loop
      vertex -15.7716 10.648 0
      vertex -15.6458 10.9142 6
      vertex -15.6458 10.9142 0
    endloop
  endfacet
  facet normal -0.904125 0.427269 0
    outer loop
      vertex -15.6458 10.9142 6
      vertex -15.7716 10.648 0
      vertex -15.7716 10.648 6
    endloop
  endfacet
  facet normal -0.857643 0.514246 0
    outer loop
      vertex -15.6458 10.9142 0
      vertex -15.4944 11.1667 6
      vertex -15.4944 11.1667 0
    endloop
  endfacet
  facet normal -0.857643 0.514246 0
    outer loop
      vertex -15.4944 11.1667 6
      vertex -15.6458 10.9142 0
      vertex -15.6458 10.9142 6
    endloop
  endfacet
  facet normal -0.427269 0.904125 0
    outer loop
      vertex -14.148 12.2716 0
      vertex -14.4142 12.1458 6
      vertex -14.148 12.2716 6
    endloop
  endfacet
  facet normal -0.427269 0.904125 0
    outer loop
      vertex -14.4142 12.1458 6
      vertex -14.148 12.2716 0
      vertex -14.4142 12.1458 0
    endloop
  endfacet
  facet normal -0.337047 0.941488 0
    outer loop
      vertex -13.8709 12.3708 0
      vertex -14.148 12.2716 6
      vertex -13.8709 12.3708 6
    endloop
  endfacet
  facet normal -0.337047 0.941488 0
    outer loop
      vertex -14.148 12.2716 6
      vertex -13.8709 12.3708 0
      vertex -14.148 12.2716 0
    endloop
  endfacet
  facet normal -0.0489044 0.998803 0
    outer loop
      vertex -13 12.5 0
      vertex -13.2941 12.4856 6
      vertex -13 12.5 6
    endloop
  endfacet
  facet normal -0.0489044 0.998803 0
    outer loop
      vertex -13.2941 12.4856 6
      vertex -13 12.5 0
      vertex -13.2941 12.4856 0
    endloop
  endfacet
  facet normal -0.243175 0.969982 0
    outer loop
      vertex -13.5853 12.4424 0
      vertex -13.8709 12.3708 6
      vertex -13.5853 12.4424 6
    endloop
  endfacet
  facet normal -0.243175 0.969982 0
    outer loop
      vertex -13.8709 12.3708 6
      vertex -13.5853 12.4424 0
      vertex -13.8709 12.3708 0
    endloop
  endfacet
  facet normal -0.146746 0.989174 0
    outer loop
      vertex -13.2941 12.4856 0
      vertex -13.5853 12.4424 6
      vertex -13.2941 12.4856 6
    endloop
  endfacet
  facet normal -0.146746 0.989174 0
    outer loop
      vertex -13.5853 12.4424 6
      vertex -13.2941 12.4856 0
      vertex -13.5853 12.4424 0
    endloop
  endfacet
  facet normal -1 0 0
    outer loop
      vertex 11.575 -7.47 0
      vertex 11.575 -7.3 6
      vertex 11.575 -7.3 0
    endloop
  endfacet
  facet normal -1 -0 0
    outer loop
      vertex 11.575 -7.3 6
      vertex 11.575 -7.47 0
      vertex 11.575 -7.47 6
    endloop
  endfacet
  facet normal -1 0 0
    outer loop
      vertex 11.575 -5.1 0
      vertex 11.575 -5.07 6
      vertex 11.575 -5.07 0
    endloop
  endfacet
  facet normal -1 -0 0
    outer loop
      vertex 11.575 -5.07 6
      vertex 11.575 -5.1 0
      vertex 11.575 -5.1 6
    endloop
  endfacet
  facet normal 0.904125 -0.427269 0
    outer loop
      vertex 19.1458 -10.9142 6
      vertex 19.2716 -10.648 0
      vertex 19.2716 -10.648 6
    endloop
  endfacet
  facet normal 0.904125 -0.427269 0
    outer loop
      vertex 19.2716 -10.648 0
      vertex 19.1458 -10.9142 6
      vertex 19.1458 -10.9142 0
    endloop
  endfacet
  facet normal -0.835566 -0.549389 0
    outer loop
      vertex 14.0056 -11.1667 0
      vertex 11.575 -7.47 6
      vertex 11.575 -7.47 0
    endloop
  endfacet
  facet normal -0.835566 -0.549389 0
    outer loop
      vertex 11.575 -7.47 6
      vertex 14.0056 -11.1667 0
      vertex 14.0056 -11.1667 6
    endloop
  endfacet
  facet normal -0.740908 -0.671607 0
    outer loop
      vertex 14.3787 -11.6213 0
      vertex 14.181 -11.4032 6
      vertex 14.181 -11.4032 0
    endloop
  endfacet
  facet normal -0.740908 -0.671607 0
    outer loop
      vertex 14.181 -11.4032 6
      vertex 14.3787 -11.6213 0
      vertex 14.3787 -11.6213 6
    endloop
  endfacet
  facet normal 0.941488 -0.337047 0
    outer loop
      vertex 19.2716 -10.648 6
      vertex 19.3708 -10.3709 0
      vertex 19.3708 -10.3709 6
    endloop
  endfacet
  facet normal 0.941488 -0.337047 0
    outer loop
      vertex 19.3708 -10.3709 0
      vertex 19.2716 -10.648 6
      vertex 19.2716 -10.648 0
    endloop
  endfacet
  facet normal 0.998803 -0.0489126 0
    outer loop
      vertex 19.4856 -9.79405 6
      vertex 19.5 -9.5 0
      vertex 19.5 -9.5 6
    endloop
  endfacet
  facet normal 0.998803 -0.0489126 0
    outer loop
      vertex 19.5 -9.5 0
      vertex 19.4856 -9.79405 6
      vertex 19.4856 -9.79405 0
    endloop
  endfacet
  facet normal 0 1 -0
    outer loop
      vertex 13.975 -5.07 0
      vertex 11.575 -5.07 6
      vertex 13.975 -5.07 6
    endloop
  endfacet
  facet normal 0 1 0
    outer loop
      vertex 11.575 -5.07 6
      vertex 13.975 -5.07 0
      vertex 11.575 -5.07 0
    endloop
  endfacet
  facet normal 0.427491 0.90402 -0
    outer loop
      vertex 17.9142 -6.85424 0
      vertex 17.648 -6.72836 6
      vertex 17.9142 -6.85424 6
    endloop
  endfacet
  facet normal 0.427491 0.90402 0
    outer loop
      vertex 17.648 -6.72836 6
      vertex 17.9142 -6.85424 0
      vertex 17.648 -6.72836 0
    endloop
  endfacet
  facet normal 0.904088 0.427347 0
    outer loop
      vertex 19.2716 -8.35195 6
      vertex 19.1458 -8.08581 0
      vertex 19.1458 -8.08581 6
    endloop
  endfacet
  facet normal 0.904088 0.427347 0
    outer loop
      vertex 19.1458 -8.08581 0
      vertex 19.2716 -8.35195 6
      vertex 19.2716 -8.35195 0
    endloop
  endfacet
  facet normal -0.514246 -0.857643 0
    outer loop
      vertex 14.8333 -11.9944 0
      vertex 15.0858 -12.1458 6
      vertex 14.8333 -11.9944 6
    endloop
  endfacet
  facet normal -0.514246 -0.857643 -0
    outer loop
      vertex 15.0858 -12.1458 6
      vertex 14.8333 -11.9944 0
      vertex 15.0858 -12.1458 0
    endloop
  endfacet
  facet normal 0.514246 -0.857643 0
    outer loop
      vertex 17.9142 -12.1458 0
      vertex 18.1667 -11.9944 6
      vertex 17.9142 -12.1458 6
    endloop
  endfacet
  facet normal 0.514246 -0.857643 0
    outer loop
      vertex 18.1667 -11.9944 6
      vertex 17.9142 -12.1458 0
      vertex 18.1667 -11.9944 0
    endloop
  endfacet
  facet normal 0.671607 -0.740908 0
    outer loop
      vertex 18.4032 -11.819 0
      vertex 18.6213 -11.6213 6
      vertex 18.4032 -11.819 6
    endloop
  endfacet
  facet normal 0.671607 -0.740908 0
    outer loop
      vertex 18.6213 -11.6213 6
      vertex 18.4032 -11.819 0
      vertex 18.6213 -11.6213 0
    endloop
  endfacet
  facet normal 0.998803 0.0489126 0
    outer loop
      vertex 19.5 -9.5 6
      vertex 19.4856 -9.20595 0
      vertex 19.4856 -9.20595 6
    endloop
  endfacet
  facet normal 0.998803 0.0489126 0
    outer loop
      vertex 19.4856 -9.20595 0
      vertex 19.5 -9.5 6
      vertex 19.5 -9.5 0
    endloop
  endfacet
  facet normal -0.803208 -0.595699 0
    outer loop
      vertex 14.181 -11.4032 0
      vertex 14.0056 -11.1667 6
      vertex 14.0056 -11.1667 0
    endloop
  endfacet
  facet normal -0.803208 -0.595699 0
    outer loop
      vertex 14.0056 -11.1667 6
      vertex 14.181 -11.4032 0
      vertex 14.181 -11.4032 6
    endloop
  endfacet
  facet normal 0.411501 0.911409 -0
    outer loop
      vertex 17.648 -6.72836 0
      vertex 13.975 -5.07 6
      vertex 17.648 -6.72836 6
    endloop
  endfacet
  facet normal 0.411501 0.911409 0
    outer loop
      vertex 13.975 -5.07 6
      vertex 17.648 -6.72836 0
      vertex 13.975 -5.07 0
    endloop
  endfacet
  facet normal 0.514121 0.857718 -0
    outer loop
      vertex 18.1667 -7.00559 0
      vertex 17.9142 -6.85424 6
      vertex 18.1667 -7.00559 6
    endloop
  endfacet
  facet normal 0.514121 0.857718 0
    outer loop
      vertex 17.9142 -6.85424 6
      vertex 18.1667 -7.00559 0
      vertex 17.9142 -6.85424 0
    endloop
  endfacet
  facet normal 0.740969 0.671539 0
    outer loop
      vertex 18.819 -7.59682 6
      vertex 18.6213 -7.37868 0
      vertex 18.6213 -7.37868 6
    endloop
  endfacet
  facet normal 0.740969 0.671539 0
    outer loop
      vertex 18.6213 -7.37868 0
      vertex 18.819 -7.59682 6
      vertex 18.819 -7.59682 0
    endloop
  endfacet
  facet normal -0.4274 -0.904063 0
    outer loop
      vertex 15.0858 -12.1458 0
      vertex 15.3519 -12.2716 6
      vertex 15.0858 -12.1458 6
    endloop
  endfacet
  facet normal -0.4274 -0.904063 -0
    outer loop
      vertex 15.3519 -12.2716 6
      vertex 15.0858 -12.1458 0
      vertex 15.3519 -12.2716 0
    endloop
  endfacet
  facet normal 0.0489044 -0.998803 0
    outer loop
      vertex 16.5 -12.5 0
      vertex 16.7941 -12.4856 6
      vertex 16.5 -12.5 6
    endloop
  endfacet
  facet normal 0.0489044 -0.998803 0
    outer loop
      vertex 16.7941 -12.4856 6
      vertex 16.5 -12.5 0
      vertex 16.7941 -12.4856 0
    endloop
  endfacet
  facet normal -0.0489044 -0.998803 0
    outer loop
      vertex 16.2059 -12.4856 0
      vertex 16.5 -12.5 6
      vertex 16.2059 -12.4856 6
    endloop
  endfacet
  facet normal -0.0489044 -0.998803 -0
    outer loop
      vertex 16.5 -12.5 6
      vertex 16.2059 -12.4856 0
      vertex 16.5 -12.5 0
    endloop
  endfacet
  facet normal -0.243175 -0.969982 0
    outer loop
      vertex 15.6291 -12.3708 0
      vertex 15.9147 -12.4424 6
      vertex 15.6291 -12.3708 6
    endloop
  endfacet
  facet normal -0.243175 -0.969982 -0
    outer loop
      vertex 15.9147 -12.4424 6
      vertex 15.6291 -12.3708 0
      vertex 15.9147 -12.4424 0
    endloop
  endfacet
  facet normal 0.857643 -0.514246 0
    outer loop
      vertex 18.9944 -11.1667 6
      vertex 19.1458 -10.9142 0
      vertex 19.1458 -10.9142 6
    endloop
  endfacet
  facet normal 0.857643 -0.514246 0
    outer loop
      vertex 19.1458 -10.9142 0
      vertex 18.9944 -11.1667 6
      vertex 18.9944 -11.1667 0
    endloop
  endfacet
  facet normal 0.989178 -0.146721 0
    outer loop
      vertex 19.4424 -10.0853 6
      vertex 19.4856 -9.79405 0
      vertex 19.4856 -9.79405 6
    endloop
  endfacet
  facet normal 0.989178 -0.146721 0
    outer loop
      vertex 19.4856 -9.79405 0
      vertex 19.4424 -10.0853 6
      vertex 19.4424 -10.0853 0
    endloop
  endfacet
  facet normal 0.989176 0.146736 0
    outer loop
      vertex 19.4856 -9.20595 6
      vertex 19.4424 -8.91473 0
      vertex 19.4424 -8.91473 6
    endloop
  endfacet
  facet normal 0.989176 0.146736 0
    outer loop
      vertex 19.4424 -8.91473 0
      vertex 19.4856 -9.20595 6
      vertex 19.4856 -9.20595 0
    endloop
  endfacet
  facet normal -0.671607 -0.740908 0
    outer loop
      vertex 14.3787 -11.6213 0
      vertex 14.5968 -11.819 6
      vertex 14.3787 -11.6213 6
    endloop
  endfacet
  facet normal -0.671607 -0.740908 -0
    outer loop
      vertex 14.5968 -11.819 6
      vertex 14.3787 -11.6213 0
      vertex 14.5968 -11.819 0
    endloop
  endfacet
  facet normal 0.671625 0.740891 -0
    outer loop
      vertex 18.6213 -7.37868 0
      vertex 18.4032 -7.18097 6
      vertex 18.6213 -7.37868 6
    endloop
  endfacet
  facet normal 0.671625 0.740891 0
    outer loop
      vertex 18.4032 -7.18097 6
      vertex 18.6213 -7.37868 0
      vertex 18.4032 -7.18097 0
    endloop
  endfacet
  facet normal 0.595655 0.803241 -0
    outer loop
      vertex 18.4032 -7.18097 0
      vertex 18.1667 -7.00559 6
      vertex 18.4032 -7.18097 6
    endloop
  endfacet
  facet normal 0.595655 0.803241 0
    outer loop
      vertex 18.1667 -7.00559 6
      vertex 18.4032 -7.18097 0
      vertex 18.1667 -7.00559 0
    endloop
  endfacet
  facet normal 0.803172 0.595747 0
    outer loop
      vertex 18.9944 -7.83329 6
      vertex 18.819 -7.59682 0
      vertex 18.819 -7.59682 6
    endloop
  endfacet
  facet normal 0.803172 0.595747 0
    outer loop
      vertex 18.819 -7.59682 0
      vertex 18.9944 -7.83329 6
      vertex 18.9944 -7.83329 0
    endloop
  endfacet
  facet normal 0.595699 -0.803208 0
    outer loop
      vertex 18.1667 -11.9944 0
      vertex 18.4032 -11.819 6
      vertex 18.1667 -11.9944 6
    endloop
  endfacet
  facet normal 0.595699 -0.803208 0
    outer loop
      vertex 18.4032 -11.819 6
      vertex 18.1667 -11.9944 0
      vertex 18.4032 -11.819 0
    endloop
  endfacet
  facet normal 0.427269 -0.904125 0
    outer loop
      vertex 17.648 -12.2716 0
      vertex 17.9142 -12.1458 6
      vertex 17.648 -12.2716 6
    endloop
  endfacet
  facet normal 0.427269 -0.904125 0
    outer loop
      vertex 17.9142 -12.1458 6
      vertex 17.648 -12.2716 0
      vertex 17.9142 -12.1458 0
    endloop
  endfacet
  facet normal 0.146746 -0.989174 0
    outer loop
      vertex 16.7941 -12.4856 0
      vertex 17.0853 -12.4424 6
      vertex 16.7941 -12.4856 6
    endloop
  endfacet
  facet normal 0.146746 -0.989174 0
    outer loop
      vertex 17.0853 -12.4424 6
      vertex 16.7941 -12.4856 0
      vertex 17.0853 -12.4424 0
    endloop
  endfacet
  facet normal 0.969982 -0.243175 0
    outer loop
      vertex 19.3708 -10.3709 6
      vertex 19.4424 -10.0853 0
      vertex 19.4424 -10.0853 6
    endloop
  endfacet
  facet normal 0.969982 -0.243175 0
    outer loop
      vertex 19.4424 -10.0853 0
      vertex 19.3708 -10.3709 6
      vertex 19.3708 -10.3709 0
    endloop
  endfacet
  facet normal 0.941527 0.336939 0
    outer loop
      vertex 19.3708 -8.62915 6
      vertex 19.2716 -8.35195 0
      vertex 19.2716 -8.35195 6
    endloop
  endfacet
  facet normal 0.941527 0.336939 0
    outer loop
      vertex 19.2716 -8.35195 0
      vertex 19.3708 -8.62915 6
      vertex 19.3708 -8.62915 0
    endloop
  endfacet
  facet normal 0.969978 0.243191 0
    outer loop
      vertex 19.4424 -8.91473 6
      vertex 19.3708 -8.62915 0
      vertex 19.3708 -8.62915 6
    endloop
  endfacet
  facet normal 0.969978 0.243191 0
    outer loop
      vertex 19.3708 -8.62915 0
      vertex 19.4424 -8.91473 6
      vertex 19.4424 -8.91473 0
    endloop
  endfacet
  facet normal -0.336939 -0.941527 0
    outer loop
      vertex 15.3519 -12.2716 0
      vertex 15.6291 -12.3708 6
      vertex 15.3519 -12.2716 6
    endloop
  endfacet
  facet normal -0.336939 -0.941527 -0
    outer loop
      vertex 15.6291 -12.3708 6
      vertex 15.3519 -12.2716 0
      vertex 15.6291 -12.3708 0
    endloop
  endfacet
  facet normal -0.595699 -0.803208 0
    outer loop
      vertex 14.5968 -11.819 0
      vertex 14.8333 -11.9944 6
      vertex 14.5968 -11.819 6
    endloop
  endfacet
  facet normal -0.595699 -0.803208 -0
    outer loop
      vertex 14.8333 -11.9944 6
      vertex 14.5968 -11.819 0
      vertex 14.8333 -11.9944 0
    endloop
  endfacet
  facet normal 0.857661 0.514216 0
    outer loop
      vertex 19.1458 -8.08581 6
      vertex 18.9944 -7.83329 0
      vertex 18.9944 -7.83329 6
    endloop
  endfacet
  facet normal 0.857661 0.514216 0
    outer loop
      vertex 18.9944 -7.83329 0
      vertex 19.1458 -8.08581 6
      vertex 19.1458 -8.08581 0
    endloop
  endfacet
  facet normal 0.243175 -0.969982 0
    outer loop
      vertex 17.0853 -12.4424 0
      vertex 17.3709 -12.3708 6
      vertex 17.0853 -12.4424 6
    endloop
  endfacet
  facet normal 0.243175 -0.969982 0
    outer loop
      vertex 17.3709 -12.3708 6
      vertex 17.0853 -12.4424 0
      vertex 17.3709 -12.3708 0
    endloop
  endfacet
  facet normal 0.337047 -0.941488 0
    outer loop
      vertex 17.3709 -12.3708 0
      vertex 17.648 -12.2716 6
      vertex 17.3709 -12.3708 6
    endloop
  endfacet
  facet normal 0.337047 -0.941488 0
    outer loop
      vertex 17.648 -12.2716 6
      vertex 17.3709 -12.3708 0
      vertex 17.648 -12.2716 0
    endloop
  endfacet
  facet normal -0.146746 -0.989174 0
    outer loop
      vertex 15.9147 -12.4424 0
      vertex 16.2059 -12.4856 6
      vertex 15.9147 -12.4424 6
    endloop
  endfacet
  facet normal -0.146746 -0.989174 -0
    outer loop
      vertex 16.2059 -12.4856 6
      vertex 15.9147 -12.4424 0
      vertex 16.2059 -12.4856 0
    endloop
  endfacet
  facet normal 0.740908 -0.671607 0
    outer loop
      vertex 18.6213 -11.6213 6
      vertex 18.819 -11.4032 0
      vertex 18.819 -11.4032 6
    endloop
  endfacet
  facet normal 0.740908 -0.671607 0
    outer loop
      vertex 18.819 -11.4032 0
      vertex 18.6213 -11.6213 6
      vertex 18.6213 -11.6213 0
    endloop
  endfacet
  facet normal 0.803208 -0.595699 0
    outer loop
      vertex 18.819 -11.4032 6
      vertex 18.9944 -11.1667 0
      vertex 18.9944 -11.1667 6
    endloop
  endfacet
  facet normal 0.803208 -0.595699 0
    outer loop
      vertex 18.9944 -11.1667 0
      vertex 18.819 -11.4032 6
      vertex 18.819 -11.4032 0
    endloop
  endfacet
  facet normal 0.989178 0.146721 0
    outer loop
      vertex 19.4856 9.79405 6
      vertex 19.4424 10.0853 0
      vertex 19.4424 10.0853 6
    endloop
  endfacet
  facet normal 0.989178 0.146721 0
    outer loop
      vertex 19.4424 10.0853 0
      vertex 19.4856 9.79405 6
      vertex 19.4856 9.79405 0
    endloop
  endfacet
  facet normal 0.857661 -0.514216 0
    outer loop
      vertex 18.9944 7.83329 6
      vertex 19.1458 8.08581 0
      vertex 19.1458 8.08581 6
    endloop
  endfacet
  facet normal 0.857661 -0.514216 0
    outer loop
      vertex 19.1458 8.08581 0
      vertex 18.9944 7.83329 6
      vertex 18.9944 7.83329 0
    endloop
  endfacet
  facet normal 0.514246 0.857643 -0
    outer loop
      vertex 18.1667 11.9944 0
      vertex 17.9142 12.1458 6
      vertex 18.1667 11.9944 6
    endloop
  endfacet
  facet normal 0.514246 0.857643 0
    outer loop
      vertex 17.9142 12.1458 6
      vertex 18.1667 11.9944 0
      vertex 17.9142 12.1458 0
    endloop
  endfacet
  facet normal -1 0 0
    outer loop
      vertex 11.575 5.07 0
      vertex 11.575 5.1 6
      vertex 11.575 5.1 0
    endloop
  endfacet
  facet normal -1 -0 0
    outer loop
      vertex 11.575 5.1 6
      vertex 11.575 5.07 0
      vertex 11.575 5.07 6
    endloop
  endfacet
  facet normal -1 0 0
    outer loop
      vertex 11.575 7.3 0
      vertex 11.575 7.47 6
      vertex 11.575 7.47 0
    endloop
  endfacet
  facet normal -1 -0 0
    outer loop
      vertex 11.575 7.47 6
      vertex 11.575 7.3 0
      vertex 11.575 7.3 6
    endloop
  endfacet
  facet normal 0.411501 -0.911409 0
    outer loop
      vertex 13.975 5.07 0
      vertex 17.648 6.72836 6
      vertex 13.975 5.07 6
    endloop
  endfacet
  facet normal 0.411501 -0.911409 0
    outer loop
      vertex 17.648 6.72836 6
      vertex 13.975 5.07 0
      vertex 17.648 6.72836 0
    endloop
  endfacet
  facet normal 0.998803 0.0489126 0
    outer loop
      vertex 19.5 9.5 6
      vertex 19.4856 9.79405 0
      vertex 19.4856 9.79405 6
    endloop
  endfacet
  facet normal 0.998803 0.0489126 0
    outer loop
      vertex 19.4856 9.79405 0
      vertex 19.5 9.5 6
      vertex 19.5 9.5 0
    endloop
  endfacet
  facet normal 0.857643 0.514246 0
    outer loop
      vertex 19.1458 10.9142 6
      vertex 18.9944 11.1667 0
      vertex 18.9944 11.1667 6
    endloop
  endfacet
  facet normal 0.857643 0.514246 0
    outer loop
      vertex 18.9944 11.1667 0
      vertex 19.1458 10.9142 6
      vertex 19.1458 10.9142 0
    endloop
  endfacet
  facet normal 0.427491 -0.90402 0
    outer loop
      vertex 17.648 6.72836 0
      vertex 17.9142 6.85424 6
      vertex 17.648 6.72836 6
    endloop
  endfacet
  facet normal 0.427491 -0.90402 0
    outer loop
      vertex 17.9142 6.85424 6
      vertex 17.648 6.72836 0
      vertex 17.9142 6.85424 0
    endloop
  endfacet
  facet normal 0 -1 0
    outer loop
      vertex 11.575 5.07 0
      vertex 13.975 5.07 6
      vertex 11.575 5.07 6
    endloop
  endfacet
  facet normal 0 -1 -0
    outer loop
      vertex 13.975 5.07 6
      vertex 11.575 5.07 0
      vertex 13.975 5.07 0
    endloop
  endfacet
  facet normal 0.514121 -0.857718 0
    outer loop
      vertex 17.9142 6.85424 0
      vertex 18.1667 7.00559 6
      vertex 17.9142 6.85424 6
    endloop
  endfacet
  facet normal 0.514121 -0.857718 0
    outer loop
      vertex 18.1667 7.00559 6
      vertex 17.9142 6.85424 0
      vertex 18.1667 7.00559 0
    endloop
  endfacet
  facet normal 0.969978 -0.243191 0
    outer loop
      vertex 19.3708 8.62915 6
      vertex 19.4424 8.91473 0
      vertex 19.4424 8.91473 6
    endloop
  endfacet
  facet normal 0.969978 -0.243191 0
    outer loop
      vertex 19.4424 8.91473 0
      vertex 19.3708 8.62915 6
      vertex 19.3708 8.62915 0
    endloop
  endfacet
  facet normal 0.969982 0.243175 0
    outer loop
      vertex 19.4424 10.0853 6
      vertex 19.3708 10.3709 0
      vertex 19.3708 10.3709 6
    endloop
  endfacet
  facet normal 0.969982 0.243175 0
    outer loop
      vertex 19.3708 10.3709 0
      vertex 19.4424 10.0853 6
      vertex 19.4424 10.0853 0
    endloop
  endfacet
  facet normal -0.835566 0.549389 0
    outer loop
      vertex 11.575 7.47 0
      vertex 14.0056 11.1667 6
      vertex 14.0056 11.1667 0
    endloop
  endfacet
  facet normal -0.835566 0.549389 0
    outer loop
      vertex 14.0056 11.1667 6
      vertex 11.575 7.47 0
      vertex 11.575 7.47 6
    endloop
  endfacet
  facet normal 0.740908 0.671607 0
    outer loop
      vertex 18.819 11.4032 6
      vertex 18.6213 11.6213 0
      vertex 18.6213 11.6213 6
    endloop
  endfacet
  facet normal 0.740908 0.671607 0
    outer loop
      vertex 18.6213 11.6213 0
      vertex 18.819 11.4032 6
      vertex 18.819 11.4032 0
    endloop
  endfacet
  facet normal 0.803208 0.595699 0
    outer loop
      vertex 18.9944 11.1667 6
      vertex 18.819 11.4032 0
      vertex 18.819 11.4032 6
    endloop
  endfacet
  facet normal 0.803208 0.595699 0
    outer loop
      vertex 18.819 11.4032 0
      vertex 18.9944 11.1667 6
      vertex 18.9944 11.1667 0
    endloop
  endfacet
  facet normal -0.0489044 0.998803 0
    outer loop
      vertex 16.5 12.5 0
      vertex 16.2059 12.4856 6
      vertex 16.5 12.5 6
    endloop
  endfacet
  facet normal -0.0489044 0.998803 0
    outer loop
      vertex 16.2059 12.4856 6
      vertex 16.5 12.5 0
      vertex 16.2059 12.4856 0
    endloop
  endfacet
  facet normal 0.740969 -0.671539 0
    outer loop
      vertex 18.6213 7.37868 6
      vertex 18.819 7.59682 0
      vertex 18.819 7.59682 6
    endloop
  endfacet
  facet normal 0.740969 -0.671539 0
    outer loop
      vertex 18.819 7.59682 0
      vertex 18.6213 7.37868 6
      vertex 18.6213 7.37868 0
    endloop
  endfacet
  facet normal 0.595655 -0.803241 0
    outer loop
      vertex 18.1667 7.00559 0
      vertex 18.4032 7.18097 6
      vertex 18.1667 7.00559 6
    endloop
  endfacet
  facet normal 0.595655 -0.803241 0
    outer loop
      vertex 18.4032 7.18097 6
      vertex 18.1667 7.00559 0
      vertex 18.4032 7.18097 0
    endloop
  endfacet
  facet normal 0.671625 -0.740891 0
    outer loop
      vertex 18.4032 7.18097 0
      vertex 18.6213 7.37868 6
      vertex 18.4032 7.18097 6
    endloop
  endfacet
  facet normal 0.671625 -0.740891 0
    outer loop
      vertex 18.6213 7.37868 6
      vertex 18.4032 7.18097 0
      vertex 18.6213 7.37868 0
    endloop
  endfacet
  facet normal 0.904088 -0.427347 0
    outer loop
      vertex 19.1458 8.08581 6
      vertex 19.2716 8.35195 0
      vertex 19.2716 8.35195 6
    endloop
  endfacet
  facet normal 0.904088 -0.427347 0
    outer loop
      vertex 19.2716 8.35195 0
      vertex 19.1458 8.08581 6
      vertex 19.1458 8.08581 0
    endloop
  endfacet
  facet normal 0.998803 -0.0489126 0
    outer loop
      vertex 19.4856 9.20595 6
      vertex 19.5 9.5 0
      vertex 19.5 9.5 6
    endloop
  endfacet
  facet normal 0.998803 -0.0489126 0
    outer loop
      vertex 19.5 9.5 0
      vertex 19.4856 9.20595 6
      vertex 19.4856 9.20595 0
    endloop
  endfacet
  facet normal 0.989176 -0.146736 0
    outer loop
      vertex 19.4424 8.91473 6
      vertex 19.4856 9.20595 0
      vertex 19.4856 9.20595 6
    endloop
  endfacet
  facet normal 0.989176 -0.146736 0
    outer loop
      vertex 19.4856 9.20595 0
      vertex 19.4424 8.91473 6
      vertex 19.4424 8.91473 0
    endloop
  endfacet
  facet normal 0.904125 0.427269 0
    outer loop
      vertex 19.2716 10.648 6
      vertex 19.1458 10.9142 0
      vertex 19.1458 10.9142 6
    endloop
  endfacet
  facet normal 0.904125 0.427269 0
    outer loop
      vertex 19.1458 10.9142 0
      vertex 19.2716 10.648 6
      vertex 19.2716 10.648 0
    endloop
  endfacet
  facet normal 0.941488 0.337047 0
    outer loop
      vertex 19.3708 10.3709 6
      vertex 19.2716 10.648 0
      vertex 19.2716 10.648 6
    endloop
  endfacet
  facet normal 0.941488 0.337047 0
    outer loop
      vertex 19.2716 10.648 0
      vertex 19.3708 10.3709 6
      vertex 19.3708 10.3709 0
    endloop
  endfacet
  facet normal 0.671607 0.740908 -0
    outer loop
      vertex 18.6213 11.6213 0
      vertex 18.4032 11.819 6
      vertex 18.6213 11.6213 6
    endloop
  endfacet
  facet normal 0.671607 0.740908 0
    outer loop
      vertex 18.4032 11.819 6
      vertex 18.6213 11.6213 0
      vertex 18.4032 11.819 0
    endloop
  endfacet
  facet normal 0.595699 0.803208 -0
    outer loop
      vertex 18.4032 11.819 0
      vertex 18.1667 11.9944 6
      vertex 18.4032 11.819 6
    endloop
  endfacet
  facet normal 0.595699 0.803208 0
    outer loop
      vertex 18.1667 11.9944 6
      vertex 18.4032 11.819 0
      vertex 18.1667 11.9944 0
    endloop
  endfacet
  facet normal 0.0489044 0.998803 -0
    outer loop
      vertex 16.7941 12.4856 0
      vertex 16.5 12.5 6
      vertex 16.7941 12.4856 6
    endloop
  endfacet
  facet normal 0.0489044 0.998803 0
    outer loop
      vertex 16.5 12.5 6
      vertex 16.7941 12.4856 0
      vertex 16.5 12.5 0
    endloop
  endfacet
  facet normal 0.803172 -0.595747 0
    outer loop
      vertex 18.819 7.59682 6
      vertex 18.9944 7.83329 0
      vertex 18.9944 7.83329 6
    endloop
  endfacet
  facet normal 0.803172 -0.595747 0
    outer loop
      vertex 18.9944 7.83329 0
      vertex 18.819 7.59682 6
      vertex 18.819 7.59682 0
    endloop
  endfacet
  facet normal 0.941527 -0.336939 0
    outer loop
      vertex 19.2716 8.35195 6
      vertex 19.3708 8.62915 0
      vertex 19.3708 8.62915 6
    endloop
  endfacet
  facet normal 0.941527 -0.336939 0
    outer loop
      vertex 19.3708 8.62915 0
      vertex 19.2716 8.35195 6
      vertex 19.2716 8.35195 0
    endloop
  endfacet
  facet normal -0.803208 0.595699 0
    outer loop
      vertex 14.0056 11.1667 0
      vertex 14.181 11.4032 6
      vertex 14.181 11.4032 0
    endloop
  endfacet
  facet normal -0.803208 0.595699 0
    outer loop
      vertex 14.181 11.4032 6
      vertex 14.0056 11.1667 0
      vertex 14.0056 11.1667 6
    endloop
  endfacet
  facet normal -0.243175 0.969982 0
    outer loop
      vertex 15.9147 12.4424 0
      vertex 15.6291 12.3708 6
      vertex 15.9147 12.4424 6
    endloop
  endfacet
  facet normal -0.243175 0.969982 0
    outer loop
      vertex 15.6291 12.3708 6
      vertex 15.9147 12.4424 0
      vertex 15.6291 12.3708 0
    endloop
  endfacet
  facet normal -0.514246 0.857643 0
    outer loop
      vertex 15.0858 12.1458 0
      vertex 14.8333 11.9944 6
      vertex 15.0858 12.1458 6
    endloop
  endfacet
  facet normal -0.514246 0.857643 0
    outer loop
      vertex 14.8333 11.9944 6
      vertex 15.0858 12.1458 0
      vertex 14.8333 11.9944 0
    endloop
  endfacet
  facet normal 0.337047 0.941488 -0
    outer loop
      vertex 17.648 12.2716 0
      vertex 17.3709 12.3708 6
      vertex 17.648 12.2716 6
    endloop
  endfacet
  facet normal 0.337047 0.941488 0
    outer loop
      vertex 17.3709 12.3708 6
      vertex 17.648 12.2716 0
      vertex 17.3709 12.3708 0
    endloop
  endfacet
  facet normal 0.427269 0.904125 -0
    outer loop
      vertex 17.9142 12.1458 0
      vertex 17.648 12.2716 6
      vertex 17.9142 12.1458 6
    endloop
  endfacet
  facet normal 0.427269 0.904125 0
    outer loop
      vertex 17.648 12.2716 6
      vertex 17.9142 12.1458 0
      vertex 17.648 12.2716 0
    endloop
  endfacet
  facet normal -0.740908 0.671607 0
    outer loop
      vertex 14.181 11.4032 0
      vertex 14.3787 11.6213 6
      vertex 14.3787 11.6213 0
    endloop
  endfacet
  facet normal -0.740908 0.671607 0
    outer loop
      vertex 14.3787 11.6213 6
      vertex 14.181 11.4032 0
      vertex 14.181 11.4032 6
    endloop
  endfacet
  facet normal -0.146746 0.989174 0
    outer loop
      vertex 16.2059 12.4856 0
      vertex 15.9147 12.4424 6
      vertex 16.2059 12.4856 6
    endloop
  endfacet
  facet normal -0.146746 0.989174 0
    outer loop
      vertex 15.9147 12.4424 6
      vertex 16.2059 12.4856 0
      vertex 15.9147 12.4424 0
    endloop
  endfacet
  facet normal 0.146746 0.989174 -0
    outer loop
      vertex 17.0853 12.4424 0
      vertex 16.7941 12.4856 6
      vertex 17.0853 12.4424 6
    endloop
  endfacet
  facet normal 0.146746 0.989174 0
    outer loop
      vertex 16.7941 12.4856 6
      vertex 17.0853 12.4424 0
      vertex 16.7941 12.4856 0
    endloop
  endfacet
  facet normal 0.243175 0.969982 -0
    outer loop
      vertex 17.3709 12.3708 0
      vertex 17.0853 12.4424 6
      vertex 17.3709 12.3708 6
    endloop
  endfacet
  facet normal 0.243175 0.969982 0
    outer loop
      vertex 17.0853 12.4424 6
      vertex 17.3709 12.3708 0
      vertex 17.0853 12.4424 0
    endloop
  endfacet
  facet normal -0.671607 0.740908 0
    outer loop
      vertex 14.5968 11.819 0
      vertex 14.3787 11.6213 6
      vertex 14.5968 11.819 6
    endloop
  endfacet
  facet normal -0.671607 0.740908 0
    outer loop
      vertex 14.3787 11.6213 6
      vertex 14.5968 11.819 0
      vertex 14.3787 11.6213 0
    endloop
  endfacet
  facet normal -0.595699 0.803208 0
    outer loop
      vertex 14.8333 11.9944 0
      vertex 14.5968 11.819 6
      vertex 14.8333 11.9944 6
    endloop
  endfacet
  facet normal -0.595699 0.803208 0
    outer loop
      vertex 14.5968 11.819 6
      vertex 14.8333 11.9944 0
      vertex 14.5968 11.819 0
    endloop
  endfacet
  facet normal -0.4274 0.904063 0
    outer loop
      vertex 15.3519 12.2716 0
      vertex 15.0858 12.1458 6
      vertex 15.3519 12.2716 6
    endloop
  endfacet
  facet normal -0.4274 0.904063 0
    outer loop
      vertex 15.0858 12.1458 6
      vertex 15.3519 12.2716 0
      vertex 15.0858 12.1458 0
    endloop
  endfacet
  facet normal -0.336939 0.941527 0
    outer loop
      vertex 15.6291 12.3708 0
      vertex 15.3519 12.2716 6
      vertex 15.6291 12.3708 6
    endloop
  endfacet
  facet normal -0.336939 0.941527 0
    outer loop
      vertex 15.3519 12.2716 6
      vertex 15.6291 12.3708 0
      vertex 15.3519 12.2716 0
    endloop
  endfacet
  facet normal -1 0 0
    outer loop
      vertex -1.5 -5.07 0
      vertex -1.5 5.07 6
      vertex -1.5 5.07 0
    endloop
  endfacet
  facet normal -1 -0 0
    outer loop
      vertex -1.5 5.07 6
      vertex -1.5 -5.07 0
      vertex -1.5 -5.07 6
    endloop
  endfacet
  facet normal 0 1 -0
    outer loop
      vertex 5.5 7.6 0
      vertex 5.03237 7.6 6
      vertex 5.5 7.6 6
    endloop
  endfacet
  facet normal 0 1 0
    outer loop
      vertex 5.03237 7.6 6
      vertex 5.5 7.6 0
      vertex 5.03237 7.6 0
    endloop
  endfacet
  facet normal 0 -1 0
    outer loop
      vertex 5.03237 -7.6 0
      vertex 5.5 -7.6 6
      vertex 5.03237 -7.6 6
    endloop
  endfacet
  facet normal 0 -1 -0
    outer loop
      vertex 5.5 -7.6 6
      vertex 5.03237 -7.6 0
      vertex 5.5 -7.6 0
    endloop
  endfacet
  facet normal 0.336617 0.941642 -0
    outer loop
      vertex -13.3338 -10.6005 0
      vertex -13.4401 -10.5625 6
      vertex -13.3338 -10.6005 6
    endloop
  endfacet
  facet normal 0.336617 0.941642 0
    outer loop
      vertex -13.4401 -10.5625 6
      vertex -13.3338 -10.6005 0
      vertex -13.4401 -10.5625 0
    endloop
  endfacet
  facet normal -0.514105 -0.857727 0
    outer loop
      vertex -12.4579 -8.48579 0
      vertex -12.3611 -8.54381 6
      vertex -12.4579 -8.48579 6
    endloop
  endfacet
  facet normal -0.514105 -0.857727 -0
    outer loop
      vertex -12.3611 -8.54381 6
      vertex -12.4579 -8.48579 0
      vertex -12.3611 -8.54381 0
    endloop
  endfacet
  facet normal 0.336774 -0.941585 0
    outer loop
      vertex -13.4401 -8.43754 0
      vertex -13.3338 -8.39952 6
      vertex -13.4401 -8.43754 6
    endloop
  endfacet
  facet normal 0.336774 -0.941585 0
    outer loop
      vertex -13.3338 -8.39952 6
      vertex -13.4401 -8.43754 0
      vertex -13.3338 -8.39952 0
    endloop
  endfacet
  facet normal 0.903824 -0.427904 0
    outer loop
      vertex -14.0625 -9.05991 6
      vertex -14.0142 -8.95789 0
      vertex -14.0142 -8.95789 6
    endloop
  endfacet
  facet normal 0.903824 -0.427904 0
    outer loop
      vertex -14.0142 -8.95789 0
      vertex -14.0625 -9.05991 6
      vertex -14.0625 -9.05991 0
    endloop
  endfacet
  facet normal 0.903808 0.427938 0
    outer loop
      vertex -14.0142 -10.0421 6
      vertex -14.0625 -9.94009 0
      vertex -14.0625 -9.94009 6
    endloop
  endfacet
  facet normal 0.903808 0.427938 0
    outer loop
      vertex -14.0625 -9.94009 0
      vertex -14.0142 -10.0421 6
      vertex -14.0142 -10.0421 0
    endloop
  endfacet
  facet normal -0.97008 -0.242786 0
    outer loop
      vertex -11.8721 -9.27565 0
      vertex -11.8995 -9.16617 6
      vertex -11.8995 -9.16617 0
    endloop
  endfacet
  facet normal -0.97008 -0.242786 0
    outer loop
      vertex -11.8995 -9.16617 6
      vertex -11.8721 -9.27565 0
      vertex -11.8721 -9.27565 6
    endloop
  endfacet
  facet normal -0.941601 -0.336729 0
    outer loop
      vertex -11.8995 -9.16617 0
      vertex -11.9375 -9.05991 6
      vertex -11.9375 -9.05991 0
    endloop
  endfacet
  facet normal -0.941601 -0.336729 0
    outer loop
      vertex -11.9375 -9.05991 6
      vertex -11.8995 -9.16617 0
      vertex -11.8995 -9.16617 6
    endloop
  endfacet
  facet normal -0.740902 -0.671614 0
    outer loop
      vertex -12.111 -8.77045 0
      vertex -12.1868 -8.68683 6
      vertex -12.1868 -8.68683 0
    endloop
  endfacet
  facet normal -0.740902 -0.671614 0
    outer loop
      vertex -12.1868 -8.68683 6
      vertex -12.111 -8.77045 0
      vertex -12.111 -8.77045 6
    endloop
  endfacet
  facet normal -0.42761 -0.903963 0
    outer loop
      vertex -12.5599 -8.43754 0
      vertex -12.4579 -8.48579 6
      vertex -12.5599 -8.43754 6
    endloop
  endfacet
  facet normal -0.42761 -0.903963 -0
    outer loop
      vertex -12.4579 -8.48579 6
      vertex -12.5599 -8.43754 0
      vertex -12.4579 -8.48579 0
    endloop
  endfacet
  facet normal -0.24312 -0.969996 0
    outer loop
      vertex -12.7756 -8.3721 0
      vertex -12.6662 -8.39952 6
      vertex -12.7756 -8.3721 6
    endloop
  endfacet
  facet normal -0.24312 -0.969996 -0
    outer loop
      vertex -12.6662 -8.39952 6
      vertex -12.7756 -8.3721 0
      vertex -12.6662 -8.39952 0
    endloop
  endfacet
  facet normal 0.595484 -0.803367 0
    outer loop
      vertex -13.7296 -8.61104 0
      vertex -13.6389 -8.54381 6
      vertex -13.7296 -8.61104 6
    endloop
  endfacet
  facet normal 0.595484 -0.803367 0
    outer loop
      vertex -13.6389 -8.54381 6
      vertex -13.7296 -8.61104 0
      vertex -13.6389 -8.54381 0
    endloop
  endfacet
  facet normal -0.989123 0.147088 0
    outer loop
      vertex -11.8721 -9.72435 0
      vertex -11.8555 -9.61272 6
      vertex -11.8555 -9.61272 0
    endloop
  endfacet
  facet normal -0.989123 0.147088 0
    outer loop
      vertex -11.8555 -9.61272 6
      vertex -11.8721 -9.72435 0
      vertex -11.8721 -9.72435 6
    endloop
  endfacet
  facet normal -0.941601 0.336729 0
    outer loop
      vertex -11.9375 -9.94009 0
      vertex -11.8995 -9.83383 6
      vertex -11.8995 -9.83383 0
    endloop
  endfacet
  facet normal -0.941601 0.336729 0
    outer loop
      vertex -11.8995 -9.83383 6
      vertex -11.9375 -9.94009 0
      vertex -11.9375 -9.94009 6
    endloop
  endfacet
  facet normal -0.242953 0.970038 0
    outer loop
      vertex -12.6662 -10.6005 0
      vertex -12.7756 -10.6279 6
      vertex -12.6662 -10.6005 6
    endloop
  endfacet
  facet normal -0.242953 0.970038 0
    outer loop
      vertex -12.7756 -10.6279 6
      vertex -12.6662 -10.6005 0
      vertex -12.7756 -10.6279 0
    endloop
  endfacet
  facet normal -0.740822 0.671702 0
    outer loop
      vertex -12.1868 -10.3132 0
      vertex -12.111 -10.2296 6
      vertex -12.111 -10.2296 0
    endloop
  endfacet
  facet normal -0.740822 0.671702 0
    outer loop
      vertex -12.111 -10.2296 6
      vertex -12.1868 -10.3132 0
      vertex -12.1868 -10.3132 6
    endloop
  endfacet
  facet normal 0.941601 0.336729 0
    outer loop
      vertex -14.0625 -9.94009 6
      vertex -14.1005 -9.83383 0
      vertex -14.1005 -9.83383 6
    endloop
  endfacet
  facet normal 0.941601 0.336729 0
    outer loop
      vertex -14.1005 -9.83383 0
      vertex -14.0625 -9.94009 6
      vertex -14.0625 -9.94009 0
    endloop
  endfacet
  facet normal -0.989123 -0.147088 0
    outer loop
      vertex -11.8555 -9.38728 0
      vertex -11.8721 -9.27565 6
      vertex -11.8721 -9.27565 0
    endloop
  endfacet
  facet normal -0.989123 -0.147088 0
    outer loop
      vertex -11.8721 -9.27565 6
      vertex -11.8555 -9.38728 0
      vertex -11.8555 -9.38728 6
    endloop
  endfacet
  facet normal -0.903824 -0.427904 0
    outer loop
      vertex -11.9375 -9.05991 0
      vertex -11.9858 -8.95789 6
      vertex -11.9858 -8.95789 0
    endloop
  endfacet
  facet normal -0.903824 -0.427904 0
    outer loop
      vertex -11.9858 -8.95789 6
      vertex -11.9375 -9.05991 0
      vertex -11.9375 -9.05991 6
    endloop
  endfacet
  facet normal -0.857806 -0.513974 0
    outer loop
      vertex -11.9858 -8.95789 0
      vertex -12.0438 -8.86109 6
      vertex -12.0438 -8.86109 0
    endloop
  endfacet
  facet normal -0.857806 -0.513974 0
    outer loop
      vertex -12.0438 -8.86109 6
      vertex -11.9858 -8.95789 0
      vertex -11.9858 -8.95789 6
    endloop
  endfacet
  facet normal -0.803306 -0.595567 0
    outer loop
      vertex -12.0438 -8.86109 0
      vertex -12.111 -8.77045 6
      vertex -12.111 -8.77045 0
    endloop
  endfacet
  facet normal -0.803306 -0.595567 0
    outer loop
      vertex -12.111 -8.77045 6
      vertex -12.0438 -8.86109 0
      vertex -12.0438 -8.86109 6
    endloop
  endfacet
  facet normal -0.671653 -0.740866 0
    outer loop
      vertex -12.2704 -8.61104 0
      vertex -12.1868 -8.68683 6
      vertex -12.2704 -8.61104 6
    endloop
  endfacet
  facet normal -0.671653 -0.740866 -0
    outer loop
      vertex -12.1868 -8.68683 6
      vertex -12.2704 -8.61104 0
      vertex -12.1868 -8.68683 0
    endloop
  endfacet
  facet normal -0.0490978 -0.998794 0
    outer loop
      vertex -13 -8.35 0
      vertex -12.8873 -8.35554 6
      vertex -13 -8.35 6
    endloop
  endfacet
  facet normal -0.0490978 -0.998794 -0
    outer loop
      vertex -12.8873 -8.35554 6
      vertex -13 -8.35 0
      vertex -12.8873 -8.35554 0
    endloop
  endfacet
  facet normal -0.336774 -0.941585 0
    outer loop
      vertex -12.6662 -8.39952 0
      vertex -12.5599 -8.43754 6
      vertex -12.6662 -8.39952 6
    endloop
  endfacet
  facet normal -0.336774 -0.941585 -0
    outer loop
      vertex -12.5599 -8.43754 6
      vertex -12.6662 -8.39952 0
      vertex -12.5599 -8.43754 0
    endloop
  endfacet
  facet normal -0.146651 -0.989188 0
    outer loop
      vertex -12.8873 -8.35554 0
      vertex -12.7756 -8.3721 6
      vertex -12.8873 -8.35554 6
    endloop
  endfacet
  facet normal -0.146651 -0.989188 -0
    outer loop
      vertex -12.7756 -8.3721 6
      vertex -12.8873 -8.35554 0
      vertex -12.7756 -8.3721 0
    endloop
  endfacet
  facet normal 0.998812 -0.0487355 0
    outer loop
      vertex -14.15 -9.5 6
      vertex -14.1445 -9.38728 0
      vertex -14.1445 -9.38728 6
    endloop
  endfacet
  facet normal 0.998812 -0.0487355 0
    outer loop
      vertex -14.1445 -9.38728 0
      vertex -14.15 -9.5 6
      vertex -14.15 -9.5 0
    endloop
  endfacet
  facet normal 0.97008 -0.242786 0
    outer loop
      vertex -14.1279 -9.27565 6
      vertex -14.1005 -9.16617 0
      vertex -14.1005 -9.16617 6
    endloop
  endfacet
  facet normal 0.97008 -0.242786 0
    outer loop
      vertex -14.1005 -9.16617 0
      vertex -14.1279 -9.27565 6
      vertex -14.1279 -9.27565 0
    endloop
  endfacet
  facet normal 0.740902 -0.671614 0
    outer loop
      vertex -13.889 -8.77045 6
      vertex -13.8132 -8.68683 0
      vertex -13.8132 -8.68683 6
    endloop
  endfacet
  facet normal 0.740902 -0.671614 0
    outer loop
      vertex -13.8132 -8.68683 0
      vertex -13.889 -8.77045 6
      vertex -13.889 -8.77045 0
    endloop
  endfacet
  facet normal 0.857806 -0.513974 0
    outer loop
      vertex -14.0142 -8.95789 6
      vertex -13.9562 -8.86109 0
      vertex -13.9562 -8.86109 6
    endloop
  endfacet
  facet normal 0.857806 -0.513974 0
    outer loop
      vertex -13.9562 -8.86109 0
      vertex -14.0142 -8.95789 6
      vertex -14.0142 -8.95789 0
    endloop
  endfacet
  facet normal 0.803306 -0.595567 0
    outer loop
      vertex -13.9562 -8.86109 6
      vertex -13.889 -8.77045 0
      vertex -13.889 -8.77045 6
    endloop
  endfacet
  facet normal 0.803306 -0.595567 0
    outer loop
      vertex -13.889 -8.77045 0
      vertex -13.9562 -8.86109 6
      vertex -13.9562 -8.86109 0
    endloop
  endfacet
  facet normal 0.0490978 -0.998794 0
    outer loop
      vertex -13.1127 -8.35554 0
      vertex -13 -8.35 6
      vertex -13.1127 -8.35554 6
    endloop
  endfacet
  facet normal 0.0490978 -0.998794 0
    outer loop
      vertex -13 -8.35 6
      vertex -13.1127 -8.35554 0
      vertex -13 -8.35 0
    endloop
  endfacet
  facet normal 0.24312 -0.969996 0
    outer loop
      vertex -13.3338 -8.39952 0
      vertex -13.2244 -8.3721 6
      vertex -13.3338 -8.39952 6
    endloop
  endfacet
  facet normal 0.24312 -0.969996 0
    outer loop
      vertex -13.2244 -8.3721 6
      vertex -13.3338 -8.39952 0
      vertex -13.2244 -8.3721 0
    endloop
  endfacet
  facet normal 0.146651 -0.989188 0
    outer loop
      vertex -13.2244 -8.3721 0
      vertex -13.1127 -8.35554 6
      vertex -13.2244 -8.3721 6
    endloop
  endfacet
  facet normal 0.146651 -0.989188 0
    outer loop
      vertex -13.1127 -8.35554 6
      vertex -13.2244 -8.3721 0
      vertex -13.1127 -8.35554 0
    endloop
  endfacet
  facet normal 0.42761 -0.903963 0
    outer loop
      vertex -13.5421 -8.48579 0
      vertex -13.4401 -8.43754 6
      vertex -13.5421 -8.48579 6
    endloop
  endfacet
  facet normal 0.42761 -0.903963 0
    outer loop
      vertex -13.4401 -8.43754 6
      vertex -13.5421 -8.48579 0
      vertex -13.4401 -8.43754 0
    endloop
  endfacet
  facet normal 0.514105 -0.857727 0
    outer loop
      vertex -13.6389 -8.54381 0
      vertex -13.5421 -8.48579 6
      vertex -13.6389 -8.54381 6
    endloop
  endfacet
  facet normal 0.514105 -0.857727 0
    outer loop
      vertex -13.5421 -8.48579 6
      vertex -13.6389 -8.54381 0
      vertex -13.5421 -8.48579 0
    endloop
  endfacet
  facet normal 0.671653 -0.740866 0
    outer loop
      vertex -13.8132 -8.68683 0
      vertex -13.7296 -8.61104 6
      vertex -13.8132 -8.68683 6
    endloop
  endfacet
  facet normal 0.671653 -0.740866 0
    outer loop
      vertex -13.7296 -8.61104 6
      vertex -13.8132 -8.68683 0
      vertex -13.7296 -8.61104 0
    endloop
  endfacet
  facet normal -0.998812 -0.0487355 0
    outer loop
      vertex -11.85 -9.5 0
      vertex -11.8555 -9.38728 6
      vertex -11.8555 -9.38728 0
    endloop
  endfacet
  facet normal -0.998812 -0.0487355 0
    outer loop
      vertex -11.8555 -9.38728 6
      vertex -11.85 -9.5 0
      vertex -11.85 -9.5 6
    endloop
  endfacet
  facet normal -0.0487441 0.998811 0
    outer loop
      vertex -12.8873 -10.6445 0
      vertex -13 -10.65 6
      vertex -12.8873 -10.6445 6
    endloop
  endfacet
  facet normal -0.0487441 0.998811 0
    outer loop
      vertex -13 -10.65 6
      vertex -12.8873 -10.6445 0
      vertex -13 -10.65 0
    endloop
  endfacet
  facet normal -0.97008 0.242786 0
    outer loop
      vertex -11.8995 -9.83383 0
      vertex -11.8721 -9.72435 6
      vertex -11.8721 -9.72435 0
    endloop
  endfacet
  facet normal -0.97008 0.242786 0
    outer loop
      vertex -11.8721 -9.72435 6
      vertex -11.8995 -9.83383 0
      vertex -11.8995 -9.83383 6
    endloop
  endfacet
  facet normal -0.146998 0.989137 0
    outer loop
      vertex -12.7756 -10.6279 0
      vertex -12.8873 -10.6445 6
      vertex -12.7756 -10.6279 6
    endloop
  endfacet
  facet normal -0.146998 0.989137 0
    outer loop
      vertex -12.8873 -10.6445 6
      vertex -12.7756 -10.6279 0
      vertex -12.8873 -10.6445 0
    endloop
  endfacet
  facet normal -0.427972 0.903792 0
    outer loop
      vertex -12.4579 -10.5142 0
      vertex -12.5599 -10.5625 6
      vertex -12.4579 -10.5142 6
    endloop
  endfacet
  facet normal -0.427972 0.903792 0
    outer loop
      vertex -12.5599 -10.5625 6
      vertex -12.4579 -10.5142 0
      vertex -12.5599 -10.5625 0
    endloop
  endfacet
  facet normal -0.671702 0.740822 0
    outer loop
      vertex -12.1868 -10.3132 0
      vertex -12.2704 -10.389 6
      vertex -12.1868 -10.3132 6
    endloop
  endfacet
  facet normal -0.671702 0.740822 0
    outer loop
      vertex -12.2704 -10.389 6
      vertex -12.1868 -10.3132 0
      vertex -12.2704 -10.389 0
    endloop
  endfacet
  facet normal -0.513974 0.857806 0
    outer loop
      vertex -12.3611 -10.4562 0
      vertex -12.4579 -10.5142 6
      vertex -12.3611 -10.4562 6
    endloop
  endfacet
  facet normal -0.513974 0.857806 0
    outer loop
      vertex -12.4579 -10.5142 6
      vertex -12.3611 -10.4562 0
      vertex -12.4579 -10.5142 0
    endloop
  endfacet
  facet normal -0.803494 0.595312 0
    outer loop
      vertex -12.111 -10.2296 0
      vertex -12.0438 -10.1389 6
      vertex -12.0438 -10.1389 0
    endloop
  endfacet
  facet normal -0.803494 0.595312 0
    outer loop
      vertex -12.0438 -10.1389 6
      vertex -12.111 -10.2296 0
      vertex -12.111 -10.2296 6
    endloop
  endfacet
  facet normal -0.903808 0.427938 0
    outer loop
      vertex -11.9858 -10.0421 0
      vertex -11.9375 -9.94009 6
      vertex -11.9375 -9.94009 0
    endloop
  endfacet
  facet normal -0.903808 0.427938 0
    outer loop
      vertex -11.9375 -9.94009 6
      vertex -11.9858 -10.0421 0
      vertex -11.9858 -10.0421 6
    endloop
  endfacet
  facet normal -0.857806 0.513974 0
    outer loop
      vertex -12.0438 -10.1389 0
      vertex -11.9858 -10.0421 6
      vertex -11.9858 -10.0421 0
    endloop
  endfacet
  facet normal -0.857806 0.513974 0
    outer loop
      vertex -11.9858 -10.0421 6
      vertex -12.0438 -10.1389 0
      vertex -12.0438 -10.1389 6
    endloop
  endfacet
  facet normal 0.146998 0.989137 -0
    outer loop
      vertex -13.1127 -10.6445 0
      vertex -13.2244 -10.6279 6
      vertex -13.1127 -10.6445 6
    endloop
  endfacet
  facet normal 0.146998 0.989137 0
    outer loop
      vertex -13.2244 -10.6279 6
      vertex -13.1127 -10.6445 0
      vertex -13.2244 -10.6279 0
    endloop
  endfacet
  facet normal 0.0487441 0.998811 -0
    outer loop
      vertex -13 -10.65 0
      vertex -13.1127 -10.6445 6
      vertex -13 -10.65 6
    endloop
  endfacet
  facet normal 0.0487441 0.998811 0
    outer loop
      vertex -13.1127 -10.6445 6
      vertex -13 -10.65 0
      vertex -13.1127 -10.6445 0
    endloop
  endfacet
  facet normal 0.513974 0.857806 -0
    outer loop
      vertex -13.5421 -10.5142 0
      vertex -13.6389 -10.4562 6
      vertex -13.5421 -10.5142 6
    endloop
  endfacet
  facet normal 0.513974 0.857806 0
    outer loop
      vertex -13.6389 -10.4562 6
      vertex -13.5421 -10.5142 0
      vertex -13.6389 -10.4562 0
    endloop
  endfacet
  facet normal 0.671702 0.740822 -0
    outer loop
      vertex -13.7296 -10.389 0
      vertex -13.8132 -10.3132 6
      vertex -13.7296 -10.389 6
    endloop
  endfacet
  facet normal 0.671702 0.740822 0
    outer loop
      vertex -13.8132 -10.3132 6
      vertex -13.7296 -10.389 0
      vertex -13.8132 -10.3132 0
    endloop
  endfacet
  facet normal 0.989123 0.147088 0
    outer loop
      vertex -14.1279 -9.72435 6
      vertex -14.1445 -9.61272 0
      vertex -14.1445 -9.61272 6
    endloop
  endfacet
  facet normal 0.989123 0.147088 0
    outer loop
      vertex -14.1445 -9.61272 0
      vertex -14.1279 -9.72435 6
      vertex -14.1279 -9.72435 0
    endloop
  endfacet
  facet normal 0.97008 0.242786 0
    outer loop
      vertex -14.1005 -9.83383 6
      vertex -14.1279 -9.72435 0
      vertex -14.1279 -9.72435 6
    endloop
  endfacet
  facet normal 0.97008 0.242786 0
    outer loop
      vertex -14.1279 -9.72435 0
      vertex -14.1005 -9.83383 6
      vertex -14.1005 -9.83383 0
    endloop
  endfacet
  facet normal 0.998812 0.0487355 0
    outer loop
      vertex -14.1445 -9.61272 6
      vertex -14.15 -9.5 0
      vertex -14.15 -9.5 6
    endloop
  endfacet
  facet normal 0.998812 0.0487355 0
    outer loop
      vertex -14.15 -9.5 0
      vertex -14.1445 -9.61272 6
      vertex -14.1445 -9.61272 0
    endloop
  endfacet
  facet normal 0.803494 0.595312 0
    outer loop
      vertex -13.889 -10.2296 6
      vertex -13.9562 -10.1389 0
      vertex -13.9562 -10.1389 6
    endloop
  endfacet
  facet normal 0.803494 0.595312 0
    outer loop
      vertex -13.9562 -10.1389 0
      vertex -13.889 -10.2296 6
      vertex -13.889 -10.2296 0
    endloop
  endfacet
  facet normal 0.740822 0.671702 0
    outer loop
      vertex -13.8132 -10.3132 6
      vertex -13.889 -10.2296 0
      vertex -13.889 -10.2296 6
    endloop
  endfacet
  facet normal 0.740822 0.671702 0
    outer loop
      vertex -13.889 -10.2296 0
      vertex -13.8132 -10.3132 6
      vertex -13.8132 -10.3132 0
    endloop
  endfacet
  facet normal 0.857806 0.513974 0
    outer loop
      vertex -13.9562 -10.1389 6
      vertex -14.0142 -10.0421 0
      vertex -14.0142 -10.0421 6
    endloop
  endfacet
  facet normal 0.857806 0.513974 0
    outer loop
      vertex -14.0142 -10.0421 0
      vertex -13.9562 -10.1389 6
      vertex -13.9562 -10.1389 0
    endloop
  endfacet
  facet normal -0.595484 -0.803367 0
    outer loop
      vertex -12.3611 -8.54381 0
      vertex -12.2704 -8.61104 6
      vertex -12.3611 -8.54381 6
    endloop
  endfacet
  facet normal -0.595484 -0.803367 -0
    outer loop
      vertex -12.2704 -8.61104 6
      vertex -12.3611 -8.54381 0
      vertex -12.2704 -8.61104 0
    endloop
  endfacet
  facet normal 0.989123 -0.147088 0
    outer loop
      vertex -14.1445 -9.38728 6
      vertex -14.1279 -9.27565 0
      vertex -14.1279 -9.27565 6
    endloop
  endfacet
  facet normal 0.989123 -0.147088 0
    outer loop
      vertex -14.1279 -9.27565 0
      vertex -14.1445 -9.38728 6
      vertex -14.1445 -9.38728 0
    endloop
  endfacet
  facet normal 0.941601 -0.336729 0
    outer loop
      vertex -14.1005 -9.16617 6
      vertex -14.0625 -9.05991 0
      vertex -14.0625 -9.05991 6
    endloop
  endfacet
  facet normal 0.941601 -0.336729 0
    outer loop
      vertex -14.0625 -9.05991 0
      vertex -14.1005 -9.16617 6
      vertex -14.1005 -9.16617 0
    endloop
  endfacet
  facet normal -0.336617 0.941642 0
    outer loop
      vertex -12.5599 -10.5625 0
      vertex -12.6662 -10.6005 6
      vertex -12.5599 -10.5625 6
    endloop
  endfacet
  facet normal -0.336617 0.941642 0
    outer loop
      vertex -12.6662 -10.6005 6
      vertex -12.5599 -10.5625 0
      vertex -12.6662 -10.6005 0
    endloop
  endfacet
  facet normal 0.242953 0.970038 -0
    outer loop
      vertex -13.2244 -10.6279 0
      vertex -13.3338 -10.6005 6
      vertex -13.2244 -10.6279 6
    endloop
  endfacet
  facet normal 0.242953 0.970038 0
    outer loop
      vertex -13.3338 -10.6005 6
      vertex -13.2244 -10.6279 0
      vertex -13.3338 -10.6005 0
    endloop
  endfacet
  facet normal 0.595312 0.803494 -0
    outer loop
      vertex -13.6389 -10.4562 0
      vertex -13.7296 -10.389 6
      vertex -13.6389 -10.4562 6
    endloop
  endfacet
  facet normal 0.595312 0.803494 0
    outer loop
      vertex -13.7296 -10.389 6
      vertex -13.6389 -10.4562 0
      vertex -13.7296 -10.389 0
    endloop
  endfacet
  facet normal 0.427972 0.903792 -0
    outer loop
      vertex -13.4401 -10.5625 0
      vertex -13.5421 -10.5142 6
      vertex -13.4401 -10.5625 6
    endloop
  endfacet
  facet normal 0.427972 0.903792 0
    outer loop
      vertex -13.5421 -10.5142 6
      vertex -13.4401 -10.5625 0
      vertex -13.5421 -10.5142 0
    endloop
  endfacet
  facet normal -0.998812 0.0487355 0
    outer loop
      vertex -11.8555 -9.61272 0
      vertex -11.85 -9.5 6
      vertex -11.85 -9.5 0
    endloop
  endfacet
  facet normal -0.998812 0.0487355 0
    outer loop
      vertex -11.85 -9.5 6
      vertex -11.8555 -9.61272 0
      vertex -11.8555 -9.61272 6
    endloop
  endfacet
  facet normal -0.595312 0.803494 0
    outer loop
      vertex -12.2704 -10.389 0
      vertex -12.3611 -10.4562 6
      vertex -12.2704 -10.389 6
    endloop
  endfacet
  facet normal -0.595312 0.803494 0
    outer loop
      vertex -12.3611 -10.4562 6
      vertex -12.2704 -10.389 0
      vertex -12.3611 -10.4562 0
    endloop
  endfacet
  facet normal -0.857806 -0.513974 0
    outer loop
      vertex -11.9858 10.0421 0
      vertex -12.0438 10.1389 6
      vertex -12.0438 10.1389 0
    endloop
  endfacet
  facet normal -0.857806 -0.513974 0
    outer loop
      vertex -12.0438 10.1389 6
      vertex -11.9858 10.0421 0
      vertex -11.9858 10.0421 6
    endloop
  endfacet
  facet normal -0.336617 -0.941642 0
    outer loop
      vertex -12.6662 10.6005 0
      vertex -12.5599 10.5625 6
      vertex -12.6662 10.6005 6
    endloop
  endfacet
  facet normal -0.336617 -0.941642 -0
    outer loop
      vertex -12.5599 10.5625 6
      vertex -12.6662 10.6005 0
      vertex -12.5599 10.5625 0
    endloop
  endfacet
  facet normal 0.427972 -0.903792 0
    outer loop
      vertex -13.5421 10.5142 0
      vertex -13.4401 10.5625 6
      vertex -13.5421 10.5142 6
    endloop
  endfacet
  facet normal 0.427972 -0.903792 0
    outer loop
      vertex -13.4401 10.5625 6
      vertex -13.5421 10.5142 0
      vertex -13.4401 10.5625 0
    endloop
  endfacet
  facet normal 0.941601 -0.336729 0
    outer loop
      vertex -14.1005 9.83383 6
      vertex -14.0625 9.94009 0
      vertex -14.0625 9.94009 6
    endloop
  endfacet
  facet normal 0.941601 -0.336729 0
    outer loop
      vertex -14.0625 9.94009 0
      vertex -14.1005 9.83383 6
      vertex -14.1005 9.83383 0
    endloop
  endfacet
  facet normal -0.42761 0.903963 0
    outer loop
      vertex -12.4579 8.48579 0
      vertex -12.5599 8.43754 6
      vertex -12.4579 8.48579 6
    endloop
  endfacet
  facet normal -0.42761 0.903963 0
    outer loop
      vertex -12.5599 8.43754 6
      vertex -12.4579 8.48579 0
      vertex -12.5599 8.43754 0
    endloop
  endfacet
  facet normal 0.998812 0.0487355 0
    outer loop
      vertex -14.1445 9.38728 6
      vertex -14.15 9.5 0
      vertex -14.15 9.5 6
    endloop
  endfacet
  facet normal 0.998812 0.0487355 0
    outer loop
      vertex -14.15 9.5 0
      vertex -14.1445 9.38728 6
      vertex -14.1445 9.38728 0
    endloop
  endfacet
  facet normal 0.671702 -0.740822 0
    outer loop
      vertex -13.8132 10.3132 0
      vertex -13.7296 10.389 6
      vertex -13.8132 10.3132 6
    endloop
  endfacet
  facet normal 0.671702 -0.740822 0
    outer loop
      vertex -13.7296 10.389 6
      vertex -13.8132 10.3132 0
      vertex -13.7296 10.389 0
    endloop
  endfacet
  facet normal 0.0490978 0.998794 -0
    outer loop
      vertex -13 8.35 0
      vertex -13.1127 8.35554 6
      vertex -13 8.35 6
    endloop
  endfacet
  facet normal 0.0490978 0.998794 0
    outer loop
      vertex -13.1127 8.35554 6
      vertex -13 8.35 0
      vertex -13.1127 8.35554 0
    endloop
  endfacet
  facet normal -0.24312 0.969996 0
    outer loop
      vertex -12.6662 8.39952 0
      vertex -12.7756 8.3721 6
      vertex -12.6662 8.39952 6
    endloop
  endfacet
  facet normal -0.24312 0.969996 0
    outer loop
      vertex -12.7756 8.3721 6
      vertex -12.6662 8.39952 0
      vertex -12.7756 8.3721 0
    endloop
  endfacet
  facet normal -0.989123 -0.147088 0
    outer loop
      vertex -11.8555 9.61272 0
      vertex -11.8721 9.72435 6
      vertex -11.8721 9.72435 0
    endloop
  endfacet
  facet normal -0.989123 -0.147088 0
    outer loop
      vertex -11.8721 9.72435 6
      vertex -11.8555 9.61272 0
      vertex -11.8555 9.61272 6
    endloop
  endfacet
  facet normal -0.803494 -0.595312 0
    outer loop
      vertex -12.0438 10.1389 0
      vertex -12.111 10.2296 6
      vertex -12.111 10.2296 0
    endloop
  endfacet
  facet normal -0.803494 -0.595312 0
    outer loop
      vertex -12.111 10.2296 6
      vertex -12.0438 10.1389 0
      vertex -12.0438 10.1389 6
    endloop
  endfacet
  facet normal -0.671702 -0.740822 0
    outer loop
      vertex -12.2704 10.389 0
      vertex -12.1868 10.3132 6
      vertex -12.2704 10.389 6
    endloop
  endfacet
  facet normal -0.671702 -0.740822 -0
    outer loop
      vertex -12.1868 10.3132 6
      vertex -12.2704 10.389 0
      vertex -12.1868 10.3132 0
    endloop
  endfacet
  facet normal -0.740822 -0.671702 0
    outer loop
      vertex -12.111 10.2296 0
      vertex -12.1868 10.3132 6
      vertex -12.1868 10.3132 0
    endloop
  endfacet
  facet normal -0.740822 -0.671702 0
    outer loop
      vertex -12.1868 10.3132 6
      vertex -12.111 10.2296 0
      vertex -12.111 10.2296 6
    endloop
  endfacet
  facet normal 0.0487441 -0.998811 0
    outer loop
      vertex -13.1127 10.6445 0
      vertex -13 10.65 6
      vertex -13.1127 10.6445 6
    endloop
  endfacet
  facet normal 0.0487441 -0.998811 0
    outer loop
      vertex -13 10.65 6
      vertex -13.1127 10.6445 0
      vertex -13 10.65 0
    endloop
  endfacet
  facet normal -0.146998 -0.989137 0
    outer loop
      vertex -12.8873 10.6445 0
      vertex -12.7756 10.6279 6
      vertex -12.8873 10.6445 6
    endloop
  endfacet
  facet normal -0.146998 -0.989137 -0
    outer loop
      vertex -12.7756 10.6279 6
      vertex -12.8873 10.6445 0
      vertex -12.7756 10.6279 0
    endloop
  endfacet
  facet normal -0.0487441 -0.998811 0
    outer loop
      vertex -13 10.65 0
      vertex -12.8873 10.6445 6
      vertex -13 10.65 6
    endloop
  endfacet
  facet normal -0.0487441 -0.998811 -0
    outer loop
      vertex -12.8873 10.6445 6
      vertex -13 10.65 0
      vertex -12.8873 10.6445 0
    endloop
  endfacet
  facet normal -0.595312 -0.803494 0
    outer loop
      vertex -12.3611 10.4562 0
      vertex -12.2704 10.389 6
      vertex -12.3611 10.4562 6
    endloop
  endfacet
  facet normal -0.595312 -0.803494 -0
    outer loop
      vertex -12.2704 10.389 6
      vertex -12.3611 10.4562 0
      vertex -12.2704 10.389 0
    endloop
  endfacet
  facet normal -0.513974 -0.857806 0
    outer loop
      vertex -12.4579 10.5142 0
      vertex -12.3611 10.4562 6
      vertex -12.4579 10.5142 6
    endloop
  endfacet
  facet normal -0.513974 -0.857806 -0
    outer loop
      vertex -12.3611 10.4562 6
      vertex -12.4579 10.5142 0
      vertex -12.3611 10.4562 0
    endloop
  endfacet
  facet normal 0.989123 -0.147088 0
    outer loop
      vertex -14.1445 9.61272 6
      vertex -14.1279 9.72435 0
      vertex -14.1279 9.72435 6
    endloop
  endfacet
  facet normal 0.989123 -0.147088 0
    outer loop
      vertex -14.1279 9.72435 0
      vertex -14.1445 9.61272 6
      vertex -14.1445 9.61272 0
    endloop
  endfacet
  facet normal 0.803494 -0.595312 0
    outer loop
      vertex -13.9562 10.1389 6
      vertex -13.889 10.2296 0
      vertex -13.889 10.2296 6
    endloop
  endfacet
  facet normal 0.803494 -0.595312 0
    outer loop
      vertex -13.889 10.2296 0
      vertex -13.9562 10.1389 6
      vertex -13.9562 10.1389 0
    endloop
  endfacet
  facet normal 0.857806 -0.513974 0
    outer loop
      vertex -14.0142 10.0421 6
      vertex -13.9562 10.1389 0
      vertex -13.9562 10.1389 6
    endloop
  endfacet
  facet normal 0.857806 -0.513974 0
    outer loop
      vertex -13.9562 10.1389 0
      vertex -14.0142 10.0421 6
      vertex -14.0142 10.0421 0
    endloop
  endfacet
  facet normal 0.146998 -0.989137 0
    outer loop
      vertex -13.2244 10.6279 0
      vertex -13.1127 10.6445 6
      vertex -13.2244 10.6279 6
    endloop
  endfacet
  facet normal 0.146998 -0.989137 0
    outer loop
      vertex -13.1127 10.6445 6
      vertex -13.2244 10.6279 0
      vertex -13.1127 10.6445 0
    endloop
  endfacet
  facet normal 0.242953 -0.970038 0
    outer loop
      vertex -13.3338 10.6005 0
      vertex -13.2244 10.6279 6
      vertex -13.3338 10.6005 6
    endloop
  endfacet
  facet normal 0.242953 -0.970038 0
    outer loop
      vertex -13.2244 10.6279 6
      vertex -13.3338 10.6005 0
      vertex -13.2244 10.6279 0
    endloop
  endfacet
  facet normal 0.513974 -0.857806 0
    outer loop
      vertex -13.6389 10.4562 0
      vertex -13.5421 10.5142 6
      vertex -13.6389 10.4562 6
    endloop
  endfacet
  facet normal 0.513974 -0.857806 0
    outer loop
      vertex -13.5421 10.5142 6
      vertex -13.6389 10.4562 0
      vertex -13.5421 10.5142 0
    endloop
  endfacet
  facet normal 0.595312 -0.803494 0
    outer loop
      vertex -13.7296 10.389 0
      vertex -13.6389 10.4562 6
      vertex -13.7296 10.389 6
    endloop
  endfacet
  facet normal 0.595312 -0.803494 0
    outer loop
      vertex -13.6389 10.4562 6
      vertex -13.7296 10.389 0
      vertex -13.6389 10.4562 0
    endloop
  endfacet
  facet normal 0.740822 -0.671702 0
    outer loop
      vertex -13.889 10.2296 6
      vertex -13.8132 10.3132 0
      vertex -13.8132 10.3132 6
    endloop
  endfacet
  facet normal 0.740822 -0.671702 0
    outer loop
      vertex -13.8132 10.3132 0
      vertex -13.889 10.2296 6
      vertex -13.889 10.2296 0
    endloop
  endfacet
  facet normal -0.998812 -0.0487355 0
    outer loop
      vertex -11.85 9.5 0
      vertex -11.8555 9.61272 6
      vertex -11.8555 9.61272 0
    endloop
  endfacet
  facet normal -0.998812 -0.0487355 0
    outer loop
      vertex -11.8555 9.61272 6
      vertex -11.85 9.5 0
      vertex -11.85 9.5 6
    endloop
  endfacet
  facet normal -0.857806 0.513974 0
    outer loop
      vertex -12.0438 8.86109 0
      vertex -11.9858 8.95789 6
      vertex -11.9858 8.95789 0
    endloop
  endfacet
  facet normal -0.857806 0.513974 0
    outer loop
      vertex -11.9858 8.95789 6
      vertex -12.0438 8.86109 0
      vertex -12.0438 8.86109 6
    endloop
  endfacet
  facet normal 0.740902 0.671614 0
    outer loop
      vertex -13.8132 8.68683 6
      vertex -13.889 8.77045 0
      vertex -13.889 8.77045 6
    endloop
  endfacet
  facet normal 0.740902 0.671614 0
    outer loop
      vertex -13.889 8.77045 0
      vertex -13.8132 8.68683 6
      vertex -13.8132 8.68683 0
    endloop
  endfacet
  facet normal 0.941601 0.336729 0
    outer loop
      vertex -14.0625 9.05991 6
      vertex -14.1005 9.16617 0
      vertex -14.1005 9.16617 6
    endloop
  endfacet
  facet normal 0.941601 0.336729 0
    outer loop
      vertex -14.1005 9.16617 0
      vertex -14.0625 9.05991 6
      vertex -14.0625 9.05991 0
    endloop
  endfacet
  facet normal -0.146651 0.989188 0
    outer loop
      vertex -12.7756 8.3721 0
      vertex -12.8873 8.35554 6
      vertex -12.7756 8.3721 6
    endloop
  endfacet
  facet normal -0.146651 0.989188 0
    outer loop
      vertex -12.8873 8.35554 6
      vertex -12.7756 8.3721 0
      vertex -12.8873 8.35554 0
    endloop
  endfacet
  facet normal -0.903808 -0.427938 0
    outer loop
      vertex -11.9375 9.94009 0
      vertex -11.9858 10.0421 6
      vertex -11.9858 10.0421 0
    endloop
  endfacet
  facet normal -0.903808 -0.427938 0
    outer loop
      vertex -11.9858 10.0421 6
      vertex -11.9375 9.94009 0
      vertex -11.9375 9.94009 6
    endloop
  endfacet
  facet normal -0.941601 -0.336729 0
    outer loop
      vertex -11.8995 9.83383 0
      vertex -11.9375 9.94009 6
      vertex -11.9375 9.94009 0
    endloop
  endfacet
  facet normal -0.941601 -0.336729 0
    outer loop
      vertex -11.9375 9.94009 6
      vertex -11.8995 9.83383 0
      vertex -11.8995 9.83383 6
    endloop
  endfacet
  facet normal -0.97008 -0.242786 0
    outer loop
      vertex -11.8721 9.72435 0
      vertex -11.8995 9.83383 6
      vertex -11.8995 9.83383 0
    endloop
  endfacet
  facet normal -0.97008 -0.242786 0
    outer loop
      vertex -11.8995 9.83383 6
      vertex -11.8721 9.72435 0
      vertex -11.8721 9.72435 6
    endloop
  endfacet
  facet normal -0.242953 -0.970038 0
    outer loop
      vertex -12.7756 10.6279 0
      vertex -12.6662 10.6005 6
      vertex -12.7756 10.6279 6
    endloop
  endfacet
  facet normal -0.242953 -0.970038 -0
    outer loop
      vertex -12.6662 10.6005 6
      vertex -12.7756 10.6279 0
      vertex -12.6662 10.6005 0
    endloop
  endfacet
  facet normal -0.427972 -0.903792 0
    outer loop
      vertex -12.5599 10.5625 0
      vertex -12.4579 10.5142 6
      vertex -12.5599 10.5625 6
    endloop
  endfacet
  facet normal -0.427972 -0.903792 -0
    outer loop
      vertex -12.4579 10.5142 6
      vertex -12.5599 10.5625 0
      vertex -12.4579 10.5142 0
    endloop
  endfacet
  facet normal 0.998812 -0.0487355 0
    outer loop
      vertex -14.15 9.5 6
      vertex -14.1445 9.61272 0
      vertex -14.1445 9.61272 6
    endloop
  endfacet
  facet normal 0.998812 -0.0487355 0
    outer loop
      vertex -14.1445 9.61272 0
      vertex -14.15 9.5 6
      vertex -14.15 9.5 0
    endloop
  endfacet
  facet normal 0.97008 -0.242786 0
    outer loop
      vertex -14.1279 9.72435 6
      vertex -14.1005 9.83383 0
      vertex -14.1005 9.83383 6
    endloop
  endfacet
  facet normal 0.97008 -0.242786 0
    outer loop
      vertex -14.1005 9.83383 0
      vertex -14.1279 9.72435 6
      vertex -14.1279 9.72435 0
    endloop
  endfacet
  facet normal 0.903808 -0.427938 0
    outer loop
      vertex -14.0625 9.94009 6
      vertex -14.0142 10.0421 0
      vertex -14.0142 10.0421 6
    endloop
  endfacet
  facet normal 0.903808 -0.427938 0
    outer loop
      vertex -14.0142 10.0421 0
      vertex -14.0625 9.94009 6
      vertex -14.0625 9.94009 0
    endloop
  endfacet
  facet normal 0.336617 -0.941642 0
    outer loop
      vertex -13.4401 10.5625 0
      vertex -13.3338 10.6005 6
      vertex -13.4401 10.5625 6
    endloop
  endfacet
  facet normal 0.336617 -0.941642 0
    outer loop
      vertex -13.3338 10.6005 6
      vertex -13.4401 10.5625 0
      vertex -13.3338 10.6005 0
    endloop
  endfacet
  facet normal -0.989123 0.147088 0
    outer loop
      vertex -11.8721 9.27565 0
      vertex -11.8555 9.38728 6
      vertex -11.8555 9.38728 0
    endloop
  endfacet
  facet normal -0.989123 0.147088 0
    outer loop
      vertex -11.8555 9.38728 6
      vertex -11.8721 9.27565 0
      vertex -11.8721 9.27565 6
    endloop
  endfacet
  facet normal -0.998812 0.0487355 0
    outer loop
      vertex -11.8555 9.38728 0
      vertex -11.85 9.5 6
      vertex -11.85 9.5 0
    endloop
  endfacet
  facet normal -0.998812 0.0487355 0
    outer loop
      vertex -11.85 9.5 6
      vertex -11.8555 9.38728 0
      vertex -11.8555 9.38728 6
    endloop
  endfacet
  facet normal -0.97008 0.242786 0
    outer loop
      vertex -11.8995 9.16617 0
      vertex -11.8721 9.27565 6
      vertex -11.8721 9.27565 0
    endloop
  endfacet
  facet normal -0.97008 0.242786 0
    outer loop
      vertex -11.8721 9.27565 6
      vertex -11.8995 9.16617 0
      vertex -11.8995 9.16617 6
    endloop
  endfacet
  facet normal -0.671653 0.740866 0
    outer loop
      vertex -12.1868 8.68683 0
      vertex -12.2704 8.61104 6
      vertex -12.1868 8.68683 6
    endloop
  endfacet
  facet normal -0.671653 0.740866 0
    outer loop
      vertex -12.2704 8.61104 6
      vertex -12.1868 8.68683 0
      vertex -12.2704 8.61104 0
    endloop
  endfacet
  facet normal -0.903824 0.427904 0
    outer loop
      vertex -11.9858 8.95789 0
      vertex -11.9375 9.05991 6
      vertex -11.9375 9.05991 0
    endloop
  endfacet
  facet normal -0.903824 0.427904 0
    outer loop
      vertex -11.9375 9.05991 6
      vertex -11.9858 8.95789 0
      vertex -11.9858 8.95789 6
    endloop
  endfacet
  facet normal -0.803306 0.595567 0
    outer loop
      vertex -12.111 8.77045 0
      vertex -12.0438 8.86109 6
      vertex -12.0438 8.86109 0
    endloop
  endfacet
  facet normal -0.803306 0.595567 0
    outer loop
      vertex -12.0438 8.86109 6
      vertex -12.111 8.77045 0
      vertex -12.111 8.77045 6
    endloop
  endfacet
  facet normal 0.595484 0.803367 -0
    outer loop
      vertex -13.6389 8.54381 0
      vertex -13.7296 8.61104 6
      vertex -13.6389 8.54381 6
    endloop
  endfacet
  facet normal 0.595484 0.803367 0
    outer loop
      vertex -13.7296 8.61104 6
      vertex -13.6389 8.54381 0
      vertex -13.7296 8.61104 0
    endloop
  endfacet
  facet normal 0.336774 0.941585 -0
    outer loop
      vertex -13.3338 8.39952 0
      vertex -13.4401 8.43754 6
      vertex -13.3338 8.39952 6
    endloop
  endfacet
  facet normal 0.336774 0.941585 0
    outer loop
      vertex -13.4401 8.43754 6
      vertex -13.3338 8.39952 0
      vertex -13.4401 8.43754 0
    endloop
  endfacet
  facet normal 0.989123 0.147088 0
    outer loop
      vertex -14.1279 9.27565 6
      vertex -14.1445 9.38728 0
      vertex -14.1445 9.38728 6
    endloop
  endfacet
  facet normal 0.989123 0.147088 0
    outer loop
      vertex -14.1445 9.38728 0
      vertex -14.1279 9.27565 6
      vertex -14.1279 9.27565 0
    endloop
  endfacet
  facet normal 0.903824 0.427904 0
    outer loop
      vertex -14.0142 8.95789 6
      vertex -14.0625 9.05991 0
      vertex -14.0625 9.05991 6
    endloop
  endfacet
  facet normal 0.903824 0.427904 0
    outer loop
      vertex -14.0625 9.05991 0
      vertex -14.0142 8.95789 6
      vertex -14.0142 8.95789 0
    endloop
  endfacet
  facet normal 0.671653 0.740866 -0
    outer loop
      vertex -13.7296 8.61104 0
      vertex -13.8132 8.68683 6
      vertex -13.7296 8.61104 6
    endloop
  endfacet
  facet normal 0.671653 0.740866 0
    outer loop
      vertex -13.8132 8.68683 6
      vertex -13.7296 8.61104 0
      vertex -13.8132 8.68683 0
    endloop
  endfacet
  facet normal 0.857806 0.513974 0
    outer loop
      vertex -13.9562 8.86109 6
      vertex -14.0142 8.95789 0
      vertex -14.0142 8.95789 6
    endloop
  endfacet
  facet normal 0.857806 0.513974 0
    outer loop
      vertex -14.0142 8.95789 0
      vertex -13.9562 8.86109 6
      vertex -13.9562 8.86109 0
    endloop
  endfacet
  facet normal -0.336774 0.941585 0
    outer loop
      vertex -12.5599 8.43754 0
      vertex -12.6662 8.39952 6
      vertex -12.5599 8.43754 6
    endloop
  endfacet
  facet normal -0.336774 0.941585 0
    outer loop
      vertex -12.6662 8.39952 6
      vertex -12.5599 8.43754 0
      vertex -12.6662 8.39952 0
    endloop
  endfacet
  facet normal -0.941601 0.336729 0
    outer loop
      vertex -11.9375 9.05991 0
      vertex -11.8995 9.16617 6
      vertex -11.8995 9.16617 0
    endloop
  endfacet
  facet normal -0.941601 0.336729 0
    outer loop
      vertex -11.8995 9.16617 6
      vertex -11.9375 9.05991 0
      vertex -11.9375 9.05991 6
    endloop
  endfacet
  facet normal -0.0490978 0.998794 0
    outer loop
      vertex -12.8873 8.35554 0
      vertex -13 8.35 6
      vertex -12.8873 8.35554 6
    endloop
  endfacet
  facet normal -0.0490978 0.998794 0
    outer loop
      vertex -13 8.35 6
      vertex -12.8873 8.35554 0
      vertex -13 8.35 0
    endloop
  endfacet
  facet normal 0.24312 0.969996 -0
    outer loop
      vertex -13.2244 8.3721 0
      vertex -13.3338 8.39952 6
      vertex -13.2244 8.3721 6
    endloop
  endfacet
  facet normal 0.24312 0.969996 0
    outer loop
      vertex -13.3338 8.39952 6
      vertex -13.2244 8.3721 0
      vertex -13.3338 8.39952 0
    endloop
  endfacet
  facet normal 0.42761 0.903963 -0
    outer loop
      vertex -13.4401 8.43754 0
      vertex -13.5421 8.48579 6
      vertex -13.4401 8.43754 6
    endloop
  endfacet
  facet normal 0.42761 0.903963 0
    outer loop
      vertex -13.5421 8.48579 6
      vertex -13.4401 8.43754 0
      vertex -13.5421 8.48579 0
    endloop
  endfacet
  facet normal 0.97008 0.242786 0
    outer loop
      vertex -14.1005 9.16617 6
      vertex -14.1279 9.27565 0
      vertex -14.1279 9.27565 6
    endloop
  endfacet
  facet normal 0.97008 0.242786 0
    outer loop
      vertex -14.1279 9.27565 0
      vertex -14.1005 9.16617 6
      vertex -14.1005 9.16617 0
    endloop
  endfacet
  facet normal 0.803306 0.595567 0
    outer loop
      vertex -13.889 8.77045 6
      vertex -13.9562 8.86109 0
      vertex -13.9562 8.86109 6
    endloop
  endfacet
  facet normal 0.803306 0.595567 0
    outer loop
      vertex -13.9562 8.86109 0
      vertex -13.889 8.77045 6
      vertex -13.889 8.77045 0
    endloop
  endfacet
  facet normal -0.595484 0.803367 0
    outer loop
      vertex -12.2704 8.61104 0
      vertex -12.3611 8.54381 6
      vertex -12.2704 8.61104 6
    endloop
  endfacet
  facet normal -0.595484 0.803367 0
    outer loop
      vertex -12.3611 8.54381 6
      vertex -12.2704 8.61104 0
      vertex -12.3611 8.54381 0
    endloop
  endfacet
  facet normal -0.514105 0.857727 0
    outer loop
      vertex -12.3611 8.54381 0
      vertex -12.4579 8.48579 6
      vertex -12.3611 8.54381 6
    endloop
  endfacet
  facet normal -0.514105 0.857727 0
    outer loop
      vertex -12.4579 8.48579 6
      vertex -12.3611 8.54381 0
      vertex -12.4579 8.48579 0
    endloop
  endfacet
  facet normal -0.740902 0.671614 0
    outer loop
      vertex -12.1868 8.68683 0
      vertex -12.111 8.77045 6
      vertex -12.111 8.77045 0
    endloop
  endfacet
  facet normal -0.740902 0.671614 0
    outer loop
      vertex -12.111 8.77045 6
      vertex -12.1868 8.68683 0
      vertex -12.1868 8.68683 6
    endloop
  endfacet
  facet normal 0.146651 0.989188 -0
    outer loop
      vertex -13.1127 8.35554 0
      vertex -13.2244 8.3721 6
      vertex -13.1127 8.35554 6
    endloop
  endfacet
  facet normal 0.146651 0.989188 0
    outer loop
      vertex -13.2244 8.3721 6
      vertex -13.1127 8.35554 0
      vertex -13.2244 8.3721 0
    endloop
  endfacet
  facet normal 0.514105 0.857727 -0
    outer loop
      vertex -13.5421 8.48579 0
      vertex -13.6389 8.54381 6
      vertex -13.5421 8.48579 6
    endloop
  endfacet
  facet normal 0.514105 0.857727 0
    outer loop
      vertex -13.6389 8.54381 6
      vertex -13.5421 8.48579 0
      vertex -13.6389 8.54381 0
    endloop
  endfacet
  facet normal -0.595484 -0.803367 0
    outer loop
      vertex 17.1389 -8.54381 0
      vertex 17.2296 -8.61104 6
      vertex 17.1389 -8.54381 6
    endloop
  endfacet
  facet normal -0.595484 -0.803367 -0
    outer loop
      vertex 17.2296 -8.61104 6
      vertex 17.1389 -8.54381 0
      vertex 17.2296 -8.61104 0
    endloop
  endfacet
  facet normal 0.336774 -0.941585 0
    outer loop
      vertex 16.0599 -8.43754 0
      vertex 16.1662 -8.39952 6
      vertex 16.0599 -8.43754 6
    endloop
  endfacet
  facet normal 0.336774 -0.941585 0
    outer loop
      vertex 16.1662 -8.39952 6
      vertex 16.0599 -8.43754 0
      vertex 16.1662 -8.39952 0
    endloop
  endfacet
  facet normal 0.903824 -0.427904 0
    outer loop
      vertex 15.4375 -9.05991 6
      vertex 15.4858 -8.95789 0
      vertex 15.4858 -8.95789 6
    endloop
  endfacet
  facet normal 0.903824 -0.427904 0
    outer loop
      vertex 15.4858 -8.95789 0
      vertex 15.4375 -9.05991 6
      vertex 15.4375 -9.05991 0
    endloop
  endfacet
  facet normal -0.941601 0.336729 0
    outer loop
      vertex 17.5625 -9.94009 0
      vertex 17.6005 -9.83383 6
      vertex 17.6005 -9.83383 0
    endloop
  endfacet
  facet normal -0.941601 0.336729 0
    outer loop
      vertex 17.6005 -9.83383 6
      vertex 17.5625 -9.94009 0
      vertex 17.5625 -9.94009 6
    endloop
  endfacet
  facet normal 0.427972 0.903792 -0
    outer loop
      vertex 16.0599 -10.5625 0
      vertex 15.9579 -10.5142 6
      vertex 16.0599 -10.5625 6
    endloop
  endfacet
  facet normal 0.427972 0.903792 0
    outer loop
      vertex 15.9579 -10.5142 6
      vertex 16.0599 -10.5625 0
      vertex 15.9579 -10.5142 0
    endloop
  endfacet
  facet normal -0.903824 -0.427904 0
    outer loop
      vertex 17.5625 -9.05991 0
      vertex 17.5142 -8.95789 6
      vertex 17.5142 -8.95789 0
    endloop
  endfacet
  facet normal -0.903824 -0.427904 0
    outer loop
      vertex 17.5142 -8.95789 6
      vertex 17.5625 -9.05991 0
      vertex 17.5625 -9.05991 6
    endloop
  endfacet
  facet normal -0.857806 -0.513974 0
    outer loop
      vertex 17.5142 -8.95789 0
      vertex 17.4562 -8.86109 6
      vertex 17.4562 -8.86109 0
    endloop
  endfacet
  facet normal -0.857806 -0.513974 0
    outer loop
      vertex 17.4562 -8.86109 6
      vertex 17.5142 -8.95789 0
      vertex 17.5142 -8.95789 6
    endloop
  endfacet
  facet normal -0.336774 -0.941585 0
    outer loop
      vertex 16.8338 -8.39952 0
      vertex 16.9401 -8.43754 6
      vertex 16.8338 -8.39952 6
    endloop
  endfacet
  facet normal -0.336774 -0.941585 -0
    outer loop
      vertex 16.9401 -8.43754 6
      vertex 16.8338 -8.39952 0
      vertex 16.9401 -8.43754 0
    endloop
  endfacet
  facet normal -0.24312 -0.969996 0
    outer loop
      vertex 16.7244 -8.3721 0
      vertex 16.8338 -8.39952 6
      vertex 16.7244 -8.3721 6
    endloop
  endfacet
  facet normal -0.24312 -0.969996 -0
    outer loop
      vertex 16.8338 -8.39952 6
      vertex 16.7244 -8.3721 0
      vertex 16.8338 -8.39952 0
    endloop
  endfacet
  facet normal 0.989123 -0.147088 0
    outer loop
      vertex 15.3555 -9.38728 6
      vertex 15.3721 -9.27565 0
      vertex 15.3721 -9.27565 6
    endloop
  endfacet
  facet normal 0.989123 -0.147088 0
    outer loop
      vertex 15.3721 -9.27565 0
      vertex 15.3555 -9.38728 6
      vertex 15.3555 -9.38728 0
    endloop
  endfacet
  facet normal 0.740902 -0.671614 0
    outer loop
      vertex 15.611 -8.77045 6
      vertex 15.6868 -8.68683 0
      vertex 15.6868 -8.68683 6
    endloop
  endfacet
  facet normal 0.740902 -0.671614 0
    outer loop
      vertex 15.6868 -8.68683 0
      vertex 15.611 -8.77045 6
      vertex 15.611 -8.77045 0
    endloop
  endfacet
  facet normal 0.146651 -0.989188 0
    outer loop
      vertex 16.2756 -8.3721 0
      vertex 16.3873 -8.35554 6
      vertex 16.2756 -8.3721 6
    endloop
  endfacet
  facet normal 0.146651 -0.989188 0
    outer loop
      vertex 16.3873 -8.35554 6
      vertex 16.2756 -8.3721 0
      vertex 16.3873 -8.35554 0
    endloop
  endfacet
  facet normal -0.803494 0.595312 0
    outer loop
      vertex 17.389 -10.2296 0
      vertex 17.4562 -10.1389 6
      vertex 17.4562 -10.1389 0
    endloop
  endfacet
  facet normal -0.803494 0.595312 0
    outer loop
      vertex 17.4562 -10.1389 6
      vertex 17.389 -10.2296 0
      vertex 17.389 -10.2296 6
    endloop
  endfacet
  facet normal 0.146998 0.989137 -0
    outer loop
      vertex 16.3873 -10.6445 0
      vertex 16.2756 -10.6279 6
      vertex 16.3873 -10.6445 6
    endloop
  endfacet
  facet normal 0.146998 0.989137 0
    outer loop
      vertex 16.2756 -10.6279 6
      vertex 16.3873 -10.6445 0
      vertex 16.2756 -10.6279 0
    endloop
  endfacet
  facet normal 0.671702 0.740822 -0
    outer loop
      vertex 15.7704 -10.389 0
      vertex 15.6868 -10.3132 6
      vertex 15.7704 -10.389 6
    endloop
  endfacet
  facet normal 0.671702 0.740822 0
    outer loop
      vertex 15.6868 -10.3132 6
      vertex 15.7704 -10.389 0
      vertex 15.6868 -10.3132 0
    endloop
  endfacet
  facet normal 0.803494 0.595312 0
    outer loop
      vertex 15.611 -10.2296 6
      vertex 15.5438 -10.1389 0
      vertex 15.5438 -10.1389 6
    endloop
  endfacet
  facet normal 0.803494 0.595312 0
    outer loop
      vertex 15.5438 -10.1389 0
      vertex 15.611 -10.2296 6
      vertex 15.611 -10.2296 0
    endloop
  endfacet
  facet normal -0.989123 -0.147088 0
    outer loop
      vertex 17.6445 -9.38728 0
      vertex 17.6279 -9.27565 6
      vertex 17.6279 -9.27565 0
    endloop
  endfacet
  facet normal -0.989123 -0.147088 0
    outer loop
      vertex 17.6279 -9.27565 6
      vertex 17.6445 -9.38728 0
      vertex 17.6445 -9.38728 6
    endloop
  endfacet
  facet normal -0.97008 -0.242786 0
    outer loop
      vertex 17.6279 -9.27565 0
      vertex 17.6005 -9.16617 6
      vertex 17.6005 -9.16617 0
    endloop
  endfacet
  facet normal -0.97008 -0.242786 0
    outer loop
      vertex 17.6005 -9.16617 6
      vertex 17.6279 -9.27565 0
      vertex 17.6279 -9.27565 6
    endloop
  endfacet
  facet normal -0.941601 -0.336729 0
    outer loop
      vertex 17.6005 -9.16617 0
      vertex 17.5625 -9.05991 6
      vertex 17.5625 -9.05991 0
    endloop
  endfacet
  facet normal -0.941601 -0.336729 0
    outer loop
      vertex 17.5625 -9.05991 6
      vertex 17.6005 -9.16617 0
      vertex 17.6005 -9.16617 6
    endloop
  endfacet
  facet normal -0.740902 -0.671614 0
    outer loop
      vertex 17.389 -8.77045 0
      vertex 17.3132 -8.68683 6
      vertex 17.3132 -8.68683 0
    endloop
  endfacet
  facet normal -0.740902 -0.671614 0
    outer loop
      vertex 17.3132 -8.68683 6
      vertex 17.389 -8.77045 0
      vertex 17.389 -8.77045 6
    endloop
  endfacet
  facet normal -0.803306 -0.595567 0
    outer loop
      vertex 17.4562 -8.86109 0
      vertex 17.389 -8.77045 6
      vertex 17.389 -8.77045 0
    endloop
  endfacet
  facet normal -0.803306 -0.595567 0
    outer loop
      vertex 17.389 -8.77045 6
      vertex 17.4562 -8.86109 0
      vertex 17.4562 -8.86109 6
    endloop
  endfacet
  facet normal -0.671653 -0.740866 0
    outer loop
      vertex 17.2296 -8.61104 0
      vertex 17.3132 -8.68683 6
      vertex 17.2296 -8.61104 6
    endloop
  endfacet
  facet normal -0.671653 -0.740866 -0
    outer loop
      vertex 17.3132 -8.68683 6
      vertex 17.2296 -8.61104 0
      vertex 17.3132 -8.68683 0
    endloop
  endfacet
  facet normal -0.514105 -0.857727 0
    outer loop
      vertex 17.0421 -8.48579 0
      vertex 17.1389 -8.54381 6
      vertex 17.0421 -8.48579 6
    endloop
  endfacet
  facet normal -0.514105 -0.857727 -0
    outer loop
      vertex 17.1389 -8.54381 6
      vertex 17.0421 -8.48579 0
      vertex 17.1389 -8.54381 0
    endloop
  endfacet
  facet normal -0.0490978 -0.998794 0
    outer loop
      vertex 16.5 -8.35 0
      vertex 16.6127 -8.35554 6
      vertex 16.5 -8.35 6
    endloop
  endfacet
  facet normal -0.0490978 -0.998794 -0
    outer loop
      vertex 16.6127 -8.35554 6
      vertex 16.5 -8.35 0
      vertex 16.6127 -8.35554 0
    endloop
  endfacet
  facet normal -0.42761 -0.903963 0
    outer loop
      vertex 16.9401 -8.43754 0
      vertex 17.0421 -8.48579 6
      vertex 16.9401 -8.43754 6
    endloop
  endfacet
  facet normal -0.42761 -0.903963 -0
    outer loop
      vertex 17.0421 -8.48579 6
      vertex 16.9401 -8.43754 0
      vertex 17.0421 -8.48579 0
    endloop
  endfacet
  facet normal 0.998812 -0.0487355 0
    outer loop
      vertex 15.35 -9.5 6
      vertex 15.3555 -9.38728 0
      vertex 15.3555 -9.38728 6
    endloop
  endfacet
  facet normal 0.998812 -0.0487355 0
    outer loop
      vertex 15.3555 -9.38728 0
      vertex 15.35 -9.5 6
      vertex 15.35 -9.5 0
    endloop
  endfacet
  facet normal 0.941601 -0.336729 0
    outer loop
      vertex 15.3995 -9.16617 6
      vertex 15.4375 -9.05991 0
      vertex 15.4375 -9.05991 6
    endloop
  endfacet
  facet normal 0.941601 -0.336729 0
    outer loop
      vertex 15.4375 -9.05991 0
      vertex 15.3995 -9.16617 6
      vertex 15.3995 -9.16617 0
    endloop
  endfacet
  facet normal 0.97008 -0.242786 0
    outer loop
      vertex 15.3721 -9.27565 6
      vertex 15.3995 -9.16617 0
      vertex 15.3995 -9.16617 6
    endloop
  endfacet
  facet normal 0.97008 -0.242786 0
    outer loop
      vertex 15.3995 -9.16617 0
      vertex 15.3721 -9.27565 6
      vertex 15.3721 -9.27565 0
    endloop
  endfacet
  facet normal 0.857806 -0.513974 0
    outer loop
      vertex 15.4858 -8.95789 6
      vertex 15.5438 -8.86109 0
      vertex 15.5438 -8.86109 6
    endloop
  endfacet
  facet normal 0.857806 -0.513974 0
    outer loop
      vertex 15.5438 -8.86109 0
      vertex 15.4858 -8.95789 6
      vertex 15.4858 -8.95789 0
    endloop
  endfacet
  facet normal 0.803306 -0.595567 0
    outer loop
      vertex 15.5438 -8.86109 6
      vertex 15.611 -8.77045 0
      vertex 15.611 -8.77045 6
    endloop
  endfacet
  facet normal 0.803306 -0.595567 0
    outer loop
      vertex 15.611 -8.77045 0
      vertex 15.5438 -8.86109 6
      vertex 15.5438 -8.86109 0
    endloop
  endfacet
  facet normal 0.24312 -0.969996 0
    outer loop
      vertex 16.1662 -8.39952 0
      vertex 16.2756 -8.3721 6
      vertex 16.1662 -8.39952 6
    endloop
  endfacet
  facet normal 0.24312 -0.969996 0
    outer loop
      vertex 16.2756 -8.3721 6
      vertex 16.1662 -8.39952 0
      vertex 16.2756 -8.3721 0
    endloop
  endfacet
  facet normal 0.0490978 -0.998794 0
    outer loop
      vertex 16.3873 -8.35554 0
      vertex 16.5 -8.35 6
      vertex 16.3873 -8.35554 6
    endloop
  endfacet
  facet normal 0.0490978 -0.998794 0
    outer loop
      vertex 16.5 -8.35 6
      vertex 16.3873 -8.35554 0
      vertex 16.5 -8.35 0
    endloop
  endfacet
  facet normal 0.514105 -0.857727 0
    outer loop
      vertex 15.8611 -8.54381 0
      vertex 15.9579 -8.48579 6
      vertex 15.8611 -8.54381 6
    endloop
  endfacet
  facet normal 0.514105 -0.857727 0
    outer loop
      vertex 15.9579 -8.48579 6
      vertex 15.8611 -8.54381 0
      vertex 15.9579 -8.48579 0
    endloop
  endfacet
  facet normal 0.595484 -0.803367 0
    outer loop
      vertex 15.7704 -8.61104 0
      vertex 15.8611 -8.54381 6
      vertex 15.7704 -8.61104 6
    endloop
  endfacet
  facet normal 0.595484 -0.803367 0
    outer loop
      vertex 15.8611 -8.54381 6
      vertex 15.7704 -8.61104 0
      vertex 15.8611 -8.54381 0
    endloop
  endfacet
  facet normal 0.42761 -0.903963 0
    outer loop
      vertex 15.9579 -8.48579 0
      vertex 16.0599 -8.43754 6
      vertex 15.9579 -8.48579 6
    endloop
  endfacet
  facet normal 0.42761 -0.903963 0
    outer loop
      vertex 16.0599 -8.43754 6
      vertex 15.9579 -8.48579 0
      vertex 16.0599 -8.43754 0
    endloop
  endfacet
  facet normal 0.671653 -0.740866 0
    outer loop
      vertex 15.6868 -8.68683 0
      vertex 15.7704 -8.61104 6
      vertex 15.6868 -8.68683 6
    endloop
  endfacet
  facet normal 0.671653 -0.740866 0
    outer loop
      vertex 15.7704 -8.61104 6
      vertex 15.6868 -8.68683 0
      vertex 15.7704 -8.61104 0
    endloop
  endfacet
  facet normal -0.998812 -0.0487355 0
    outer loop
      vertex 17.65 -9.5 0
      vertex 17.6445 -9.38728 6
      vertex 17.6445 -9.38728 0
    endloop
  endfacet
  facet normal -0.998812 -0.0487355 0
    outer loop
      vertex 17.6445 -9.38728 6
      vertex 17.65 -9.5 0
      vertex 17.65 -9.5 6
    endloop
  endfacet
  facet normal -0.0487441 0.998811 0
    outer loop
      vertex 16.6127 -10.6445 0
      vertex 16.5 -10.65 6
      vertex 16.6127 -10.6445 6
    endloop
  endfacet
  facet normal -0.0487441 0.998811 0
    outer loop
      vertex 16.5 -10.65 6
      vertex 16.6127 -10.6445 0
      vertex 16.5 -10.65 0
    endloop
  endfacet
  facet normal -0.97008 0.242786 0
    outer loop
      vertex 17.6005 -9.83383 0
      vertex 17.6279 -9.72435 6
      vertex 17.6279 -9.72435 0
    endloop
  endfacet
  facet normal -0.97008 0.242786 0
    outer loop
      vertex 17.6279 -9.72435 6
      vertex 17.6005 -9.83383 0
      vertex 17.6005 -9.83383 6
    endloop
  endfacet
  facet normal -0.146998 0.989137 0
    outer loop
      vertex 16.7244 -10.6279 0
      vertex 16.6127 -10.6445 6
      vertex 16.7244 -10.6279 6
    endloop
  endfacet
  facet normal -0.146998 0.989137 0
    outer loop
      vertex 16.6127 -10.6445 6
      vertex 16.7244 -10.6279 0
      vertex 16.6127 -10.6445 0
    endloop
  endfacet
  facet normal -0.242953 0.970038 0
    outer loop
      vertex 16.8338 -10.6005 0
      vertex 16.7244 -10.6279 6
      vertex 16.8338 -10.6005 6
    endloop
  endfacet
  facet normal -0.242953 0.970038 0
    outer loop
      vertex 16.7244 -10.6279 6
      vertex 16.8338 -10.6005 0
      vertex 16.7244 -10.6279 0
    endloop
  endfacet
  facet normal -0.671702 0.740822 0
    outer loop
      vertex 17.3132 -10.3132 0
      vertex 17.2296 -10.389 6
      vertex 17.3132 -10.3132 6
    endloop
  endfacet
  facet normal -0.671702 0.740822 0
    outer loop
      vertex 17.2296 -10.389 6
      vertex 17.3132 -10.3132 0
      vertex 17.2296 -10.389 0
    endloop
  endfacet
  facet normal -0.595312 0.803494 0
    outer loop
      vertex 17.2296 -10.389 0
      vertex 17.1389 -10.4562 6
      vertex 17.2296 -10.389 6
    endloop
  endfacet
  facet normal -0.595312 0.803494 0
    outer loop
      vertex 17.1389 -10.4562 6
      vertex 17.2296 -10.389 0
      vertex 17.1389 -10.4562 0
    endloop
  endfacet
  facet normal -0.427972 0.903792 0
    outer loop
      vertex 17.0421 -10.5142 0
      vertex 16.9401 -10.5625 6
      vertex 17.0421 -10.5142 6
    endloop
  endfacet
  facet normal -0.427972 0.903792 0
    outer loop
      vertex 16.9401 -10.5625 6
      vertex 17.0421 -10.5142 0
      vertex 16.9401 -10.5625 0
    endloop
  endfacet
  facet normal -0.903808 0.427938 0
    outer loop
      vertex 17.5142 -10.0421 0
      vertex 17.5625 -9.94009 6
      vertex 17.5625 -9.94009 0
    endloop
  endfacet
  facet normal -0.903808 0.427938 0
    outer loop
      vertex 17.5625 -9.94009 6
      vertex 17.5142 -10.0421 0
      vertex 17.5142 -10.0421 6
    endloop
  endfacet
  facet normal 0.0487441 0.998811 -0
    outer loop
      vertex 16.5 -10.65 0
      vertex 16.3873 -10.6445 6
      vertex 16.5 -10.65 6
    endloop
  endfacet
  facet normal 0.0487441 0.998811 0
    outer loop
      vertex 16.3873 -10.6445 6
      vertex 16.5 -10.65 0
      vertex 16.3873 -10.6445 0
    endloop
  endfacet
  facet normal 0.336617 0.941642 -0
    outer loop
      vertex 16.1662 -10.6005 0
      vertex 16.0599 -10.5625 6
      vertex 16.1662 -10.6005 6
    endloop
  endfacet
  facet normal 0.336617 0.941642 0
    outer loop
      vertex 16.0599 -10.5625 6
      vertex 16.1662 -10.6005 0
      vertex 16.0599 -10.5625 0
    endloop
  endfacet
  facet normal 0.513974 0.857806 -0
    outer loop
      vertex 15.9579 -10.5142 0
      vertex 15.8611 -10.4562 6
      vertex 15.9579 -10.5142 6
    endloop
  endfacet
  facet normal 0.513974 0.857806 0
    outer loop
      vertex 15.8611 -10.4562 6
      vertex 15.9579 -10.5142 0
      vertex 15.8611 -10.4562 0
    endloop
  endfacet
  facet normal 0.998812 0.0487355 0
    outer loop
      vertex 15.3555 -9.61272 6
      vertex 15.35 -9.5 0
      vertex 15.35 -9.5 6
    endloop
  endfacet
  facet normal 0.998812 0.0487355 0
    outer loop
      vertex 15.35 -9.5 0
      vertex 15.3555 -9.61272 6
      vertex 15.3555 -9.61272 0
    endloop
  endfacet
  facet normal 0.97008 0.242786 0
    outer loop
      vertex 15.3995 -9.83383 6
      vertex 15.3721 -9.72435 0
      vertex 15.3721 -9.72435 6
    endloop
  endfacet
  facet normal 0.97008 0.242786 0
    outer loop
      vertex 15.3721 -9.72435 0
      vertex 15.3995 -9.83383 6
      vertex 15.3995 -9.83383 0
    endloop
  endfacet
  facet normal 0.903808 0.427938 0
    outer loop
      vertex 15.4858 -10.0421 6
      vertex 15.4375 -9.94009 0
      vertex 15.4375 -9.94009 6
    endloop
  endfacet
  facet normal 0.903808 0.427938 0
    outer loop
      vertex 15.4375 -9.94009 0
      vertex 15.4858 -10.0421 6
      vertex 15.4858 -10.0421 0
    endloop
  endfacet
  facet normal -0.146651 -0.989188 0
    outer loop
      vertex 16.6127 -8.35554 0
      vertex 16.7244 -8.3721 6
      vertex 16.6127 -8.35554 6
    endloop
  endfacet
  facet normal -0.146651 -0.989188 -0
    outer loop
      vertex 16.7244 -8.3721 6
      vertex 16.6127 -8.35554 0
      vertex 16.7244 -8.3721 0
    endloop
  endfacet
  facet normal -0.989123 0.147088 0
    outer loop
      vertex 17.6279 -9.72435 0
      vertex 17.6445 -9.61272 6
      vertex 17.6445 -9.61272 0
    endloop
  endfacet
  facet normal -0.989123 0.147088 0
    outer loop
      vertex 17.6445 -9.61272 6
      vertex 17.6279 -9.72435 0
      vertex 17.6279 -9.72435 6
    endloop
  endfacet
  facet normal -0.336617 0.941642 0
    outer loop
      vertex 16.9401 -10.5625 0
      vertex 16.8338 -10.6005 6
      vertex 16.9401 -10.5625 6
    endloop
  endfacet
  facet normal -0.336617 0.941642 0
    outer loop
      vertex 16.8338 -10.6005 6
      vertex 16.9401 -10.5625 0
      vertex 16.8338 -10.6005 0
    endloop
  endfacet
  facet normal -0.740822 0.671702 0
    outer loop
      vertex 17.3132 -10.3132 0
      vertex 17.389 -10.2296 6
      vertex 17.389 -10.2296 0
    endloop
  endfacet
  facet normal -0.740822 0.671702 0
    outer loop
      vertex 17.389 -10.2296 6
      vertex 17.3132 -10.3132 0
      vertex 17.3132 -10.3132 6
    endloop
  endfacet
  facet normal -0.513974 0.857806 0
    outer loop
      vertex 17.1389 -10.4562 0
      vertex 17.0421 -10.5142 6
      vertex 17.1389 -10.4562 6
    endloop
  endfacet
  facet normal -0.513974 0.857806 0
    outer loop
      vertex 17.0421 -10.5142 6
      vertex 17.1389 -10.4562 0
      vertex 17.0421 -10.5142 0
    endloop
  endfacet
  facet normal -0.857806 0.513974 0
    outer loop
      vertex 17.4562 -10.1389 0
      vertex 17.5142 -10.0421 6
      vertex 17.5142 -10.0421 0
    endloop
  endfacet
  facet normal -0.857806 0.513974 0
    outer loop
      vertex 17.5142 -10.0421 6
      vertex 17.4562 -10.1389 0
      vertex 17.4562 -10.1389 6
    endloop
  endfacet
  facet normal 0.242953 0.970038 -0
    outer loop
      vertex 16.2756 -10.6279 0
      vertex 16.1662 -10.6005 6
      vertex 16.2756 -10.6279 6
    endloop
  endfacet
  facet normal 0.242953 0.970038 0
    outer loop
      vertex 16.1662 -10.6005 6
      vertex 16.2756 -10.6279 0
      vertex 16.1662 -10.6005 0
    endloop
  endfacet
  facet normal 0.595312 0.803494 -0
    outer loop
      vertex 15.8611 -10.4562 0
      vertex 15.7704 -10.389 6
      vertex 15.8611 -10.4562 6
    endloop
  endfacet
  facet normal 0.595312 0.803494 0
    outer loop
      vertex 15.7704 -10.389 6
      vertex 15.8611 -10.4562 0
      vertex 15.7704 -10.389 0
    endloop
  endfacet
  facet normal 0.941601 0.336729 0
    outer loop
      vertex 15.4375 -9.94009 6
      vertex 15.3995 -9.83383 0
      vertex 15.3995 -9.83383 6
    endloop
  endfacet
  facet normal 0.941601 0.336729 0
    outer loop
      vertex 15.3995 -9.83383 0
      vertex 15.4375 -9.94009 6
      vertex 15.4375 -9.94009 0
    endloop
  endfacet
  facet normal 0.989123 0.147088 0
    outer loop
      vertex 15.3721 -9.72435 6
      vertex 15.3555 -9.61272 0
      vertex 15.3555 -9.61272 6
    endloop
  endfacet
  facet normal 0.989123 0.147088 0
    outer loop
      vertex 15.3555 -9.61272 0
      vertex 15.3721 -9.72435 6
      vertex 15.3721 -9.72435 0
    endloop
  endfacet
  facet normal 0.857806 0.513974 0
    outer loop
      vertex 15.5438 -10.1389 6
      vertex 15.4858 -10.0421 0
      vertex 15.4858 -10.0421 6
    endloop
  endfacet
  facet normal 0.857806 0.513974 0
    outer loop
      vertex 15.4858 -10.0421 0
      vertex 15.5438 -10.1389 6
      vertex 15.5438 -10.1389 0
    endloop
  endfacet
  facet normal 0.740822 0.671702 0
    outer loop
      vertex 15.6868 -10.3132 6
      vertex 15.611 -10.2296 0
      vertex 15.611 -10.2296 6
    endloop
  endfacet
  facet normal 0.740822 0.671702 0
    outer loop
      vertex 15.611 -10.2296 0
      vertex 15.6868 -10.3132 6
      vertex 15.6868 -10.3132 0
    endloop
  endfacet
  facet normal -0.998812 0.0487355 0
    outer loop
      vertex 17.6445 -9.61272 0
      vertex 17.65 -9.5 6
      vertex 17.65 -9.5 0
    endloop
  endfacet
  facet normal -0.998812 0.0487355 0
    outer loop
      vertex 17.65 -9.5 6
      vertex 17.6445 -9.61272 0
      vertex 17.6445 -9.61272 6
    endloop
  endfacet
  facet normal -0.998812 -0.0487355 0
    outer loop
      vertex 17.65 9.5 0
      vertex 17.6445 9.61272 6
      vertex 17.6445 9.61272 0
    endloop
  endfacet
  facet normal -0.998812 -0.0487355 0
    outer loop
      vertex 17.6445 9.61272 6
      vertex 17.65 9.5 0
      vertex 17.65 9.5 6
    endloop
  endfacet
  facet normal 0.0487441 -0.998811 0
    outer loop
      vertex 16.3873 10.6445 0
      vertex 16.5 10.65 6
      vertex 16.3873 10.6445 6
    endloop
  endfacet
  facet normal 0.0487441 -0.998811 0
    outer loop
      vertex 16.5 10.65 6
      vertex 16.3873 10.6445 0
      vertex 16.5 10.65 0
    endloop
  endfacet
  facet normal -0.0490978 0.998794 0
    outer loop
      vertex 16.6127 8.35554 0
      vertex 16.5 8.35 6
      vertex 16.6127 8.35554 6
    endloop
  endfacet
  facet normal -0.0490978 0.998794 0
    outer loop
      vertex 16.5 8.35 6
      vertex 16.6127 8.35554 0
      vertex 16.5 8.35 0
    endloop
  endfacet
  facet normal -0.671702 -0.740822 0
    outer loop
      vertex 17.2296 10.389 0
      vertex 17.3132 10.3132 6
      vertex 17.2296 10.389 6
    endloop
  endfacet
  facet normal -0.671702 -0.740822 -0
    outer loop
      vertex 17.3132 10.3132 6
      vertex 17.2296 10.389 0
      vertex 17.3132 10.3132 0
    endloop
  endfacet
  facet normal 0.740822 -0.671702 0
    outer loop
      vertex 15.611 10.2296 6
      vertex 15.6868 10.3132 0
      vertex 15.6868 10.3132 6
    endloop
  endfacet
  facet normal 0.740822 -0.671702 0
    outer loop
      vertex 15.6868 10.3132 0
      vertex 15.611 10.2296 6
      vertex 15.611 10.2296 0
    endloop
  endfacet
  facet normal 0.427972 -0.903792 0
    outer loop
      vertex 15.9579 10.5142 0
      vertex 16.0599 10.5625 6
      vertex 15.9579 10.5142 6
    endloop
  endfacet
  facet normal 0.427972 -0.903792 0
    outer loop
      vertex 16.0599 10.5625 6
      vertex 15.9579 10.5142 0
      vertex 16.0599 10.5625 0
    endloop
  endfacet
  facet normal -0.903808 -0.427938 0
    outer loop
      vertex 17.5625 9.94009 0
      vertex 17.5142 10.0421 6
      vertex 17.5142 10.0421 0
    endloop
  endfacet
  facet normal -0.903808 -0.427938 0
    outer loop
      vertex 17.5142 10.0421 6
      vertex 17.5625 9.94009 0
      vertex 17.5625 9.94009 6
    endloop
  endfacet
  facet normal -0.336617 -0.941642 0
    outer loop
      vertex 16.8338 10.6005 0
      vertex 16.9401 10.5625 6
      vertex 16.8338 10.6005 6
    endloop
  endfacet
  facet normal -0.336617 -0.941642 -0
    outer loop
      vertex 16.9401 10.5625 6
      vertex 16.8338 10.6005 0
      vertex 16.9401 10.5625 0
    endloop
  endfacet
  facet normal -0.513974 -0.857806 0
    outer loop
      vertex 17.0421 10.5142 0
      vertex 17.1389 10.4562 6
      vertex 17.0421 10.5142 6
    endloop
  endfacet
  facet normal -0.513974 -0.857806 -0
    outer loop
      vertex 17.1389 10.4562 6
      vertex 17.0421 10.5142 0
      vertex 17.1389 10.4562 0
    endloop
  endfacet
  facet normal 0.941601 -0.336729 0
    outer loop
      vertex 15.3995 9.83383 6
      vertex 15.4375 9.94009 0
      vertex 15.4375 9.94009 6
    endloop
  endfacet
  facet normal 0.941601 -0.336729 0
    outer loop
      vertex 15.4375 9.94009 0
      vertex 15.3995 9.83383 6
      vertex 15.3995 9.83383 0
    endloop
  endfacet
  facet normal 0.242953 -0.970038 0
    outer loop
      vertex 16.1662 10.6005 0
      vertex 16.2756 10.6279 6
      vertex 16.1662 10.6005 6
    endloop
  endfacet
  facet normal 0.242953 -0.970038 0
    outer loop
      vertex 16.2756 10.6279 6
      vertex 16.1662 10.6005 0
      vertex 16.2756 10.6279 0
    endloop
  endfacet
  facet normal -0.97008 0.242786 0
    outer loop
      vertex 17.6005 9.16617 0
      vertex 17.6279 9.27565 6
      vertex 17.6279 9.27565 0
    endloop
  endfacet
  facet normal -0.97008 0.242786 0
    outer loop
      vertex 17.6279 9.27565 6
      vertex 17.6005 9.16617 0
      vertex 17.6005 9.16617 6
    endloop
  endfacet
  facet normal -0.146651 0.989188 0
    outer loop
      vertex 16.7244 8.3721 0
      vertex 16.6127 8.35554 6
      vertex 16.7244 8.3721 6
    endloop
  endfacet
  facet normal -0.146651 0.989188 0
    outer loop
      vertex 16.6127 8.35554 6
      vertex 16.7244 8.3721 0
      vertex 16.6127 8.35554 0
    endloop
  endfacet
  facet normal -0.97008 -0.242786 0
    outer loop
      vertex 17.6279 9.72435 0
      vertex 17.6005 9.83383 6
      vertex 17.6005 9.83383 0
    endloop
  endfacet
  facet normal -0.97008 -0.242786 0
    outer loop
      vertex 17.6005 9.83383 6
      vertex 17.6279 9.72435 0
      vertex 17.6279 9.72435 6
    endloop
  endfacet
  facet normal -0.989123 -0.147088 0
    outer loop
      vertex 17.6445 9.61272 0
      vertex 17.6279 9.72435 6
      vertex 17.6279 9.72435 0
    endloop
  endfacet
  facet normal -0.989123 -0.147088 0
    outer loop
      vertex 17.6279 9.72435 6
      vertex 17.6445 9.61272 0
      vertex 17.6445 9.61272 6
    endloop
  endfacet
  facet normal -0.941601 -0.336729 0
    outer loop
      vertex 17.6005 9.83383 0
      vertex 17.5625 9.94009 6
      vertex 17.5625 9.94009 0
    endloop
  endfacet
  facet normal -0.941601 -0.336729 0
    outer loop
      vertex 17.5625 9.94009 6
      vertex 17.6005 9.83383 0
      vertex 17.6005 9.83383 6
    endloop
  endfacet
  facet normal -0.803494 -0.595312 0
    outer loop
      vertex 17.4562 10.1389 0
      vertex 17.389 10.2296 6
      vertex 17.389 10.2296 0
    endloop
  endfacet
  facet normal -0.803494 -0.595312 0
    outer loop
      vertex 17.389 10.2296 6
      vertex 17.4562 10.1389 0
      vertex 17.4562 10.1389 6
    endloop
  endfacet
  facet normal -0.740822 -0.671702 0
    outer loop
      vertex 17.389 10.2296 0
      vertex 17.3132 10.3132 6
      vertex 17.3132 10.3132 0
    endloop
  endfacet
  facet normal -0.740822 -0.671702 0
    outer loop
      vertex 17.3132 10.3132 6
      vertex 17.389 10.2296 0
      vertex 17.389 10.2296 6
    endloop
  endfacet
  facet normal -0.857806 -0.513974 0
    outer loop
      vertex 17.5142 10.0421 0
      vertex 17.4562 10.1389 6
      vertex 17.4562 10.1389 0
    endloop
  endfacet
  facet normal -0.857806 -0.513974 0
    outer loop
      vertex 17.4562 10.1389 6
      vertex 17.5142 10.0421 0
      vertex 17.5142 10.0421 6
    endloop
  endfacet
  facet normal -0.146998 -0.989137 0
    outer loop
      vertex 16.6127 10.6445 0
      vertex 16.7244 10.6279 6
      vertex 16.6127 10.6445 6
    endloop
  endfacet
  facet normal -0.146998 -0.989137 -0
    outer loop
      vertex 16.7244 10.6279 6
      vertex 16.6127 10.6445 0
      vertex 16.7244 10.6279 0
    endloop
  endfacet
  facet normal -0.242953 -0.970038 0
    outer loop
      vertex 16.7244 10.6279 0
      vertex 16.8338 10.6005 6
      vertex 16.7244 10.6279 6
    endloop
  endfacet
  facet normal -0.242953 -0.970038 -0
    outer loop
      vertex 16.8338 10.6005 6
      vertex 16.7244 10.6279 0
      vertex 16.8338 10.6005 0
    endloop
  endfacet
  facet normal -0.0487441 -0.998811 0
    outer loop
      vertex 16.5 10.65 0
      vertex 16.6127 10.6445 6
      vertex 16.5 10.65 6
    endloop
  endfacet
  facet normal -0.0487441 -0.998811 -0
    outer loop
      vertex 16.6127 10.6445 6
      vertex 16.5 10.65 0
      vertex 16.6127 10.6445 0
    endloop
  endfacet
  facet normal -0.427972 -0.903792 0
    outer loop
      vertex 16.9401 10.5625 0
      vertex 17.0421 10.5142 6
      vertex 16.9401 10.5625 6
    endloop
  endfacet
  facet normal -0.427972 -0.903792 -0
    outer loop
      vertex 17.0421 10.5142 6
      vertex 16.9401 10.5625 0
      vertex 17.0421 10.5142 0
    endloop
  endfacet
  facet normal -0.595312 -0.803494 0
    outer loop
      vertex 17.1389 10.4562 0
      vertex 17.2296 10.389 6
      vertex 17.1389 10.4562 6
    endloop
  endfacet
  facet normal -0.595312 -0.803494 -0
    outer loop
      vertex 17.2296 10.389 6
      vertex 17.1389 10.4562 0
      vertex 17.2296 10.389 0
    endloop
  endfacet
  facet normal 0.989123 -0.147088 0
    outer loop
      vertex 15.3555 9.61272 6
      vertex 15.3721 9.72435 0
      vertex 15.3721 9.72435 6
    endloop
  endfacet
  facet normal 0.989123 -0.147088 0
    outer loop
      vertex 15.3721 9.72435 0
      vertex 15.3555 9.61272 6
      vertex 15.3555 9.61272 0
    endloop
  endfacet
  facet normal 0.857806 -0.513974 0
    outer loop
      vertex 15.4858 10.0421 6
      vertex 15.5438 10.1389 0
      vertex 15.5438 10.1389 6
    endloop
  endfacet
  facet normal 0.857806 -0.513974 0
    outer loop
      vertex 15.5438 10.1389 0
      vertex 15.4858 10.0421 6
      vertex 15.4858 10.0421 0
    endloop
  endfacet
  facet normal 0.803494 -0.595312 0
    outer loop
      vertex 15.5438 10.1389 6
      vertex 15.611 10.2296 0
      vertex 15.611 10.2296 6
    endloop
  endfacet
  facet normal 0.803494 -0.595312 0
    outer loop
      vertex 15.611 10.2296 0
      vertex 15.5438 10.1389 6
      vertex 15.5438 10.1389 0
    endloop
  endfacet
  facet normal 0.903808 -0.427938 0
    outer loop
      vertex 15.4375 9.94009 6
      vertex 15.4858 10.0421 0
      vertex 15.4858 10.0421 6
    endloop
  endfacet
  facet normal 0.903808 -0.427938 0
    outer loop
      vertex 15.4858 10.0421 0
      vertex 15.4375 9.94009 6
      vertex 15.4375 9.94009 0
    endloop
  endfacet
  facet normal 0.97008 -0.242786 0
    outer loop
      vertex 15.3721 9.72435 6
      vertex 15.3995 9.83383 0
      vertex 15.3995 9.83383 6
    endloop
  endfacet
  facet normal 0.97008 -0.242786 0
    outer loop
      vertex 15.3995 9.83383 0
      vertex 15.3721 9.72435 6
      vertex 15.3721 9.72435 0
    endloop
  endfacet
  facet normal 0.998812 -0.0487355 0
    outer loop
      vertex 15.35 9.5 6
      vertex 15.3555 9.61272 0
      vertex 15.3555 9.61272 6
    endloop
  endfacet
  facet normal 0.998812 -0.0487355 0
    outer loop
      vertex 15.3555 9.61272 0
      vertex 15.35 9.5 6
      vertex 15.35 9.5 0
    endloop
  endfacet
  facet normal 0.595312 -0.803494 0
    outer loop
      vertex 15.7704 10.389 0
      vertex 15.8611 10.4562 6
      vertex 15.7704 10.389 6
    endloop
  endfacet
  facet normal 0.595312 -0.803494 0
    outer loop
      vertex 15.8611 10.4562 6
      vertex 15.7704 10.389 0
      vertex 15.8611 10.4562 0
    endloop
  endfacet
  facet normal 0.513974 -0.857806 0
    outer loop
      vertex 15.8611 10.4562 0
      vertex 15.9579 10.5142 6
      vertex 15.8611 10.4562 6
    endloop
  endfacet
  facet normal 0.513974 -0.857806 0
    outer loop
      vertex 15.9579 10.5142 6
      vertex 15.8611 10.4562 0
      vertex 15.9579 10.5142 0
    endloop
  endfacet
  facet normal 0.671702 -0.740822 0
    outer loop
      vertex 15.6868 10.3132 0
      vertex 15.7704 10.389 6
      vertex 15.6868 10.3132 6
    endloop
  endfacet
  facet normal 0.671702 -0.740822 0
    outer loop
      vertex 15.7704 10.389 6
      vertex 15.6868 10.3132 0
      vertex 15.7704 10.389 0
    endloop
  endfacet
  facet normal 0.336617 -0.941642 0
    outer loop
      vertex 16.0599 10.5625 0
      vertex 16.1662 10.6005 6
      vertex 16.0599 10.5625 6
    endloop
  endfacet
  facet normal 0.336617 -0.941642 0
    outer loop
      vertex 16.1662 10.6005 6
      vertex 16.0599 10.5625 0
      vertex 16.1662 10.6005 0
    endloop
  endfacet
  facet normal 0.146998 -0.989137 0
    outer loop
      vertex 16.2756 10.6279 0
      vertex 16.3873 10.6445 6
      vertex 16.2756 10.6279 6
    endloop
  endfacet
  facet normal 0.146998 -0.989137 0
    outer loop
      vertex 16.3873 10.6445 6
      vertex 16.2756 10.6279 0
      vertex 16.3873 10.6445 0
    endloop
  endfacet
  facet normal -0.740902 0.671614 0
    outer loop
      vertex 17.3132 8.68683 0
      vertex 17.389 8.77045 6
      vertex 17.389 8.77045 0
    endloop
  endfacet
  facet normal -0.740902 0.671614 0
    outer loop
      vertex 17.389 8.77045 6
      vertex 17.3132 8.68683 0
      vertex 17.3132 8.68683 6
    endloop
  endfacet
  facet normal 0.857806 0.513974 0
    outer loop
      vertex 15.5438 8.86109 6
      vertex 15.4858 8.95789 0
      vertex 15.4858 8.95789 6
    endloop
  endfacet
  facet normal 0.857806 0.513974 0
    outer loop
      vertex 15.4858 8.95789 0
      vertex 15.5438 8.86109 6
      vertex 15.5438 8.86109 0
    endloop
  endfacet
  facet normal -0.42761 0.903963 0
    outer loop
      vertex 17.0421 8.48579 0
      vertex 16.9401 8.43754 6
      vertex 17.0421 8.48579 6
    endloop
  endfacet
  facet normal -0.42761 0.903963 0
    outer loop
      vertex 16.9401 8.43754 6
      vertex 17.0421 8.48579 0
      vertex 16.9401 8.43754 0
    endloop
  endfacet
  facet normal 0.998812 0.0487355 0
    outer loop
      vertex 15.3555 9.38728 6
      vertex 15.35 9.5 0
      vertex 15.35 9.5 6
    endloop
  endfacet
  facet normal 0.998812 0.0487355 0
    outer loop
      vertex 15.35 9.5 0
      vertex 15.3555 9.38728 6
      vertex 15.3555 9.38728 0
    endloop
  endfacet
  facet normal -0.941601 0.336729 0
    outer loop
      vertex 17.5625 9.05991 0
      vertex 17.6005 9.16617 6
      vertex 17.6005 9.16617 0
    endloop
  endfacet
  facet normal -0.941601 0.336729 0
    outer loop
      vertex 17.6005 9.16617 6
      vertex 17.5625 9.05991 0
      vertex 17.5625 9.05991 6
    endloop
  endfacet
  facet normal -0.989123 0.147088 0
    outer loop
      vertex 17.6279 9.27565 0
      vertex 17.6445 9.38728 6
      vertex 17.6445 9.38728 0
    endloop
  endfacet
  facet normal -0.989123 0.147088 0
    outer loop
      vertex 17.6445 9.38728 6
      vertex 17.6279 9.27565 0
      vertex 17.6279 9.27565 6
    endloop
  endfacet
  facet normal -0.998812 0.0487355 0
    outer loop
      vertex 17.6445 9.38728 0
      vertex 17.65 9.5 6
      vertex 17.65 9.5 0
    endloop
  endfacet
  facet normal -0.998812 0.0487355 0
    outer loop
      vertex 17.65 9.5 6
      vertex 17.6445 9.38728 0
      vertex 17.6445 9.38728 6
    endloop
  endfacet
  facet normal -0.671653 0.740866 0
    outer loop
      vertex 17.3132 8.68683 0
      vertex 17.2296 8.61104 6
      vertex 17.3132 8.68683 6
    endloop
  endfacet
  facet normal -0.671653 0.740866 0
    outer loop
      vertex 17.2296 8.61104 6
      vertex 17.3132 8.68683 0
      vertex 17.2296 8.61104 0
    endloop
  endfacet
  facet normal -0.903824 0.427904 0
    outer loop
      vertex 17.5142 8.95789 0
      vertex 17.5625 9.05991 6
      vertex 17.5625 9.05991 0
    endloop
  endfacet
  facet normal -0.903824 0.427904 0
    outer loop
      vertex 17.5625 9.05991 6
      vertex 17.5142 8.95789 0
      vertex 17.5142 8.95789 6
    endloop
  endfacet
  facet normal -0.803306 0.595567 0
    outer loop
      vertex 17.389 8.77045 0
      vertex 17.4562 8.86109 6
      vertex 17.4562 8.86109 0
    endloop
  endfacet
  facet normal -0.803306 0.595567 0
    outer loop
      vertex 17.4562 8.86109 6
      vertex 17.389 8.77045 0
      vertex 17.389 8.77045 6
    endloop
  endfacet
  facet normal 0.24312 0.969996 -0
    outer loop
      vertex 16.2756 8.3721 0
      vertex 16.1662 8.39952 6
      vertex 16.2756 8.3721 6
    endloop
  endfacet
  facet normal 0.24312 0.969996 0
    outer loop
      vertex 16.1662 8.39952 6
      vertex 16.2756 8.3721 0
      vertex 16.1662 8.39952 0
    endloop
  endfacet
  facet normal 0.941601 0.336729 0
    outer loop
      vertex 15.4375 9.05991 6
      vertex 15.3995 9.16617 0
      vertex 15.3995 9.16617 6
    endloop
  endfacet
  facet normal 0.941601 0.336729 0
    outer loop
      vertex 15.3995 9.16617 0
      vertex 15.4375 9.05991 6
      vertex 15.4375 9.05991 0
    endloop
  endfacet
  facet normal -0.336774 0.941585 0
    outer loop
      vertex 16.9401 8.43754 0
      vertex 16.8338 8.39952 6
      vertex 16.9401 8.43754 6
    endloop
  endfacet
  facet normal -0.336774 0.941585 0
    outer loop
      vertex 16.8338 8.39952 6
      vertex 16.9401 8.43754 0
      vertex 16.8338 8.39952 0
    endloop
  endfacet
  facet normal -0.24312 0.969996 0
    outer loop
      vertex 16.8338 8.39952 0
      vertex 16.7244 8.3721 6
      vertex 16.8338 8.39952 6
    endloop
  endfacet
  facet normal -0.24312 0.969996 0
    outer loop
      vertex 16.7244 8.3721 6
      vertex 16.8338 8.39952 0
      vertex 16.7244 8.3721 0
    endloop
  endfacet
  facet normal -0.514105 0.857727 0
    outer loop
      vertex 17.1389 8.54381 0
      vertex 17.0421 8.48579 6
      vertex 17.1389 8.54381 6
    endloop
  endfacet
  facet normal -0.514105 0.857727 0
    outer loop
      vertex 17.0421 8.48579 6
      vertex 17.1389 8.54381 0
      vertex 17.0421 8.48579 0
    endloop
  endfacet
  facet normal -0.595484 0.803367 0
    outer loop
      vertex 17.2296 8.61104 0
      vertex 17.1389 8.54381 6
      vertex 17.2296 8.61104 6
    endloop
  endfacet
  facet normal -0.595484 0.803367 0
    outer loop
      vertex 17.1389 8.54381 6
      vertex 17.2296 8.61104 0
      vertex 17.1389 8.54381 0
    endloop
  endfacet
  facet normal -0.857806 0.513974 0
    outer loop
      vertex 17.4562 8.86109 0
      vertex 17.5142 8.95789 6
      vertex 17.5142 8.95789 0
    endloop
  endfacet
  facet normal -0.857806 0.513974 0
    outer loop
      vertex 17.5142 8.95789 6
      vertex 17.4562 8.86109 0
      vertex 17.4562 8.86109 6
    endloop
  endfacet
  facet normal 0.0490978 0.998794 -0
    outer loop
      vertex 16.5 8.35 0
      vertex 16.3873 8.35554 6
      vertex 16.5 8.35 6
    endloop
  endfacet
  facet normal 0.0490978 0.998794 0
    outer loop
      vertex 16.3873 8.35554 6
      vertex 16.5 8.35 0
      vertex 16.3873 8.35554 0
    endloop
  endfacet
  facet normal 0.42761 0.903963 -0
    outer loop
      vertex 16.0599 8.43754 0
      vertex 15.9579 8.48579 6
      vertex 16.0599 8.43754 6
    endloop
  endfacet
  facet normal 0.42761 0.903963 0
    outer loop
      vertex 15.9579 8.48579 6
      vertex 16.0599 8.43754 0
      vertex 15.9579 8.48579 0
    endloop
  endfacet
  facet normal 0.595484 0.803367 -0
    outer loop
      vertex 15.8611 8.54381 0
      vertex 15.7704 8.61104 6
      vertex 15.8611 8.54381 6
    endloop
  endfacet
  facet normal 0.595484 0.803367 0
    outer loop
      vertex 15.7704 8.61104 6
      vertex 15.8611 8.54381 0
      vertex 15.7704 8.61104 0
    endloop
  endfacet
  facet normal 0.336774 0.941585 -0
    outer loop
      vertex 16.1662 8.39952 0
      vertex 16.0599 8.43754 6
      vertex 16.1662 8.39952 6
    endloop
  endfacet
  facet normal 0.336774 0.941585 0
    outer loop
      vertex 16.0599 8.43754 6
      vertex 16.1662 8.39952 0
      vertex 16.0599 8.43754 0
    endloop
  endfacet
  facet normal 0.803306 0.595567 0
    outer loop
      vertex 15.611 8.77045 6
      vertex 15.5438 8.86109 0
      vertex 15.5438 8.86109 6
    endloop
  endfacet
  facet normal 0.803306 0.595567 0
    outer loop
      vertex 15.5438 8.86109 0
      vertex 15.611 8.77045 6
      vertex 15.611 8.77045 0
    endloop
  endfacet
  facet normal 0.671653 0.740866 -0
    outer loop
      vertex 15.7704 8.61104 0
      vertex 15.6868 8.68683 6
      vertex 15.7704 8.61104 6
    endloop
  endfacet
  facet normal 0.671653 0.740866 0
    outer loop
      vertex 15.6868 8.68683 6
      vertex 15.7704 8.61104 0
      vertex 15.6868 8.68683 0
    endloop
  endfacet
  facet normal 0.740902 0.671614 0
    outer loop
      vertex 15.6868 8.68683 6
      vertex 15.611 8.77045 0
      vertex 15.611 8.77045 6
    endloop
  endfacet
  facet normal 0.740902 0.671614 0
    outer loop
      vertex 15.611 8.77045 0
      vertex 15.6868 8.68683 6
      vertex 15.6868 8.68683 0
    endloop
  endfacet
  facet normal 0.903824 0.427904 0
    outer loop
      vertex 15.4858 8.95789 6
      vertex 15.4375 9.05991 0
      vertex 15.4375 9.05991 6
    endloop
  endfacet
  facet normal 0.903824 0.427904 0
    outer loop
      vertex 15.4375 9.05991 0
      vertex 15.4858 8.95789 6
      vertex 15.4858 8.95789 0
    endloop
  endfacet
  facet normal 0.97008 0.242786 0
    outer loop
      vertex 15.3995 9.16617 6
      vertex 15.3721 9.27565 0
      vertex 15.3721 9.27565 6
    endloop
  endfacet
  facet normal 0.97008 0.242786 0
    outer loop
      vertex 15.3721 9.27565 0
      vertex 15.3995 9.16617 6
      vertex 15.3995 9.16617 0
    endloop
  endfacet
  facet normal 0.989123 0.147088 0
    outer loop
      vertex 15.3721 9.27565 6
      vertex 15.3555 9.38728 0
      vertex 15.3555 9.38728 6
    endloop
  endfacet
  facet normal 0.989123 0.147088 0
    outer loop
      vertex 15.3555 9.38728 0
      vertex 15.3721 9.27565 6
      vertex 15.3721 9.27565 0
    endloop
  endfacet
  facet normal 0.146651 0.989188 -0
    outer loop
      vertex 16.3873 8.35554 0
      vertex 16.2756 8.3721 6
      vertex 16.3873 8.35554 6
    endloop
  endfacet
  facet normal 0.146651 0.989188 0
    outer loop
      vertex 16.2756 8.3721 6
      vertex 16.3873 8.35554 0
      vertex 16.2756 8.3721 0
    endloop
  endfacet
  facet normal 0.514105 0.857727 -0
    outer loop
      vertex 15.9579 8.48579 0
      vertex 15.8611 8.54381 6
      vertex 15.9579 8.48579 6
    endloop
  endfacet
  facet normal 0.514105 0.857727 0
    outer loop
      vertex 15.8611 8.54381 6
      vertex 15.9579 8.48579 0
      vertex 15.8611 8.54381 0
    endloop
  endfacet
endsolid OpenSCAD_Model
