solid OpenSCAD_Model
  facet normal 1 0 0
    outer loop
      vertex -97.2 79 26.4
      vertex -97.2 71 29.6
      vertex -97.2 71 26.4
    endloop
  endfacet
  facet normal 1 -0 0
    outer loop
      vertex -97.2 71 29.6
      vertex -97.2 79 26.4
      vertex -97.2 79 29.6
    endloop
  endfacet
  facet normal -0 0 1
    outer loop
      vertex -97.2 79 26.4
      vertex -96.8 78 26.4
      vertex -96.8 79 26.4
    endloop
  endfacet
  facet normal 0 0 1
    outer loop
      vertex -97.2 71 26.4
      vertex -96.8 78 26.4
      vertex -97.2 79 26.4
    endloop
  endfacet
  facet normal 0 0 1
    outer loop
      vertex -96.8 78 26.4
      vertex -97.2 71 26.4
      vertex -96.8 71 26.4
    endloop
  endfacet
  facet normal 1 0 0
    outer loop
      vertex -96.8 -78 1.2
      vertex -96.8 -71 26.4
      vertex -96.8 -78 26.4
    endloop
  endfacet
  facet normal 1 0 0
    outer loop
      vertex -96.8 -71 26.4
      vertex -96.8 71 26.4
      vertex -96.8 -71 29.6
    endloop
  endfacet
  facet normal 1 0 0
    outer loop
      vertex -96.8 -78 1.2
      vertex -96.8 71 26.4
      vertex -96.8 -71 26.4
    endloop
  endfacet
  facet normal 1 0 0
    outer loop
      vertex -96.8 78 1.2
      vertex -96.8 71 26.4
      vertex -96.8 -78 1.2
    endloop
  endfacet
  facet normal 1 -0 0
    outer loop
      vertex -96.8 71 26.4
      vertex -96.8 78 1.2
      vertex -96.8 78 26.4
    endloop
  endfacet
  facet normal 1 0 0
    outer loop
      vertex -96.8 -71 29.6
      vertex -96.8 -78 36
      vertex -96.8 -78 29.6
    endloop
  endfacet
  facet normal 1 0 0
    outer loop
      vertex -96.8 71 29.6
      vertex -96.8 -71 29.6
      vertex -96.8 71 26.4
    endloop
  endfacet
  facet normal 1 0 -0
    outer loop
      vertex -96.8 -71 29.6
      vertex -96.8 71 29.6
      vertex -96.8 -78 36
    endloop
  endfacet
  facet normal 1 0 0
    outer loop
      vertex -96.8 78 36
      vertex -96.8 71 29.6
      vertex -96.8 78 29.6
    endloop
  endfacet
  facet normal 1 0 -0
    outer loop
      vertex -96.8 71 29.6
      vertex -96.8 78 36
      vertex -96.8 -78 36
    endloop
  endfacet
  facet normal -1 -0 0
    outer loop
      vertex -96.8 79 29.6
      vertex -96.8 78 26.4
      vertex -96.8 78 29.6
    endloop
  endfacet
  facet normal -1 0 0
    outer loop
      vertex -96.8 78 26.4
      vertex -96.8 79 29.6
      vertex -96.8 79 26.4
    endloop
  endfacet
  facet normal -1 -0 0
    outer loop
      vertex -96.8 -78 29.6
      vertex -96.8 -79 26.4
      vertex -96.8 -79 29.6
    endloop
  endfacet
  facet normal -1 0 0
    outer loop
      vertex -96.8 -79 26.4
      vertex -96.8 -78 29.6
      vertex -96.8 -78 26.4
    endloop
  endfacet
  facet normal 0 1 0
    outer loop
      vertex -97.2 71 29.6
      vertex -96.8 71 26.4
      vertex -97.2 71 26.4
    endloop
  endfacet
  facet normal 0 1 -0
    outer loop
      vertex -96.8 71 26.4
      vertex -97.2 71 29.6
      vertex -96.8 71 29.6
    endloop
  endfacet
  facet normal 0 0 -1
    outer loop
      vertex -97.2 71 29.6
      vertex -96.8 78 29.6
      vertex -96.8 71 29.6
    endloop
  endfacet
  facet normal 0 0 -1
    outer loop
      vertex -97.2 79 29.6
      vertex -96.8 78 29.6
      vertex -97.2 71 29.6
    endloop
  endfacet
  facet normal 0 0 -1
    outer loop
      vertex -96.8 78 29.6
      vertex -97.2 79 29.6
      vertex -96.8 79 29.6
    endloop
  endfacet
  facet normal 0 -1 -0
    outer loop
      vertex -96.8 79 29.6
      vertex -97.2 79 26.4
      vertex -96.8 79 26.4
    endloop
  endfacet
  facet normal 0 -1 0
    outer loop
      vertex -97.2 79 26.4
      vertex -96.8 79 29.6
      vertex -97.2 79 29.6
    endloop
  endfacet
  facet normal 1 0 0
    outer loop
      vertex -97.2 -71 26.4
      vertex -97.2 -79 29.6
      vertex -97.2 -79 26.4
    endloop
  endfacet
  facet normal 1 -0 0
    outer loop
      vertex -97.2 -79 29.6
      vertex -97.2 -71 26.4
      vertex -97.2 -71 29.6
    endloop
  endfacet
  facet normal -0 0 1
    outer loop
      vertex -97.2 -71 26.4
      vertex -96.8 -78 26.4
      vertex -96.8 -71 26.4
    endloop
  endfacet
  facet normal 0 0 1
    outer loop
      vertex -97.2 -79 26.4
      vertex -96.8 -78 26.4
      vertex -97.2 -71 26.4
    endloop
  endfacet
  facet normal 0 0 1
    outer loop
      vertex -96.8 -78 26.4
      vertex -97.2 -79 26.4
      vertex -96.8 -79 26.4
    endloop
  endfacet
  facet normal 0 1 0
    outer loop
      vertex -97.2 -79 29.6
      vertex -96.8 -79 26.4
      vertex -97.2 -79 26.4
    endloop
  endfacet
  facet normal 0 1 -0
    outer loop
      vertex -96.8 -79 26.4
      vertex -97.2 -79 29.6
      vertex -96.8 -79 29.6
    endloop
  endfacet
  facet normal 0 0 -1
    outer loop
      vertex -97.2 -79 29.6
      vertex -96.8 -78 29.6
      vertex -96.8 -79 29.6
    endloop
  endfacet
  facet normal 0 0 -1
    outer loop
      vertex -97.2 -71 29.6
      vertex -96.8 -78 29.6
      vertex -97.2 -79 29.6
    endloop
  endfacet
  facet normal 0 0 -1
    outer loop
      vertex -96.8 -78 29.6
      vertex -97.2 -71 29.6
      vertex -96.8 -71 29.6
    endloop
  endfacet
  facet normal 0 -1 -0
    outer loop
      vertex -96.8 -71 29.6
      vertex -97.2 -71 26.4
      vertex -96.8 -71 26.4
    endloop
  endfacet
  facet normal 0 -1 0
    outer loop
      vertex -97.2 -71 26.4
      vertex -96.8 -71 29.6
      vertex -97.2 -71 29.6
    endloop
  endfacet
  facet normal -1 0 0
    outer loop
      vertex 96.8 -78 36
      vertex 96.8 -71 29.6
      vertex 96.8 -78 29.6
    endloop
  endfacet
  facet normal -1 0 0
    outer loop
      vertex 96.8 -71 29.6
      vertex 96.8 71 29.6
      vertex 96.8 -71 26.4
    endloop
  endfacet
  facet normal -1 0 0
    outer loop
      vertex 96.8 -78 36
      vertex 96.8 71 29.6
      vertex 96.8 -71 29.6
    endloop
  endfacet
  facet normal -1 -0 0
    outer loop
      vertex 96.8 78 36
      vertex 96.8 71 29.6
      vertex 96.8 -78 36
    endloop
  endfacet
  facet normal -1 0 0
    outer loop
      vertex 96.8 71 29.6
      vertex 96.8 78 36
      vertex 96.8 78 29.6
    endloop
  endfacet
  facet normal -1 -0 0
    outer loop
      vertex 96.8 -71 26.4
      vertex 96.8 -78 1.2
      vertex 96.8 -78 26.4
    endloop
  endfacet
  facet normal -1 0 0
    outer loop
      vertex 96.8 71 26.4
      vertex 96.8 -71 26.4
      vertex 96.8 71 29.6
    endloop
  endfacet
  facet normal -1 0 -0
    outer loop
      vertex 96.8 -71 26.4
      vertex 96.8 71 26.4
      vertex 96.8 -78 1.2
    endloop
  endfacet
  facet normal -1 0 0
    outer loop
      vertex 96.8 78 1.2
      vertex 96.8 71 26.4
      vertex 96.8 78 26.4
    endloop
  endfacet
  facet normal -1 0 -0
    outer loop
      vertex 96.8 71 26.4
      vertex 96.8 78 1.2
      vertex 96.8 -78 1.2
    endloop
  endfacet
  facet normal 1 0 0
    outer loop
      vertex 96.8 79 26.4
      vertex 96.8 78 29.6
      vertex 96.8 78 26.4
    endloop
  endfacet
  facet normal 1 -0 0
    outer loop
      vertex 96.8 78 29.6
      vertex 96.8 79 26.4
      vertex 96.8 79 29.6
    endloop
  endfacet
  facet normal 1 0 0
    outer loop
      vertex 96.8 -78 26.4
      vertex 96.8 -79 29.6
      vertex 96.8 -79 26.4
    endloop
  endfacet
  facet normal 1 -0 0
    outer loop
      vertex 96.8 -79 29.6
      vertex 96.8 -78 26.4
      vertex 96.8 -78 29.6
    endloop
  endfacet
  facet normal 0 0 1
    outer loop
      vertex 96.8 78 26.4
      vertex 97.2 79 26.4
      vertex 96.8 79 26.4
    endloop
  endfacet
  facet normal 0 0 1
    outer loop
      vertex 97.2 79 26.4
      vertex 96.8 78 26.4
      vertex 97.2 71 26.4
    endloop
  endfacet
  facet normal 0 0 1
    outer loop
      vertex 97.2 71 26.4
      vertex 96.8 78 26.4
      vertex 96.8 71 26.4
    endloop
  endfacet
  facet normal -1 -0 0
    outer loop
      vertex 97.2 79 29.6
      vertex 97.2 71 26.4
      vertex 97.2 71 29.6
    endloop
  endfacet
  facet normal -1 0 0
    outer loop
      vertex 97.2 71 26.4
      vertex 97.2 79 29.6
      vertex 97.2 79 26.4
    endloop
  endfacet
  facet normal 0 1 0
    outer loop
      vertex 96.8 71 29.6
      vertex 97.2 71 26.4
      vertex 96.8 71 26.4
    endloop
  endfacet
  facet normal 0 1 -0
    outer loop
      vertex 97.2 71 26.4
      vertex 96.8 71 29.6
      vertex 97.2 71 29.6
    endloop
  endfacet
  facet normal 0 0 -1
    outer loop
      vertex 96.8 78 29.6
      vertex 97.2 71 29.6
      vertex 96.8 71 29.6
    endloop
  endfacet
  facet normal 0 0 -1
    outer loop
      vertex 97.2 71 29.6
      vertex 96.8 78 29.6
      vertex 97.2 79 29.6
    endloop
  endfacet
  facet normal -0 0 -1
    outer loop
      vertex 97.2 79 29.6
      vertex 96.8 78 29.6
      vertex 96.8 79 29.6
    endloop
  endfacet
  facet normal 0 -1 -0
    outer loop
      vertex 97.2 79 29.6
      vertex 96.8 79 26.4
      vertex 97.2 79 26.4
    endloop
  endfacet
  facet normal 0 -1 0
    outer loop
      vertex 96.8 79 26.4
      vertex 97.2 79 29.6
      vertex 96.8 79 29.6
    endloop
  endfacet
  facet normal 0 0 1
    outer loop
      vertex 96.8 -78 26.4
      vertex 97.2 -71 26.4
      vertex 96.8 -71 26.4
    endloop
  endfacet
  facet normal 0 0 1
    outer loop
      vertex 97.2 -71 26.4
      vertex 96.8 -78 26.4
      vertex 97.2 -79 26.4
    endloop
  endfacet
  facet normal 0 0 1
    outer loop
      vertex 97.2 -79 26.4
      vertex 96.8 -78 26.4
      vertex 96.8 -79 26.4
    endloop
  endfacet
  facet normal -1 -0 0
    outer loop
      vertex 97.2 -71 29.6
      vertex 97.2 -79 26.4
      vertex 97.2 -79 29.6
    endloop
  endfacet
  facet normal -1 0 0
    outer loop
      vertex 97.2 -79 26.4
      vertex 97.2 -71 29.6
      vertex 97.2 -71 26.4
    endloop
  endfacet
  facet normal 0 1 0
    outer loop
      vertex 96.8 -79 29.6
      vertex 97.2 -79 26.4
      vertex 96.8 -79 26.4
    endloop
  endfacet
  facet normal 0 1 -0
    outer loop
      vertex 97.2 -79 26.4
      vertex 96.8 -79 29.6
      vertex 97.2 -79 29.6
    endloop
  endfacet
  facet normal 0 0 -1
    outer loop
      vertex 96.8 -78 29.6
      vertex 97.2 -79 29.6
      vertex 96.8 -79 29.6
    endloop
  endfacet
  facet normal 0 0 -1
    outer loop
      vertex 97.2 -79 29.6
      vertex 96.8 -78 29.6
      vertex 97.2 -71 29.6
    endloop
  endfacet
  facet normal -0 0 -1
    outer loop
      vertex 97.2 -71 29.6
      vertex 96.8 -78 29.6
      vertex 96.8 -71 29.6
    endloop
  endfacet
  facet normal 0 -1 -0
    outer loop
      vertex 97.2 -71 29.6
      vertex 96.8 -71 26.4
      vertex 97.2 -71 26.4
    endloop
  endfacet
  facet normal 0 -1 0
    outer loop
      vertex 96.8 -71 26.4
      vertex 97.2 -71 29.6
      vertex 96.8 -71 29.6
    endloop
  endfacet
  facet normal -0.893099 0.44986 0
    outer loop
      vertex -32.8304 -1.02613 1.2
      vertex -32.8834 -1.13135 0
      vertex -32.8834 -1.13135 1.2
    endloop
  endfacet
  facet normal -0.893099 0.44986 0
    outer loop
      vertex -32.8834 -1.13135 0
      vertex -32.8304 -1.02613 1.2
      vertex -32.8304 -1.02613 0
    endloop
  endfacet
  facet normal -0.359946 0.932973 0
    outer loop
      vertex -34.1915 -2.25971 1.2
      vertex -34.0816 -2.21731 0
      vertex -34.1915 -2.25971 0
    endloop
  endfacet
  facet normal -0.359946 0.932973 0
    outer loop
      vertex -34.0816 -2.21731 0
      vertex -34.1915 -2.25971 1.2
      vertex -34.0816 -2.21731 1.2
    endloop
  endfacet
  facet normal 0.40524 0.91421 0
    outer loop
      vertex -36.0261 -2.16957 1.2
      vertex -35.9184 -2.21731 0
      vertex -36.0261 -2.16957 0
    endloop
  endfacet
  facet normal 0.40524 0.91421 -0
    outer loop
      vertex -35.9184 -2.21731 0
      vertex -36.0261 -2.16957 1.2
      vertex -35.9184 -2.21731 1.2
    endloop
  endfacet
  facet normal 0.914322 0.404988 0
    outer loop
      vertex -37.2173 -0.91844 0
      vertex -37.1696 -1.02613 1.2
      vertex -37.1696 -1.02613 0
    endloop
  endfacet
  facet normal 0.914322 0.404988 0
    outer loop
      vertex -37.1696 -1.02613 1.2
      vertex -37.2173 -0.91844 0
      vertex -37.2173 -0.91844 1.2
    endloop
  endfacet
  facet normal -0.534689 0.845049 0
    outer loop
      vertex -33.7662 -2.05855 1.2
      vertex -33.6666 -1.99553 0
      vertex -33.7662 -2.05855 0
    endloop
  endfacet
  facet normal -0.534689 0.845049 0
    outer loop
      vertex -33.6666 -1.99553 0
      vertex -33.7662 -2.05855 1.2
      vertex -33.6666 -1.99553 1.2
    endloop
  endfacet
  facet normal 0.72438 0.689401 0
    outer loop
      vertex -36.7783 -1.61174 0
      vertex -36.6971 -1.69706 1.2
      vertex -36.6971 -1.69706 0
    endloop
  endfacet
  facet normal 0.72438 0.689401 0
    outer loop
      vertex -36.6971 -1.69706 1.2
      vertex -36.7783 -1.61174 0
      vertex -36.7783 -1.61174 1.2
    endloop
  endfacet
  facet normal 0.218987 0.975728 0
    outer loop
      vertex -35.5832 -2.32807 1.2
      vertex -35.4682 -2.35388 0
      vertex -35.5832 -2.32807 0
    endloop
  endfacet
  facet normal 0.218987 0.975728 -0
    outer loop
      vertex -35.4682 -2.35388 0
      vertex -35.5832 -2.32807 1.2
      vertex -35.4682 -2.35388 1.2
    endloop
  endfacet
  facet normal -0.449316 -0.893373 -0
    outer loop
      vertex -33.8686 2.11661 1.2
      vertex -33.9739 2.16957 0
      vertex -33.8686 2.11661 0
    endloop
  endfacet
  facet normal -0.449316 -0.893373 0
    outer loop
      vertex -33.9739 2.16957 0
      vertex -33.8686 2.11661 1.2
      vertex -33.9739 2.16957 1.2
    endloop
  endfacet
  facet normal 0.689151 -0.724618 0
    outer loop
      vertex -36.6117 1.77828 1.2
      vertex -36.6971 1.69706 0
      vertex -36.6117 1.77828 0
    endloop
  endfacet
  facet normal 0.689151 -0.724618 0
    outer loop
      vertex -36.6971 1.69706 0
      vertex -36.6117 1.77828 1.2
      vertex -36.6971 1.69706 1.2
    endloop
  endfacet
  facet normal 0.914322 -0.404988 0
    outer loop
      vertex -37.1696 1.02613 0
      vertex -37.2173 0.91844 1.2
      vertex -37.2173 0.91844 0
    endloop
  endfacet
  facet normal 0.914322 -0.404988 0
    outer loop
      vertex -37.2173 0.91844 1.2
      vertex -37.1696 1.02613 0
      vertex -37.1696 1.02613 1.2
    endloop
  endfacet
  facet normal -0.949405 0.314055 0
    outer loop
      vertex -32.7033 -0.696683 1.2
      vertex -32.7403 -0.808536 0
      vertex -32.7403 -0.808536 1.2
    endloop
  endfacet
  facet normal -0.949405 0.314055 0
    outer loop
      vertex -32.7403 -0.808536 0
      vertex -32.7033 -0.696683 1.2
      vertex -32.7033 -0.696683 0
    endloop
  endfacet
  facet normal -0.817701 0.575643 0
    outer loop
      vertex -33.0045 -1.33337 1.2
      vertex -33.0723 -1.42968 0
      vertex -33.0723 -1.42968 1.2
    endloop
  endfacet
  facet normal -0.817701 0.575643 0
    outer loop
      vertex -33.0723 -1.42968 0
      vertex -33.0045 -1.33337 1.2
      vertex -33.0045 -1.33337 0
    endloop
  endfacet
  facet normal -0.72438 0.689401 0
    outer loop
      vertex -33.2217 -1.61174 1.2
      vertex -33.3029 -1.69706 0
      vertex -33.3029 -1.69706 1.2
    endloop
  endfacet
  facet normal -0.72438 0.689401 0
    outer loop
      vertex -33.3029 -1.69706 0
      vertex -33.2217 -1.61174 1.2
      vertex -33.2217 -1.61174 0
    endloop
  endfacet
  facet normal 0.0245257 0.999699 0
    outer loop
      vertex -35.1178 -2.39711 1.2
      vertex -35 -2.4 0
      vertex -35.1178 -2.39711 0
    endloop
  endfacet
  facet normal 0.0245257 0.999699 -0
    outer loop
      vertex -35 -2.4 0
      vertex -35.1178 -2.39711 1.2
      vertex -35 -2.4 1.2
    endloop
  endfacet
  facet normal -0.171062 0.98526 0
    outer loop
      vertex -34.6478 -2.37402 1.2
      vertex -34.5318 -2.35388 0
      vertex -34.6478 -2.37402 0
    endloop
  endfacet
  facet normal -0.171062 0.98526 0
    outer loop
      vertex -34.5318 -2.35388 0
      vertex -34.6478 -2.37402 1.2
      vertex -34.5318 -2.35388 1.2
    endloop
  endfacet
  facet normal 0.999697 0.0246185 0
    outer loop
      vertex -37.4 0 0
      vertex -37.3971 -0.117762 1.2
      vertex -37.3971 -0.117762 0
    endloop
  endfacet
  facet normal 0.999697 0.0246185 0
    outer loop
      vertex -37.3971 -0.117762 1.2
      vertex -37.4 0 0
      vertex -37.4 0 1.2
    endloop
  endfacet
  facet normal 0.97572 0.219023 0
    outer loop
      vertex -37.3539 -0.468216 0
      vertex -37.3281 -0.583152 1.2
      vertex -37.3281 -0.583152 0
    endloop
  endfacet
  facet normal 0.97572 0.219023 0
    outer loop
      vertex -37.3281 -0.583152 1.2
      vertex -37.3539 -0.468216 0
      vertex -37.3539 -0.468216 1.2
    endloop
  endfacet
  facet normal 0.817701 0.575643 0
    outer loop
      vertex -36.9955 -1.33337 0
      vertex -36.9277 -1.42968 1.2
      vertex -36.9277 -1.42968 0
    endloop
  endfacet
  facet normal 0.817701 0.575643 0
    outer loop
      vertex -36.9277 -1.42968 1.2
      vertex -36.9955 -1.33337 0
      vertex -36.9955 -1.33337 1.2
    endloop
  endfacet
  facet normal 0.534689 0.845049 0
    outer loop
      vertex -36.3334 -1.99553 1.2
      vertex -36.2338 -2.05855 0
      vertex -36.3334 -1.99553 0
    endloop
  endfacet
  facet normal 0.534689 0.845049 -0
    outer loop
      vertex -36.2338 -2.05855 0
      vertex -36.3334 -1.99553 1.2
      vertex -36.2338 -2.05855 1.2
    endloop
  endfacet
  facet normal 0.449316 0.893373 0
    outer loop
      vertex -36.1314 -2.11661 1.2
      vertex -36.0261 -2.16957 0
      vertex -36.1314 -2.11661 0
    endloop
  endfacet
  facet normal 0.449316 0.893373 -0
    outer loop
      vertex -36.0261 -2.16957 0
      vertex -36.1314 -2.11661 1.2
      vertex -36.0261 -2.16957 1.2
    endloop
  endfacet
  facet normal -0.999697 0.0246185 0
    outer loop
      vertex -32.6 0 1.2
      vertex -32.6029 -0.117762 0
      vertex -32.6029 -0.117762 1.2
    endloop
  endfacet
  facet normal -0.999697 0.0246185 0
    outer loop
      vertex -32.6029 -0.117762 0
      vertex -32.6 0 1.2
      vertex -32.6 0 0
    endloop
  endfacet
  facet normal -0.949405 -0.314055 0
    outer loop
      vertex -32.7403 0.808536 1.2
      vertex -32.7033 0.696683 0
      vertex -32.7033 0.696683 1.2
    endloop
  endfacet
  facet normal -0.949405 -0.314055 0
    outer loop
      vertex -32.7033 0.696683 0
      vertex -32.7403 0.808536 1.2
      vertex -32.7403 0.808536 0
    endloop
  endfacet
  facet normal 0.97572 -0.219023 0
    outer loop
      vertex -37.3281 0.583152 0
      vertex -37.3539 0.468216 1.2
      vertex -37.3539 0.468216 0
    endloop
  endfacet
  facet normal 0.97572 -0.219023 0
    outer loop
      vertex -37.3539 0.468216 1.2
      vertex -37.3281 0.583152 0
      vertex -37.3281 0.583152 1.2
    endloop
  endfacet
  facet normal -0.0736495 -0.997284 -0
    outer loop
      vertex -34.7648 2.38844 1.2
      vertex -34.8822 2.39711 0
      vertex -34.7648 2.38844 0
    endloop
  endfacet
  facet normal -0.0736495 -0.997284 0
    outer loop
      vertex -34.8822 2.39711 0
      vertex -34.7648 2.38844 1.2
      vertex -34.8822 2.39711 1.2
    endloop
  endfacet
  facet normal -0.171062 -0.98526 -0
    outer loop
      vertex -34.5318 2.35388 1.2
      vertex -34.6478 2.37402 0
      vertex -34.5318 2.35388 0
    endloop
  endfacet
  facet normal -0.171062 -0.98526 0
    outer loop
      vertex -34.6478 2.37402 0
      vertex -34.5318 2.35388 1.2
      vertex -34.6478 2.37402 1.2
    endloop
  endfacet
  facet normal -0.997269 0.0738535 0
    outer loop
      vertex -32.6029 -0.117762 1.2
      vertex -32.6116 -0.235241 0
      vertex -32.6116 -0.235241 1.2
    endloop
  endfacet
  facet normal -0.997269 0.0738535 0
    outer loop
      vertex -32.6116 -0.235241 0
      vertex -32.6029 -0.117762 1.2
      vertex -32.6029 -0.117762 0
    endloop
  endfacet
  facet normal -0.914322 0.404988 0
    outer loop
      vertex -32.7827 -0.91844 1.2
      vertex -32.8304 -1.02613 0
      vertex -32.8304 -1.02613 1.2
    endloop
  endfacet
  facet normal -0.914322 0.404988 0
    outer loop
      vertex -32.8304 -1.02613 0
      vertex -32.7827 -0.91844 1.2
      vertex -32.7827 -0.91844 0
    endloop
  endfacet
  facet normal -0.97572 0.219023 0
    outer loop
      vertex -32.6461 -0.468216 1.2
      vertex -32.6719 -0.583152 0
      vertex -32.6719 -0.583152 1.2
    endloop
  endfacet
  facet normal -0.97572 0.219023 0
    outer loop
      vertex -32.6719 -0.583152 0
      vertex -32.6461 -0.468216 1.2
      vertex -32.6461 -0.468216 0
    endloop
  endfacet
  facet normal -0.869962 0.49312 0
    outer loop
      vertex -32.8834 -1.13135 1.2
      vertex -32.9415 -1.23385 0
      vertex -32.9415 -1.23385 1.2
    endloop
  endfacet
  facet normal -0.869962 0.49312 0
    outer loop
      vertex -32.9415 -1.23385 0
      vertex -32.8834 -1.13135 1.2
      vertex -32.8834 -1.13135 0
    endloop
  endfacet
  facet normal -0.689151 0.724618 0
    outer loop
      vertex -33.3883 -1.77828 1.2
      vertex -33.3029 -1.69706 0
      vertex -33.3883 -1.77828 0
    endloop
  endfacet
  facet normal -0.689151 0.724618 0
    outer loop
      vertex -33.3029 -1.69706 0
      vertex -33.3883 -1.77828 1.2
      vertex -33.3029 -1.69706 1.2
    endloop
  endfacet
  facet normal -0.844932 0.534874 0
    outer loop
      vertex -32.9415 -1.23385 1.2
      vertex -33.0045 -1.33337 0
      vertex -33.0045 -1.33337 1.2
    endloop
  endfacet
  facet normal -0.844932 0.534874 0
    outer loop
      vertex -33.0045 -1.33337 0
      vertex -32.9415 -1.23385 1.2
      vertex -32.9415 -1.23385 0
    endloop
  endfacet
  facet normal -0.788217 0.615397 0
    outer loop
      vertex -33.0723 -1.42968 1.2
      vertex -33.1448 -1.52254 0
      vertex -33.1448 -1.52254 1.2
    endloop
  endfacet
  facet normal -0.788217 0.615397 0
    outer loop
      vertex -33.1448 -1.52254 0
      vertex -33.0723 -1.42968 1.2
      vertex -33.0723 -1.42968 0
    endloop
  endfacet
  facet normal -0.757395 0.652956 0
    outer loop
      vertex -33.1448 -1.52254 1.2
      vertex -33.2217 -1.61174 0
      vertex -33.2217 -1.61174 1.2
    endloop
  endfacet
  facet normal -0.757395 0.652956 0
    outer loop
      vertex -33.2217 -1.61174 0
      vertex -33.1448 -1.52254 1.2
      vertex -33.1448 -1.52254 0
    endloop
  endfacet
  facet normal -0.0736495 0.997284 0
    outer loop
      vertex -34.8822 -2.39711 1.2
      vertex -34.7648 -2.38844 0
      vertex -34.8822 -2.39711 0
    endloop
  endfacet
  facet normal -0.0736495 0.997284 0
    outer loop
      vertex -34.7648 -2.38844 0
      vertex -34.8822 -2.39711 1.2
      vertex -34.7648 -2.38844 1.2
    endloop
  endfacet
  facet normal -0.266715 0.963775 0
    outer loop
      vertex -34.4168 -2.32807 1.2
      vertex -34.3033 -2.29666 0
      vertex -34.4168 -2.32807 0
    endloop
  endfacet
  facet normal -0.266715 0.963775 0
    outer loop
      vertex -34.3033 -2.29666 0
      vertex -34.4168 -2.32807 1.2
      vertex -34.3033 -2.29666 1.2
    endloop
  endfacet
  facet normal -0.313806 0.949487 0
    outer loop
      vertex -34.3033 -2.29666 1.2
      vertex -34.1915 -2.25971 0
      vertex -34.3033 -2.29666 0
    endloop
  endfacet
  facet normal -0.313806 0.949487 0
    outer loop
      vertex -34.1915 -2.25971 0
      vertex -34.3033 -2.29666 1.2
      vertex -34.1915 -2.25971 1.2
    endloop
  endfacet
  facet normal -0.122322 0.99249 0
    outer loop
      vertex -34.7648 -2.38844 1.2
      vertex -34.6478 -2.37402 0
      vertex -34.7648 -2.38844 0
    endloop
  endfacet
  facet normal -0.122322 0.99249 0
    outer loop
      vertex -34.6478 -2.37402 0
      vertex -34.7648 -2.38844 1.2
      vertex -34.6478 -2.37402 1.2
    endloop
  endfacet
  facet normal -0.0245257 0.999699 0
    outer loop
      vertex -35 -2.4 1.2
      vertex -34.8822 -2.39711 0
      vertex -35 -2.4 0
    endloop
  endfacet
  facet normal -0.0245257 0.999699 0
    outer loop
      vertex -34.8822 -2.39711 0
      vertex -35 -2.4 1.2
      vertex -34.8822 -2.39711 1.2
    endloop
  endfacet
  facet normal -0.218987 0.975728 0
    outer loop
      vertex -34.5318 -2.35388 1.2
      vertex -34.4168 -2.32807 0
      vertex -34.5318 -2.35388 0
    endloop
  endfacet
  facet normal -0.218987 0.975728 0
    outer loop
      vertex -34.4168 -2.32807 0
      vertex -34.5318 -2.35388 1.2
      vertex -34.4168 -2.32807 1.2
    endloop
  endfacet
  facet normal -0.449316 0.893373 0
    outer loop
      vertex -33.9739 -2.16957 1.2
      vertex -33.8686 -2.11661 0
      vertex -33.9739 -2.16957 0
    endloop
  endfacet
  facet normal -0.449316 0.893373 0
    outer loop
      vertex -33.8686 -2.11661 0
      vertex -33.9739 -2.16957 1.2
      vertex -33.8686 -2.11661 1.2
    endloop
  endfacet
  facet normal -0.493227 0.869901 0
    outer loop
      vertex -33.8686 -2.11661 1.2
      vertex -33.7662 -2.05855 0
      vertex -33.8686 -2.11661 0
    endloop
  endfacet
  facet normal -0.493227 0.869901 0
    outer loop
      vertex -33.7662 -2.05855 0
      vertex -33.8686 -2.11661 1.2
      vertex -33.7662 -2.05855 1.2
    endloop
  endfacet
  facet normal -0.40524 0.91421 0
    outer loop
      vertex -34.0816 -2.21731 1.2
      vertex -33.9739 -2.16957 0
      vertex -34.0816 -2.21731 0
    endloop
  endfacet
  facet normal -0.40524 0.91421 0
    outer loop
      vertex -33.9739 -2.16957 0
      vertex -34.0816 -2.21731 1.2
      vertex -33.9739 -2.16957 1.2
    endloop
  endfacet
  facet normal -0.653151 0.757228 0
    outer loop
      vertex -33.4775 -1.85522 1.2
      vertex -33.3883 -1.77828 0
      vertex -33.4775 -1.85522 0
    endloop
  endfacet
  facet normal -0.653151 0.757228 0
    outer loop
      vertex -33.3883 -1.77828 0
      vertex -33.4775 -1.85522 1.2
      vertex -33.3883 -1.77828 1.2
    endloop
  endfacet
  facet normal -0.615539 0.788107 0
    outer loop
      vertex -33.5703 -1.9277 1.2
      vertex -33.4775 -1.85522 0
      vertex -33.5703 -1.9277 0
    endloop
  endfacet
  facet normal -0.615539 0.788107 0
    outer loop
      vertex -33.4775 -1.85522 0
      vertex -33.5703 -1.9277 1.2
      vertex -33.4775 -1.85522 1.2
    endloop
  endfacet
  facet normal 0.949405 0.314055 0
    outer loop
      vertex -37.2967 -0.696683 0
      vertex -37.2597 -0.808536 1.2
      vertex -37.2597 -0.808536 0
    endloop
  endfacet
  facet normal 0.949405 0.314055 0
    outer loop
      vertex -37.2597 -0.808536 1.2
      vertex -37.2967 -0.696683 0
      vertex -37.2967 -0.696683 1.2
    endloop
  endfacet
  facet normal 0.932978 0.359935 0
    outer loop
      vertex -37.2597 -0.808536 0
      vertex -37.2173 -0.91844 1.2
      vertex -37.2173 -0.91844 0
    endloop
  endfacet
  facet normal 0.932978 0.359935 0
    outer loop
      vertex -37.2173 -0.91844 1.2
      vertex -37.2597 -0.808536 0
      vertex -37.2597 -0.808536 1.2
    endloop
  endfacet
  facet normal 0.9925 0.122246 0
    outer loop
      vertex -37.3884 -0.235241 0
      vertex -37.374 -0.352153 1.2
      vertex -37.374 -0.352153 0
    endloop
  endfacet
  facet normal 0.9925 0.122246 0
    outer loop
      vertex -37.374 -0.352153 1.2
      vertex -37.3884 -0.235241 0
      vertex -37.3884 -0.235241 1.2
    endloop
  endfacet
  facet normal 0.963816 0.266569 0
    outer loop
      vertex -37.3281 -0.583152 0
      vertex -37.2967 -0.696683 1.2
      vertex -37.2967 -0.696683 0
    endloop
  endfacet
  facet normal 0.963816 0.266569 0
    outer loop
      vertex -37.2967 -0.696683 1.2
      vertex -37.3281 -0.583152 0
      vertex -37.3281 -0.583152 1.2
    endloop
  endfacet
  facet normal 0.869962 0.49312 0
    outer loop
      vertex -37.1166 -1.13135 0
      vertex -37.0585 -1.23385 1.2
      vertex -37.0585 -1.23385 0
    endloop
  endfacet
  facet normal 0.869962 0.49312 0
    outer loop
      vertex -37.0585 -1.23385 1.2
      vertex -37.1166 -1.13135 0
      vertex -37.1166 -1.13135 1.2
    endloop
  endfacet
  facet normal 0.893099 0.44986 0
    outer loop
      vertex -37.1696 -1.02613 0
      vertex -37.1166 -1.13135 1.2
      vertex -37.1166 -1.13135 0
    endloop
  endfacet
  facet normal 0.893099 0.44986 0
    outer loop
      vertex -37.1166 -1.13135 1.2
      vertex -37.1696 -1.02613 0
      vertex -37.1696 -1.02613 1.2
    endloop
  endfacet
  facet normal 0.757395 0.652956 0
    outer loop
      vertex -36.8552 -1.52254 0
      vertex -36.7783 -1.61174 1.2
      vertex -36.7783 -1.61174 0
    endloop
  endfacet
  facet normal 0.757395 0.652956 0
    outer loop
      vertex -36.7783 -1.61174 1.2
      vertex -36.8552 -1.52254 0
      vertex -36.8552 -1.52254 1.2
    endloop
  endfacet
  facet normal 0.313806 0.949487 0
    outer loop
      vertex -35.8085 -2.25971 1.2
      vertex -35.6967 -2.29666 0
      vertex -35.8085 -2.25971 0
    endloop
  endfacet
  facet normal 0.313806 0.949487 -0
    outer loop
      vertex -35.6967 -2.29666 0
      vertex -35.8085 -2.25971 1.2
      vertex -35.6967 -2.29666 1.2
    endloop
  endfacet
  facet normal 0.359946 0.932973 0
    outer loop
      vertex -35.9184 -2.21731 1.2
      vertex -35.8085 -2.25971 0
      vertex -35.9184 -2.21731 0
    endloop
  endfacet
  facet normal 0.359946 0.932973 -0
    outer loop
      vertex -35.8085 -2.25971 0
      vertex -35.9184 -2.21731 1.2
      vertex -35.8085 -2.25971 1.2
    endloop
  endfacet
  facet normal 0.0736495 0.997284 0
    outer loop
      vertex -35.2352 -2.38844 1.2
      vertex -35.1178 -2.39711 0
      vertex -35.2352 -2.38844 0
    endloop
  endfacet
  facet normal 0.0736495 0.997284 -0
    outer loop
      vertex -35.1178 -2.39711 0
      vertex -35.2352 -2.38844 1.2
      vertex -35.1178 -2.39711 1.2
    endloop
  endfacet
  facet normal 0.122322 0.99249 0
    outer loop
      vertex -35.3522 -2.37402 1.2
      vertex -35.2352 -2.38844 0
      vertex -35.3522 -2.37402 0
    endloop
  endfacet
  facet normal 0.122322 0.99249 -0
    outer loop
      vertex -35.2352 -2.38844 0
      vertex -35.3522 -2.37402 1.2
      vertex -35.2352 -2.38844 1.2
    endloop
  endfacet
  facet normal 0.493227 0.869901 0
    outer loop
      vertex -36.2338 -2.05855 1.2
      vertex -36.1314 -2.11661 0
      vertex -36.2338 -2.05855 0
    endloop
  endfacet
  facet normal 0.493227 0.869901 -0
    outer loop
      vertex -36.1314 -2.11661 0
      vertex -36.2338 -2.05855 1.2
      vertex -36.1314 -2.11661 1.2
    endloop
  endfacet
  facet normal 0.615539 0.788107 0
    outer loop
      vertex -36.5225 -1.85522 1.2
      vertex -36.4297 -1.9277 0
      vertex -36.5225 -1.85522 0
    endloop
  endfacet
  facet normal 0.615539 0.788107 -0
    outer loop
      vertex -36.4297 -1.9277 0
      vertex -36.5225 -1.85522 1.2
      vertex -36.4297 -1.9277 1.2
    endloop
  endfacet
  facet normal 0.653151 0.757228 0
    outer loop
      vertex -36.6117 -1.77828 1.2
      vertex -36.5225 -1.85522 0
      vertex -36.6117 -1.77828 0
    endloop
  endfacet
  facet normal 0.653151 0.757228 -0
    outer loop
      vertex -36.5225 -1.85522 0
      vertex -36.6117 -1.77828 1.2
      vertex -36.5225 -1.85522 1.2
    endloop
  endfacet
  facet normal 0.575853 0.817553 0
    outer loop
      vertex -36.4297 -1.9277 1.2
      vertex -36.3334 -1.99553 0
      vertex -36.4297 -1.9277 0
    endloop
  endfacet
  facet normal 0.575853 0.817553 -0
    outer loop
      vertex -36.3334 -1.99553 0
      vertex -36.4297 -1.9277 1.2
      vertex -36.3334 -1.99553 1.2
    endloop
  endfacet
  facet normal 0.689151 0.724618 0
    outer loop
      vertex -36.6971 -1.69706 1.2
      vertex -36.6117 -1.77828 0
      vertex -36.6971 -1.69706 0
    endloop
  endfacet
  facet normal 0.689151 0.724618 -0
    outer loop
      vertex -36.6117 -1.77828 0
      vertex -36.6971 -1.69706 1.2
      vertex -36.6117 -1.77828 1.2
    endloop
  endfacet
  facet normal -0.9925 -0.122246 0
    outer loop
      vertex -32.626 0.352153 1.2
      vertex -32.6116 0.235241 0
      vertex -32.6116 0.235241 1.2
    endloop
  endfacet
  facet normal -0.9925 -0.122246 0
    outer loop
      vertex -32.6116 0.235241 0
      vertex -32.626 0.352153 1.2
      vertex -32.626 0.352153 0
    endloop
  endfacet
  facet normal -0.932978 -0.359935 0
    outer loop
      vertex -32.7827 0.91844 1.2
      vertex -32.7403 0.808536 0
      vertex -32.7403 0.808536 1.2
    endloop
  endfacet
  facet normal -0.932978 -0.359935 0
    outer loop
      vertex -32.7403 0.808536 0
      vertex -32.7827 0.91844 1.2
      vertex -32.7827 0.91844 0
    endloop
  endfacet
  facet normal 0.0245257 -0.999699 0
    outer loop
      vertex -35 2.4 1.2
      vertex -35.1178 2.39711 0
      vertex -35 2.4 0
    endloop
  endfacet
  facet normal 0.0245257 -0.999699 0
    outer loop
      vertex -35.1178 2.39711 0
      vertex -35 2.4 1.2
      vertex -35.1178 2.39711 1.2
    endloop
  endfacet
  facet normal 0.9925 -0.122246 0
    outer loop
      vertex -37.374 0.352153 0
      vertex -37.3884 0.235241 1.2
      vertex -37.3884 0.235241 0
    endloop
  endfacet
  facet normal 0.9925 -0.122246 0
    outer loop
      vertex -37.3884 0.235241 1.2
      vertex -37.374 0.352153 0
      vertex -37.374 0.352153 1.2
    endloop
  endfacet
  facet normal 0.757395 -0.652956 0
    outer loop
      vertex -36.7783 1.61174 0
      vertex -36.8552 1.52254 1.2
      vertex -36.8552 1.52254 0
    endloop
  endfacet
  facet normal 0.757395 -0.652956 0
    outer loop
      vertex -36.8552 1.52254 1.2
      vertex -36.7783 1.61174 0
      vertex -36.7783 1.61174 1.2
    endloop
  endfacet
  facet normal -0.359946 -0.932973 -0
    outer loop
      vertex -34.0816 2.21731 1.2
      vertex -34.1915 2.25971 0
      vertex -34.0816 2.21731 0
    endloop
  endfacet
  facet normal -0.359946 -0.932973 0
    outer loop
      vertex -34.1915 2.25971 0
      vertex -34.0816 2.21731 1.2
      vertex -34.1915 2.25971 1.2
    endloop
  endfacet
  facet normal -0.40524 -0.91421 -0
    outer loop
      vertex -33.9739 2.16957 1.2
      vertex -34.0816 2.21731 0
      vertex -33.9739 2.16957 0
    endloop
  endfacet
  facet normal -0.40524 -0.91421 0
    outer loop
      vertex -34.0816 2.21731 0
      vertex -33.9739 2.16957 1.2
      vertex -34.0816 2.21731 1.2
    endloop
  endfacet
  facet normal -0.963816 0.266569 0
    outer loop
      vertex -32.6719 -0.583152 1.2
      vertex -32.7033 -0.696683 0
      vertex -32.7033 -0.696683 1.2
    endloop
  endfacet
  facet normal -0.963816 0.266569 0
    outer loop
      vertex -32.7033 -0.696683 0
      vertex -32.6719 -0.583152 1.2
      vertex -32.6719 -0.583152 0
    endloop
  endfacet
  facet normal -0.932978 0.359935 0
    outer loop
      vertex -32.7403 -0.808536 1.2
      vertex -32.7827 -0.91844 0
      vertex -32.7827 -0.91844 1.2
    endloop
  endfacet
  facet normal -0.932978 0.359935 0
    outer loop
      vertex -32.7827 -0.91844 0
      vertex -32.7403 -0.808536 1.2
      vertex -32.7403 -0.808536 0
    endloop
  endfacet
  facet normal -0.9925 0.122246 0
    outer loop
      vertex -32.6116 -0.235241 1.2
      vertex -32.626 -0.352153 0
      vertex -32.626 -0.352153 1.2
    endloop
  endfacet
  facet normal -0.9925 0.122246 0
    outer loop
      vertex -32.626 -0.352153 0
      vertex -32.6116 -0.235241 1.2
      vertex -32.6116 -0.235241 0
    endloop
  endfacet
  facet normal -0.985333 0.170642 0
    outer loop
      vertex -32.626 -0.352153 1.2
      vertex -32.6461 -0.468216 0
      vertex -32.6461 -0.468216 1.2
    endloop
  endfacet
  facet normal -0.985333 0.170642 0
    outer loop
      vertex -32.6461 -0.468216 0
      vertex -32.626 -0.352153 1.2
      vertex -32.626 -0.352153 0
    endloop
  endfacet
  facet normal -0.575853 0.817553 0
    outer loop
      vertex -33.6666 -1.99553 1.2
      vertex -33.5703 -1.9277 0
      vertex -33.6666 -1.99553 0
    endloop
  endfacet
  facet normal -0.575853 0.817553 0
    outer loop
      vertex -33.5703 -1.9277 0
      vertex -33.6666 -1.99553 1.2
      vertex -33.5703 -1.9277 1.2
    endloop
  endfacet
  facet normal 0.997269 0.0738535 0
    outer loop
      vertex -37.3971 -0.117762 0
      vertex -37.3884 -0.235241 1.2
      vertex -37.3884 -0.235241 0
    endloop
  endfacet
  facet normal 0.997269 0.0738535 0
    outer loop
      vertex -37.3884 -0.235241 1.2
      vertex -37.3971 -0.117762 0
      vertex -37.3971 -0.117762 1.2
    endloop
  endfacet
  facet normal 0.985333 0.170642 0
    outer loop
      vertex -37.374 -0.352153 0
      vertex -37.3539 -0.468216 1.2
      vertex -37.3539 -0.468216 0
    endloop
  endfacet
  facet normal 0.985333 0.170642 0
    outer loop
      vertex -37.3539 -0.468216 1.2
      vertex -37.374 -0.352153 0
      vertex -37.374 -0.352153 1.2
    endloop
  endfacet
  facet normal 0.844932 0.534874 0
    outer loop
      vertex -37.0585 -1.23385 0
      vertex -36.9955 -1.33337 1.2
      vertex -36.9955 -1.33337 0
    endloop
  endfacet
  facet normal 0.844932 0.534874 0
    outer loop
      vertex -36.9955 -1.33337 1.2
      vertex -37.0585 -1.23385 0
      vertex -37.0585 -1.23385 1.2
    endloop
  endfacet
  facet normal 0.788217 0.615397 0
    outer loop
      vertex -36.9277 -1.42968 0
      vertex -36.8552 -1.52254 1.2
      vertex -36.8552 -1.52254 0
    endloop
  endfacet
  facet normal 0.788217 0.615397 0
    outer loop
      vertex -36.8552 -1.52254 1.2
      vertex -36.9277 -1.42968 0
      vertex -36.9277 -1.42968 1.2
    endloop
  endfacet
  facet normal 0.266715 0.963775 0
    outer loop
      vertex -35.6967 -2.29666 1.2
      vertex -35.5832 -2.32807 0
      vertex -35.6967 -2.29666 0
    endloop
  endfacet
  facet normal 0.266715 0.963775 -0
    outer loop
      vertex -35.5832 -2.32807 0
      vertex -35.6967 -2.29666 1.2
      vertex -35.5832 -2.32807 1.2
    endloop
  endfacet
  facet normal 0.171062 0.98526 0
    outer loop
      vertex -35.4682 -2.35388 1.2
      vertex -35.3522 -2.37402 0
      vertex -35.4682 -2.35388 0
    endloop
  endfacet
  facet normal 0.171062 0.98526 -0
    outer loop
      vertex -35.3522 -2.37402 0
      vertex -35.4682 -2.35388 1.2
      vertex -35.3522 -2.37402 1.2
    endloop
  endfacet
  facet normal -0.997269 -0.0738535 0
    outer loop
      vertex -32.6116 0.235241 1.2
      vertex -32.6029 0.117762 0
      vertex -32.6029 0.117762 1.2
    endloop
  endfacet
  facet normal -0.997269 -0.0738535 0
    outer loop
      vertex -32.6029 0.117762 0
      vertex -32.6116 0.235241 1.2
      vertex -32.6116 0.235241 0
    endloop
  endfacet
  facet normal -0.999697 -0.0246185 0
    outer loop
      vertex -32.6029 0.117762 1.2
      vertex -32.6 0 0
      vertex -32.6 0 1.2
    endloop
  endfacet
  facet normal -0.999697 -0.0246185 0
    outer loop
      vertex -32.6 0 0
      vertex -32.6029 0.117762 1.2
      vertex -32.6029 0.117762 0
    endloop
  endfacet
  facet normal -0.97572 -0.219023 0
    outer loop
      vertex -32.6719 0.583152 1.2
      vertex -32.6461 0.468216 0
      vertex -32.6461 0.468216 1.2
    endloop
  endfacet
  facet normal -0.97572 -0.219023 0
    outer loop
      vertex -32.6461 0.468216 0
      vertex -32.6719 0.583152 1.2
      vertex -32.6719 0.583152 0
    endloop
  endfacet
  facet normal -0.963816 -0.266569 0
    outer loop
      vertex -32.7033 0.696683 1.2
      vertex -32.6719 0.583152 0
      vertex -32.6719 0.583152 1.2
    endloop
  endfacet
  facet normal -0.963816 -0.266569 0
    outer loop
      vertex -32.6719 0.583152 0
      vertex -32.7033 0.696683 1.2
      vertex -32.7033 0.696683 0
    endloop
  endfacet
  facet normal -0.869962 -0.49312 0
    outer loop
      vertex -32.9415 1.23385 1.2
      vertex -32.8834 1.13135 0
      vertex -32.8834 1.13135 1.2
    endloop
  endfacet
  facet normal -0.869962 -0.49312 0
    outer loop
      vertex -32.8834 1.13135 0
      vertex -32.9415 1.23385 1.2
      vertex -32.9415 1.23385 0
    endloop
  endfacet
  facet normal -0.914322 -0.404988 0
    outer loop
      vertex -32.8304 1.02613 1.2
      vertex -32.7827 0.91844 0
      vertex -32.7827 0.91844 1.2
    endloop
  endfacet
  facet normal -0.914322 -0.404988 0
    outer loop
      vertex -32.7827 0.91844 0
      vertex -32.8304 1.02613 1.2
      vertex -32.8304 1.02613 0
    endloop
  endfacet
  facet normal -0.757395 -0.652956 0
    outer loop
      vertex -33.2217 1.61174 1.2
      vertex -33.1448 1.52254 0
      vertex -33.1448 1.52254 1.2
    endloop
  endfacet
  facet normal -0.757395 -0.652956 0
    outer loop
      vertex -33.1448 1.52254 0
      vertex -33.2217 1.61174 1.2
      vertex -33.2217 1.61174 0
    endloop
  endfacet
  facet normal 0.313806 -0.949487 0
    outer loop
      vertex -35.6967 2.29666 1.2
      vertex -35.8085 2.25971 0
      vertex -35.6967 2.29666 0
    endloop
  endfacet
  facet normal 0.313806 -0.949487 0
    outer loop
      vertex -35.8085 2.25971 0
      vertex -35.6967 2.29666 1.2
      vertex -35.8085 2.25971 1.2
    endloop
  endfacet
  facet normal 0.999697 -0.0246185 0
    outer loop
      vertex -37.3971 0.117762 0
      vertex -37.4 0 1.2
      vertex -37.4 0 0
    endloop
  endfacet
  facet normal 0.999697 -0.0246185 0
    outer loop
      vertex -37.4 0 1.2
      vertex -37.3971 0.117762 0
      vertex -37.3971 0.117762 1.2
    endloop
  endfacet
  facet normal 0.985333 -0.170642 0
    outer loop
      vertex -37.3539 0.468216 0
      vertex -37.374 0.352153 1.2
      vertex -37.374 0.352153 0
    endloop
  endfacet
  facet normal 0.985333 -0.170642 0
    outer loop
      vertex -37.374 0.352153 1.2
      vertex -37.3539 0.468216 0
      vertex -37.3539 0.468216 1.2
    endloop
  endfacet
  facet normal 0.949405 -0.314055 0
    outer loop
      vertex -37.2597 0.808536 0
      vertex -37.2967 0.696683 1.2
      vertex -37.2967 0.696683 0
    endloop
  endfacet
  facet normal 0.949405 -0.314055 0
    outer loop
      vertex -37.2967 0.696683 1.2
      vertex -37.2597 0.808536 0
      vertex -37.2597 0.808536 1.2
    endloop
  endfacet
  facet normal 0.844932 -0.534874 0
    outer loop
      vertex -36.9955 1.33337 0
      vertex -37.0585 1.23385 1.2
      vertex -37.0585 1.23385 0
    endloop
  endfacet
  facet normal 0.844932 -0.534874 0
    outer loop
      vertex -37.0585 1.23385 1.2
      vertex -36.9955 1.33337 0
      vertex -36.9955 1.33337 1.2
    endloop
  endfacet
  facet normal 0.869962 -0.49312 0
    outer loop
      vertex -37.0585 1.23385 0
      vertex -37.1166 1.13135 1.2
      vertex -37.1166 1.13135 0
    endloop
  endfacet
  facet normal 0.869962 -0.49312 0
    outer loop
      vertex -37.1166 1.13135 1.2
      vertex -37.0585 1.23385 0
      vertex -37.0585 1.23385 1.2
    endloop
  endfacet
  facet normal 0.817701 -0.575643 0
    outer loop
      vertex -36.9277 1.42968 0
      vertex -36.9955 1.33337 1.2
      vertex -36.9955 1.33337 0
    endloop
  endfacet
  facet normal 0.817701 -0.575643 0
    outer loop
      vertex -36.9955 1.33337 1.2
      vertex -36.9277 1.42968 0
      vertex -36.9277 1.42968 1.2
    endloop
  endfacet
  facet normal 0.72438 -0.689401 0
    outer loop
      vertex -36.6971 1.69706 0
      vertex -36.7783 1.61174 1.2
      vertex -36.7783 1.61174 0
    endloop
  endfacet
  facet normal 0.72438 -0.689401 0
    outer loop
      vertex -36.7783 1.61174 1.2
      vertex -36.6971 1.69706 0
      vertex -36.6971 1.69706 1.2
    endloop
  endfacet
  facet normal -0.218987 -0.975728 -0
    outer loop
      vertex -34.4168 2.32807 1.2
      vertex -34.5318 2.35388 0
      vertex -34.4168 2.32807 0
    endloop
  endfacet
  facet normal -0.218987 -0.975728 0
    outer loop
      vertex -34.5318 2.35388 0
      vertex -34.4168 2.32807 1.2
      vertex -34.5318 2.35388 1.2
    endloop
  endfacet
  facet normal -0.985333 -0.170642 0
    outer loop
      vertex -32.6461 0.468216 1.2
      vertex -32.626 0.352153 0
      vertex -32.626 0.352153 1.2
    endloop
  endfacet
  facet normal -0.985333 -0.170642 0
    outer loop
      vertex -32.626 0.352153 0
      vertex -32.6461 0.468216 1.2
      vertex -32.6461 0.468216 0
    endloop
  endfacet
  facet normal -0.893099 -0.44986 0
    outer loop
      vertex -32.8834 1.13135 1.2
      vertex -32.8304 1.02613 0
      vertex -32.8304 1.02613 1.2
    endloop
  endfacet
  facet normal -0.893099 -0.44986 0
    outer loop
      vertex -32.8304 1.02613 0
      vertex -32.8834 1.13135 1.2
      vertex -32.8834 1.13135 0
    endloop
  endfacet
  facet normal -0.689151 -0.724618 -0
    outer loop
      vertex -33.3029 1.69706 1.2
      vertex -33.3883 1.77828 0
      vertex -33.3029 1.69706 0
    endloop
  endfacet
  facet normal -0.689151 -0.724618 0
    outer loop
      vertex -33.3883 1.77828 0
      vertex -33.3029 1.69706 1.2
      vertex -33.3883 1.77828 1.2
    endloop
  endfacet
  facet normal -0.788217 -0.615397 0
    outer loop
      vertex -33.1448 1.52254 1.2
      vertex -33.0723 1.42968 0
      vertex -33.0723 1.42968 1.2
    endloop
  endfacet
  facet normal -0.788217 -0.615397 0
    outer loop
      vertex -33.0723 1.42968 0
      vertex -33.1448 1.52254 1.2
      vertex -33.1448 1.52254 0
    endloop
  endfacet
  facet normal -0.0245257 -0.999699 -0
    outer loop
      vertex -34.8822 2.39711 1.2
      vertex -35 2.4 0
      vertex -34.8822 2.39711 0
    endloop
  endfacet
  facet normal -0.0245257 -0.999699 0
    outer loop
      vertex -35 2.4 0
      vertex -34.8822 2.39711 1.2
      vertex -35 2.4 1.2
    endloop
  endfacet
  facet normal 0.615539 -0.788107 0
    outer loop
      vertex -36.4297 1.9277 1.2
      vertex -36.5225 1.85522 0
      vertex -36.4297 1.9277 0
    endloop
  endfacet
  facet normal 0.615539 -0.788107 0
    outer loop
      vertex -36.5225 1.85522 0
      vertex -36.4297 1.9277 1.2
      vertex -36.5225 1.85522 1.2
    endloop
  endfacet
  facet normal 0.449316 -0.893373 0
    outer loop
      vertex -36.0261 2.16957 1.2
      vertex -36.1314 2.11661 0
      vertex -36.0261 2.16957 0
    endloop
  endfacet
  facet normal 0.449316 -0.893373 0
    outer loop
      vertex -36.1314 2.11661 0
      vertex -36.0261 2.16957 1.2
      vertex -36.1314 2.11661 1.2
    endloop
  endfacet
  facet normal 0.534689 -0.845049 0
    outer loop
      vertex -36.2338 2.05855 1.2
      vertex -36.3334 1.99553 0
      vertex -36.2338 2.05855 0
    endloop
  endfacet
  facet normal 0.534689 -0.845049 0
    outer loop
      vertex -36.3334 1.99553 0
      vertex -36.2338 2.05855 1.2
      vertex -36.3334 1.99553 1.2
    endloop
  endfacet
  facet normal 0.122322 -0.99249 0
    outer loop
      vertex -35.2352 2.38844 1.2
      vertex -35.3522 2.37402 0
      vertex -35.2352 2.38844 0
    endloop
  endfacet
  facet normal 0.122322 -0.99249 0
    outer loop
      vertex -35.3522 2.37402 0
      vertex -35.2352 2.38844 1.2
      vertex -35.3522 2.37402 1.2
    endloop
  endfacet
  facet normal 0.218987 -0.975728 0
    outer loop
      vertex -35.4682 2.35388 1.2
      vertex -35.5832 2.32807 0
      vertex -35.4682 2.35388 0
    endloop
  endfacet
  facet normal 0.218987 -0.975728 0
    outer loop
      vertex -35.5832 2.32807 0
      vertex -35.4682 2.35388 1.2
      vertex -35.5832 2.32807 1.2
    endloop
  endfacet
  facet normal 0.997269 -0.0738535 0
    outer loop
      vertex -37.3884 0.235241 0
      vertex -37.3971 0.117762 1.2
      vertex -37.3971 0.117762 0
    endloop
  endfacet
  facet normal 0.997269 -0.0738535 0
    outer loop
      vertex -37.3971 0.117762 1.2
      vertex -37.3884 0.235241 0
      vertex -37.3884 0.235241 1.2
    endloop
  endfacet
  facet normal 0.932978 -0.359935 0
    outer loop
      vertex -37.2173 0.91844 0
      vertex -37.2597 0.808536 1.2
      vertex -37.2597 0.808536 0
    endloop
  endfacet
  facet normal 0.932978 -0.359935 0
    outer loop
      vertex -37.2597 0.808536 1.2
      vertex -37.2173 0.91844 0
      vertex -37.2173 0.91844 1.2
    endloop
  endfacet
  facet normal 0.963816 -0.266569 0
    outer loop
      vertex -37.2967 0.696683 0
      vertex -37.3281 0.583152 1.2
      vertex -37.3281 0.583152 0
    endloop
  endfacet
  facet normal 0.963816 -0.266569 0
    outer loop
      vertex -37.3281 0.583152 1.2
      vertex -37.2967 0.696683 0
      vertex -37.2967 0.696683 1.2
    endloop
  endfacet
  facet normal 0.893099 -0.44986 0
    outer loop
      vertex -37.1166 1.13135 0
      vertex -37.1696 1.02613 1.2
      vertex -37.1696 1.02613 0
    endloop
  endfacet
  facet normal 0.893099 -0.44986 0
    outer loop
      vertex -37.1696 1.02613 1.2
      vertex -37.1166 1.13135 0
      vertex -37.1166 1.13135 1.2
    endloop
  endfacet
  facet normal 0.788217 -0.615397 0
    outer loop
      vertex -36.8552 1.52254 0
      vertex -36.9277 1.42968 1.2
      vertex -36.9277 1.42968 0
    endloop
  endfacet
  facet normal 0.788217 -0.615397 0
    outer loop
      vertex -36.9277 1.42968 1.2
      vertex -36.8552 1.52254 0
      vertex -36.8552 1.52254 1.2
    endloop
  endfacet
  facet normal -0.313806 -0.949487 -0
    outer loop
      vertex -34.1915 2.25971 1.2
      vertex -34.3033 2.29666 0
      vertex -34.1915 2.25971 0
    endloop
  endfacet
  facet normal -0.313806 -0.949487 0
    outer loop
      vertex -34.3033 2.29666 0
      vertex -34.1915 2.25971 1.2
      vertex -34.3033 2.29666 1.2
    endloop
  endfacet
  facet normal -0.122322 -0.99249 -0
    outer loop
      vertex -34.6478 2.37402 1.2
      vertex -34.7648 2.38844 0
      vertex -34.6478 2.37402 0
    endloop
  endfacet
  facet normal -0.122322 -0.99249 0
    outer loop
      vertex -34.7648 2.38844 0
      vertex -34.6478 2.37402 1.2
      vertex -34.7648 2.38844 1.2
    endloop
  endfacet
  facet normal -0.575853 -0.817553 -0
    outer loop
      vertex -33.5703 1.9277 1.2
      vertex -33.6666 1.99553 0
      vertex -33.5703 1.9277 0
    endloop
  endfacet
  facet normal -0.575853 -0.817553 0
    outer loop
      vertex -33.6666 1.99553 0
      vertex -33.5703 1.9277 1.2
      vertex -33.6666 1.99553 1.2
    endloop
  endfacet
  facet normal -0.534689 -0.845049 -0
    outer loop
      vertex -33.6666 1.99553 1.2
      vertex -33.7662 2.05855 0
      vertex -33.6666 1.99553 0
    endloop
  endfacet
  facet normal -0.534689 -0.845049 0
    outer loop
      vertex -33.7662 2.05855 0
      vertex -33.6666 1.99553 1.2
      vertex -33.7662 2.05855 1.2
    endloop
  endfacet
  facet normal -0.493227 -0.869901 -0
    outer loop
      vertex -33.7662 2.05855 1.2
      vertex -33.8686 2.11661 0
      vertex -33.7662 2.05855 0
    endloop
  endfacet
  facet normal -0.493227 -0.869901 0
    outer loop
      vertex -33.8686 2.11661 0
      vertex -33.7662 2.05855 1.2
      vertex -33.8686 2.11661 1.2
    endloop
  endfacet
  facet normal -0.653151 -0.757228 -0
    outer loop
      vertex -33.3883 1.77828 1.2
      vertex -33.4775 1.85522 0
      vertex -33.3883 1.77828 0
    endloop
  endfacet
  facet normal -0.653151 -0.757228 0
    outer loop
      vertex -33.4775 1.85522 0
      vertex -33.3883 1.77828 1.2
      vertex -33.4775 1.85522 1.2
    endloop
  endfacet
  facet normal -0.615539 -0.788107 -0
    outer loop
      vertex -33.4775 1.85522 1.2
      vertex -33.5703 1.9277 0
      vertex -33.4775 1.85522 0
    endloop
  endfacet
  facet normal -0.615539 -0.788107 0
    outer loop
      vertex -33.5703 1.9277 0
      vertex -33.4775 1.85522 1.2
      vertex -33.5703 1.9277 1.2
    endloop
  endfacet
  facet normal -0.72438 -0.689401 0
    outer loop
      vertex -33.3029 1.69706 1.2
      vertex -33.2217 1.61174 0
      vertex -33.2217 1.61174 1.2
    endloop
  endfacet
  facet normal -0.72438 -0.689401 0
    outer loop
      vertex -33.2217 1.61174 0
      vertex -33.3029 1.69706 1.2
      vertex -33.3029 1.69706 0
    endloop
  endfacet
  facet normal -0.817701 -0.575643 0
    outer loop
      vertex -33.0723 1.42968 1.2
      vertex -33.0045 1.33337 0
      vertex -33.0045 1.33337 1.2
    endloop
  endfacet
  facet normal -0.817701 -0.575643 0
    outer loop
      vertex -33.0045 1.33337 0
      vertex -33.0723 1.42968 1.2
      vertex -33.0723 1.42968 0
    endloop
  endfacet
  facet normal -0.844932 -0.534874 0
    outer loop
      vertex -33.0045 1.33337 1.2
      vertex -32.9415 1.23385 0
      vertex -32.9415 1.23385 1.2
    endloop
  endfacet
  facet normal -0.844932 -0.534874 0
    outer loop
      vertex -32.9415 1.23385 0
      vertex -33.0045 1.33337 1.2
      vertex -33.0045 1.33337 0
    endloop
  endfacet
  facet normal 0.653151 -0.757228 0
    outer loop
      vertex -36.5225 1.85522 1.2
      vertex -36.6117 1.77828 0
      vertex -36.5225 1.85522 0
    endloop
  endfacet
  facet normal 0.653151 -0.757228 0
    outer loop
      vertex -36.6117 1.77828 0
      vertex -36.5225 1.85522 1.2
      vertex -36.6117 1.77828 1.2
    endloop
  endfacet
  facet normal 0.575853 -0.817553 0
    outer loop
      vertex -36.3334 1.99553 1.2
      vertex -36.4297 1.9277 0
      vertex -36.3334 1.99553 0
    endloop
  endfacet
  facet normal 0.575853 -0.817553 0
    outer loop
      vertex -36.4297 1.9277 0
      vertex -36.3334 1.99553 1.2
      vertex -36.4297 1.9277 1.2
    endloop
  endfacet
  facet normal 0.40524 -0.91421 0
    outer loop
      vertex -35.9184 2.21731 1.2
      vertex -36.0261 2.16957 0
      vertex -35.9184 2.21731 0
    endloop
  endfacet
  facet normal 0.40524 -0.91421 0
    outer loop
      vertex -36.0261 2.16957 0
      vertex -35.9184 2.21731 1.2
      vertex -36.0261 2.16957 1.2
    endloop
  endfacet
  facet normal 0.493227 -0.869901 0
    outer loop
      vertex -36.1314 2.11661 1.2
      vertex -36.2338 2.05855 0
      vertex -36.1314 2.11661 0
    endloop
  endfacet
  facet normal 0.493227 -0.869901 0
    outer loop
      vertex -36.2338 2.05855 0
      vertex -36.1314 2.11661 1.2
      vertex -36.2338 2.05855 1.2
    endloop
  endfacet
  facet normal 0.0736495 -0.997284 0
    outer loop
      vertex -35.1178 2.39711 1.2
      vertex -35.2352 2.38844 0
      vertex -35.1178 2.39711 0
    endloop
  endfacet
  facet normal 0.0736495 -0.997284 0
    outer loop
      vertex -35.2352 2.38844 0
      vertex -35.1178 2.39711 1.2
      vertex -35.2352 2.38844 1.2
    endloop
  endfacet
  facet normal 0.266715 -0.963775 0
    outer loop
      vertex -35.5832 2.32807 1.2
      vertex -35.6967 2.29666 0
      vertex -35.5832 2.32807 0
    endloop
  endfacet
  facet normal 0.266715 -0.963775 0
    outer loop
      vertex -35.6967 2.29666 0
      vertex -35.5832 2.32807 1.2
      vertex -35.6967 2.29666 1.2
    endloop
  endfacet
  facet normal 0.171062 -0.98526 0
    outer loop
      vertex -35.3522 2.37402 1.2
      vertex -35.4682 2.35388 0
      vertex -35.3522 2.37402 0
    endloop
  endfacet
  facet normal 0.171062 -0.98526 0
    outer loop
      vertex -35.4682 2.35388 0
      vertex -35.3522 2.37402 1.2
      vertex -35.4682 2.35388 1.2
    endloop
  endfacet
  facet normal -0.266715 -0.963775 -0
    outer loop
      vertex -34.3033 2.29666 1.2
      vertex -34.4168 2.32807 0
      vertex -34.3033 2.29666 0
    endloop
  endfacet
  facet normal -0.266715 -0.963775 0
    outer loop
      vertex -34.4168 2.32807 0
      vertex -34.3033 2.29666 1.2
      vertex -34.4168 2.32807 1.2
    endloop
  endfacet
  facet normal 0.359946 -0.932973 0
    outer loop
      vertex -35.8085 2.25971 1.2
      vertex -35.9184 2.21731 0
      vertex -35.8085 2.25971 0
    endloop
  endfacet
  facet normal 0.359946 -0.932973 0
    outer loop
      vertex -35.9184 2.21731 0
      vertex -35.8085 2.25971 1.2
      vertex -35.9184 2.21731 1.2
    endloop
  endfacet
  facet normal -0.893099 0.44986 0
    outer loop
      vertex 37.1696 -1.02613 1.2
      vertex 37.1166 -1.13135 0
      vertex 37.1166 -1.13135 1.2
    endloop
  endfacet
  facet normal -0.893099 0.44986 0
    outer loop
      vertex 37.1166 -1.13135 0
      vertex 37.1696 -1.02613 1.2
      vertex 37.1696 -1.02613 0
    endloop
  endfacet
  facet normal -0.359946 0.932973 0
    outer loop
      vertex 35.8085 -2.25971 1.2
      vertex 35.9184 -2.21731 0
      vertex 35.8085 -2.25971 0
    endloop
  endfacet
  facet normal -0.359946 0.932973 0
    outer loop
      vertex 35.9184 -2.21731 0
      vertex 35.8085 -2.25971 1.2
      vertex 35.9184 -2.21731 1.2
    endloop
  endfacet
  facet normal 0.40524 0.91421 0
    outer loop
      vertex 33.9739 -2.16957 1.2
      vertex 34.0816 -2.21731 0
      vertex 33.9739 -2.16957 0
    endloop
  endfacet
  facet normal 0.40524 0.91421 -0
    outer loop
      vertex 34.0816 -2.21731 0
      vertex 33.9739 -2.16957 1.2
      vertex 34.0816 -2.21731 1.2
    endloop
  endfacet
  facet normal 0.914322 0.404988 0
    outer loop
      vertex 32.7827 -0.91844 0
      vertex 32.8304 -1.02613 1.2
      vertex 32.8304 -1.02613 0
    endloop
  endfacet
  facet normal 0.914322 0.404988 0
    outer loop
      vertex 32.8304 -1.02613 1.2
      vertex 32.7827 -0.91844 0
      vertex 32.7827 -0.91844 1.2
    endloop
  endfacet
  facet normal -0.534689 0.845049 0
    outer loop
      vertex 36.2338 -2.05855 1.2
      vertex 36.3334 -1.99553 0
      vertex 36.2338 -2.05855 0
    endloop
  endfacet
  facet normal -0.534689 0.845049 0
    outer loop
      vertex 36.3334 -1.99553 0
      vertex 36.2338 -2.05855 1.2
      vertex 36.3334 -1.99553 1.2
    endloop
  endfacet
  facet normal 0.72438 0.689401 0
    outer loop
      vertex 33.2217 -1.61174 0
      vertex 33.3029 -1.69706 1.2
      vertex 33.3029 -1.69706 0
    endloop
  endfacet
  facet normal 0.72438 0.689401 0
    outer loop
      vertex 33.3029 -1.69706 1.2
      vertex 33.2217 -1.61174 0
      vertex 33.2217 -1.61174 1.2
    endloop
  endfacet
  facet normal 0.218987 0.975728 0
    outer loop
      vertex 34.4168 -2.32807 1.2
      vertex 34.5318 -2.35388 0
      vertex 34.4168 -2.32807 0
    endloop
  endfacet
  facet normal 0.218987 0.975728 -0
    outer loop
      vertex 34.5318 -2.35388 0
      vertex 34.4168 -2.32807 1.2
      vertex 34.5318 -2.35388 1.2
    endloop
  endfacet
  facet normal 0.689151 -0.724618 0
    outer loop
      vertex 33.3883 1.77828 1.2
      vertex 33.3029 1.69706 0
      vertex 33.3883 1.77828 0
    endloop
  endfacet
  facet normal 0.689151 -0.724618 0
    outer loop
      vertex 33.3029 1.69706 0
      vertex 33.3883 1.77828 1.2
      vertex 33.3029 1.69706 1.2
    endloop
  endfacet
  facet normal 0.914322 -0.404988 0
    outer loop
      vertex 32.8304 1.02613 0
      vertex 32.7827 0.91844 1.2
      vertex 32.7827 0.91844 0
    endloop
  endfacet
  facet normal 0.914322 -0.404988 0
    outer loop
      vertex 32.7827 0.91844 1.2
      vertex 32.8304 1.02613 0
      vertex 32.8304 1.02613 1.2
    endloop
  endfacet
  facet normal -0.949405 0.314055 0
    outer loop
      vertex 37.2967 -0.696683 1.2
      vertex 37.2597 -0.808536 0
      vertex 37.2597 -0.808536 1.2
    endloop
  endfacet
  facet normal -0.949405 0.314055 0
    outer loop
      vertex 37.2597 -0.808536 0
      vertex 37.2967 -0.696683 1.2
      vertex 37.2967 -0.696683 0
    endloop
  endfacet
  facet normal -0.817701 0.575643 0
    outer loop
      vertex 36.9955 -1.33337 1.2
      vertex 36.9277 -1.42968 0
      vertex 36.9277 -1.42968 1.2
    endloop
  endfacet
  facet normal -0.817701 0.575643 0
    outer loop
      vertex 36.9277 -1.42968 0
      vertex 36.9955 -1.33337 1.2
      vertex 36.9955 -1.33337 0
    endloop
  endfacet
  facet normal -0.72438 0.689401 0
    outer loop
      vertex 36.7783 -1.61174 1.2
      vertex 36.6971 -1.69706 0
      vertex 36.6971 -1.69706 1.2
    endloop
  endfacet
  facet normal -0.72438 0.689401 0
    outer loop
      vertex 36.6971 -1.69706 0
      vertex 36.7783 -1.61174 1.2
      vertex 36.7783 -1.61174 0
    endloop
  endfacet
  facet normal 0.0245257 0.999699 0
    outer loop
      vertex 34.8822 -2.39711 1.2
      vertex 35 -2.4 0
      vertex 34.8822 -2.39711 0
    endloop
  endfacet
  facet normal 0.0245257 0.999699 -0
    outer loop
      vertex 35 -2.4 0
      vertex 34.8822 -2.39711 1.2
      vertex 35 -2.4 1.2
    endloop
  endfacet
  facet normal -0.171062 0.98526 0
    outer loop
      vertex 35.3522 -2.37402 1.2
      vertex 35.4682 -2.35388 0
      vertex 35.3522 -2.37402 0
    endloop
  endfacet
  facet normal -0.171062 0.98526 0
    outer loop
      vertex 35.4682 -2.35388 0
      vertex 35.3522 -2.37402 1.2
      vertex 35.4682 -2.35388 1.2
    endloop
  endfacet
  facet normal 0.999697 0.0246185 0
    outer loop
      vertex 32.6 0 0
      vertex 32.6029 -0.117762 1.2
      vertex 32.6029 -0.117762 0
    endloop
  endfacet
  facet normal 0.999697 0.0246185 0
    outer loop
      vertex 32.6029 -0.117762 1.2
      vertex 32.6 0 0
      vertex 32.6 0 1.2
    endloop
  endfacet
  facet normal 0.97572 0.219023 0
    outer loop
      vertex 32.6461 -0.468216 0
      vertex 32.6719 -0.583152 1.2
      vertex 32.6719 -0.583152 0
    endloop
  endfacet
  facet normal 0.97572 0.219023 0
    outer loop
      vertex 32.6719 -0.583152 1.2
      vertex 32.6461 -0.468216 0
      vertex 32.6461 -0.468216 1.2
    endloop
  endfacet
  facet normal 0.817701 0.575643 0
    outer loop
      vertex 33.0045 -1.33337 0
      vertex 33.0723 -1.42968 1.2
      vertex 33.0723 -1.42968 0
    endloop
  endfacet
  facet normal 0.817701 0.575643 0
    outer loop
      vertex 33.0723 -1.42968 1.2
      vertex 33.0045 -1.33337 0
      vertex 33.0045 -1.33337 1.2
    endloop
  endfacet
  facet normal 0.534689 0.845049 0
    outer loop
      vertex 33.6666 -1.99553 1.2
      vertex 33.7662 -2.05855 0
      vertex 33.6666 -1.99553 0
    endloop
  endfacet
  facet normal 0.534689 0.845049 -0
    outer loop
      vertex 33.7662 -2.05855 0
      vertex 33.6666 -1.99553 1.2
      vertex 33.7662 -2.05855 1.2
    endloop
  endfacet
  facet normal 0.449316 0.893373 0
    outer loop
      vertex 33.8686 -2.11661 1.2
      vertex 33.9739 -2.16957 0
      vertex 33.8686 -2.11661 0
    endloop
  endfacet
  facet normal 0.449316 0.893373 -0
    outer loop
      vertex 33.9739 -2.16957 0
      vertex 33.8686 -2.11661 1.2
      vertex 33.9739 -2.16957 1.2
    endloop
  endfacet
  facet normal -0.999697 0.0246185 0
    outer loop
      vertex 37.4 0 1.2
      vertex 37.3971 -0.117762 0
      vertex 37.3971 -0.117762 1.2
    endloop
  endfacet
  facet normal -0.999697 0.0246185 0
    outer loop
      vertex 37.3971 -0.117762 0
      vertex 37.4 0 1.2
      vertex 37.4 0 0
    endloop
  endfacet
  facet normal -0.949405 -0.314055 0
    outer loop
      vertex 37.2597 0.808536 1.2
      vertex 37.2967 0.696683 0
      vertex 37.2967 0.696683 1.2
    endloop
  endfacet
  facet normal -0.949405 -0.314055 0
    outer loop
      vertex 37.2967 0.696683 0
      vertex 37.2597 0.808536 1.2
      vertex 37.2597 0.808536 0
    endloop
  endfacet
  facet normal 0.97572 -0.219023 0
    outer loop
      vertex 32.6719 0.583152 0
      vertex 32.6461 0.468216 1.2
      vertex 32.6461 0.468216 0
    endloop
  endfacet
  facet normal 0.97572 -0.219023 0
    outer loop
      vertex 32.6461 0.468216 1.2
      vertex 32.6719 0.583152 0
      vertex 32.6719 0.583152 1.2
    endloop
  endfacet
  facet normal -0.0736495 -0.997284 -0
    outer loop
      vertex 35.2352 2.38844 1.2
      vertex 35.1178 2.39711 0
      vertex 35.2352 2.38844 0
    endloop
  endfacet
  facet normal -0.0736495 -0.997284 0
    outer loop
      vertex 35.1178 2.39711 0
      vertex 35.2352 2.38844 1.2
      vertex 35.1178 2.39711 1.2
    endloop
  endfacet
  facet normal -0.171062 -0.98526 -0
    outer loop
      vertex 35.4682 2.35388 1.2
      vertex 35.3522 2.37402 0
      vertex 35.4682 2.35388 0
    endloop
  endfacet
  facet normal -0.171062 -0.98526 0
    outer loop
      vertex 35.3522 2.37402 0
      vertex 35.4682 2.35388 1.2
      vertex 35.3522 2.37402 1.2
    endloop
  endfacet
  facet normal -0.997269 0.0738535 0
    outer loop
      vertex 37.3971 -0.117762 1.2
      vertex 37.3884 -0.235241 0
      vertex 37.3884 -0.235241 1.2
    endloop
  endfacet
  facet normal -0.997269 0.0738535 0
    outer loop
      vertex 37.3884 -0.235241 0
      vertex 37.3971 -0.117762 1.2
      vertex 37.3971 -0.117762 0
    endloop
  endfacet
  facet normal -0.914322 0.404988 0
    outer loop
      vertex 37.2173 -0.91844 1.2
      vertex 37.1696 -1.02613 0
      vertex 37.1696 -1.02613 1.2
    endloop
  endfacet
  facet normal -0.914322 0.404988 0
    outer loop
      vertex 37.1696 -1.02613 0
      vertex 37.2173 -0.91844 1.2
      vertex 37.2173 -0.91844 0
    endloop
  endfacet
  facet normal -0.869962 0.49312 0
    outer loop
      vertex 37.1166 -1.13135 1.2
      vertex 37.0585 -1.23385 0
      vertex 37.0585 -1.23385 1.2
    endloop
  endfacet
  facet normal -0.869962 0.49312 0
    outer loop
      vertex 37.0585 -1.23385 0
      vertex 37.1166 -1.13135 1.2
      vertex 37.1166 -1.13135 0
    endloop
  endfacet
  facet normal -0.689151 0.724618 0
    outer loop
      vertex 36.6117 -1.77828 1.2
      vertex 36.6971 -1.69706 0
      vertex 36.6117 -1.77828 0
    endloop
  endfacet
  facet normal -0.689151 0.724618 0
    outer loop
      vertex 36.6971 -1.69706 0
      vertex 36.6117 -1.77828 1.2
      vertex 36.6971 -1.69706 1.2
    endloop
  endfacet
  facet normal -0.844932 0.534874 0
    outer loop
      vertex 37.0585 -1.23385 1.2
      vertex 36.9955 -1.33337 0
      vertex 36.9955 -1.33337 1.2
    endloop
  endfacet
  facet normal -0.844932 0.534874 0
    outer loop
      vertex 36.9955 -1.33337 0
      vertex 37.0585 -1.23385 1.2
      vertex 37.0585 -1.23385 0
    endloop
  endfacet
  facet normal -0.788217 0.615397 0
    outer loop
      vertex 36.9277 -1.42968 1.2
      vertex 36.8552 -1.52254 0
      vertex 36.8552 -1.52254 1.2
    endloop
  endfacet
  facet normal -0.788217 0.615397 0
    outer loop
      vertex 36.8552 -1.52254 0
      vertex 36.9277 -1.42968 1.2
      vertex 36.9277 -1.42968 0
    endloop
  endfacet
  facet normal -0.757395 0.652956 0
    outer loop
      vertex 36.8552 -1.52254 1.2
      vertex 36.7783 -1.61174 0
      vertex 36.7783 -1.61174 1.2
    endloop
  endfacet
  facet normal -0.757395 0.652956 0
    outer loop
      vertex 36.7783 -1.61174 0
      vertex 36.8552 -1.52254 1.2
      vertex 36.8552 -1.52254 0
    endloop
  endfacet
  facet normal -0.0736495 0.997284 0
    outer loop
      vertex 35.1178 -2.39711 1.2
      vertex 35.2352 -2.38844 0
      vertex 35.1178 -2.39711 0
    endloop
  endfacet
  facet normal -0.0736495 0.997284 0
    outer loop
      vertex 35.2352 -2.38844 0
      vertex 35.1178 -2.39711 1.2
      vertex 35.2352 -2.38844 1.2
    endloop
  endfacet
  facet normal -0.266715 0.963775 0
    outer loop
      vertex 35.5832 -2.32807 1.2
      vertex 35.6967 -2.29666 0
      vertex 35.5832 -2.32807 0
    endloop
  endfacet
  facet normal -0.266715 0.963775 0
    outer loop
      vertex 35.6967 -2.29666 0
      vertex 35.5832 -2.32807 1.2
      vertex 35.6967 -2.29666 1.2
    endloop
  endfacet
  facet normal -0.313806 0.949487 0
    outer loop
      vertex 35.6967 -2.29666 1.2
      vertex 35.8085 -2.25971 0
      vertex 35.6967 -2.29666 0
    endloop
  endfacet
  facet normal -0.313806 0.949487 0
    outer loop
      vertex 35.8085 -2.25971 0
      vertex 35.6967 -2.29666 1.2
      vertex 35.8085 -2.25971 1.2
    endloop
  endfacet
  facet normal -0.122322 0.99249 0
    outer loop
      vertex 35.2352 -2.38844 1.2
      vertex 35.3522 -2.37402 0
      vertex 35.2352 -2.38844 0
    endloop
  endfacet
  facet normal -0.122322 0.99249 0
    outer loop
      vertex 35.3522 -2.37402 0
      vertex 35.2352 -2.38844 1.2
      vertex 35.3522 -2.37402 1.2
    endloop
  endfacet
  facet normal -0.0245257 0.999699 0
    outer loop
      vertex 35 -2.4 1.2
      vertex 35.1178 -2.39711 0
      vertex 35 -2.4 0
    endloop
  endfacet
  facet normal -0.0245257 0.999699 0
    outer loop
      vertex 35.1178 -2.39711 0
      vertex 35 -2.4 1.2
      vertex 35.1178 -2.39711 1.2
    endloop
  endfacet
  facet normal -0.218987 0.975728 0
    outer loop
      vertex 35.4682 -2.35388 1.2
      vertex 35.5832 -2.32807 0
      vertex 35.4682 -2.35388 0
    endloop
  endfacet
  facet normal -0.218987 0.975728 0
    outer loop
      vertex 35.5832 -2.32807 0
      vertex 35.4682 -2.35388 1.2
      vertex 35.5832 -2.32807 1.2
    endloop
  endfacet
  facet normal -0.449316 0.893373 0
    outer loop
      vertex 36.0261 -2.16957 1.2
      vertex 36.1314 -2.11661 0
      vertex 36.0261 -2.16957 0
    endloop
  endfacet
  facet normal -0.449316 0.893373 0
    outer loop
      vertex 36.1314 -2.11661 0
      vertex 36.0261 -2.16957 1.2
      vertex 36.1314 -2.11661 1.2
    endloop
  endfacet
  facet normal -0.493227 0.869901 0
    outer loop
      vertex 36.1314 -2.11661 1.2
      vertex 36.2338 -2.05855 0
      vertex 36.1314 -2.11661 0
    endloop
  endfacet
  facet normal -0.493227 0.869901 0
    outer loop
      vertex 36.2338 -2.05855 0
      vertex 36.1314 -2.11661 1.2
      vertex 36.2338 -2.05855 1.2
    endloop
  endfacet
  facet normal -0.40524 0.91421 0
    outer loop
      vertex 35.9184 -2.21731 1.2
      vertex 36.0261 -2.16957 0
      vertex 35.9184 -2.21731 0
    endloop
  endfacet
  facet normal -0.40524 0.91421 0
    outer loop
      vertex 36.0261 -2.16957 0
      vertex 35.9184 -2.21731 1.2
      vertex 36.0261 -2.16957 1.2
    endloop
  endfacet
  facet normal -0.653151 0.757228 0
    outer loop
      vertex 36.5225 -1.85522 1.2
      vertex 36.6117 -1.77828 0
      vertex 36.5225 -1.85522 0
    endloop
  endfacet
  facet normal -0.653151 0.757228 0
    outer loop
      vertex 36.6117 -1.77828 0
      vertex 36.5225 -1.85522 1.2
      vertex 36.6117 -1.77828 1.2
    endloop
  endfacet
  facet normal -0.615539 0.788107 0
    outer loop
      vertex 36.4297 -1.9277 1.2
      vertex 36.5225 -1.85522 0
      vertex 36.4297 -1.9277 0
    endloop
  endfacet
  facet normal -0.615539 0.788107 0
    outer loop
      vertex 36.5225 -1.85522 0
      vertex 36.4297 -1.9277 1.2
      vertex 36.5225 -1.85522 1.2
    endloop
  endfacet
  facet normal 0.949405 0.314055 0
    outer loop
      vertex 32.7033 -0.696683 0
      vertex 32.7403 -0.808536 1.2
      vertex 32.7403 -0.808536 0
    endloop
  endfacet
  facet normal 0.949405 0.314055 0
    outer loop
      vertex 32.7403 -0.808536 1.2
      vertex 32.7033 -0.696683 0
      vertex 32.7033 -0.696683 1.2
    endloop
  endfacet
  facet normal 0.932978 0.359935 0
    outer loop
      vertex 32.7403 -0.808536 0
      vertex 32.7827 -0.91844 1.2
      vertex 32.7827 -0.91844 0
    endloop
  endfacet
  facet normal 0.932978 0.359935 0
    outer loop
      vertex 32.7827 -0.91844 1.2
      vertex 32.7403 -0.808536 0
      vertex 32.7403 -0.808536 1.2
    endloop
  endfacet
  facet normal 0.985333 0.170642 0
    outer loop
      vertex 32.626 -0.352153 0
      vertex 32.6461 -0.468216 1.2
      vertex 32.6461 -0.468216 0
    endloop
  endfacet
  facet normal 0.985333 0.170642 0
    outer loop
      vertex 32.6461 -0.468216 1.2
      vertex 32.626 -0.352153 0
      vertex 32.626 -0.352153 1.2
    endloop
  endfacet
  facet normal 0.9925 0.122246 0
    outer loop
      vertex 32.6116 -0.235241 0
      vertex 32.626 -0.352153 1.2
      vertex 32.626 -0.352153 0
    endloop
  endfacet
  facet normal 0.9925 0.122246 0
    outer loop
      vertex 32.626 -0.352153 1.2
      vertex 32.6116 -0.235241 0
      vertex 32.6116 -0.235241 1.2
    endloop
  endfacet
  facet normal 0.963816 0.266569 0
    outer loop
      vertex 32.6719 -0.583152 0
      vertex 32.7033 -0.696683 1.2
      vertex 32.7033 -0.696683 0
    endloop
  endfacet
  facet normal 0.963816 0.266569 0
    outer loop
      vertex 32.7033 -0.696683 1.2
      vertex 32.6719 -0.583152 0
      vertex 32.6719 -0.583152 1.2
    endloop
  endfacet
  facet normal 0.869962 0.49312 0
    outer loop
      vertex 32.8834 -1.13135 0
      vertex 32.9415 -1.23385 1.2
      vertex 32.9415 -1.23385 0
    endloop
  endfacet
  facet normal 0.869962 0.49312 0
    outer loop
      vertex 32.9415 -1.23385 1.2
      vertex 32.8834 -1.13135 0
      vertex 32.8834 -1.13135 1.2
    endloop
  endfacet
  facet normal 0.893099 0.44986 0
    outer loop
      vertex 32.8304 -1.02613 0
      vertex 32.8834 -1.13135 1.2
      vertex 32.8834 -1.13135 0
    endloop
  endfacet
  facet normal 0.893099 0.44986 0
    outer loop
      vertex 32.8834 -1.13135 1.2
      vertex 32.8304 -1.02613 0
      vertex 32.8304 -1.02613 1.2
    endloop
  endfacet
  facet normal 0.757395 0.652956 0
    outer loop
      vertex 33.1448 -1.52254 0
      vertex 33.2217 -1.61174 1.2
      vertex 33.2217 -1.61174 0
    endloop
  endfacet
  facet normal 0.757395 0.652956 0
    outer loop
      vertex 33.2217 -1.61174 1.2
      vertex 33.1448 -1.52254 0
      vertex 33.1448 -1.52254 1.2
    endloop
  endfacet
  facet normal 0.788217 0.615397 0
    outer loop
      vertex 33.0723 -1.42968 0
      vertex 33.1448 -1.52254 1.2
      vertex 33.1448 -1.52254 0
    endloop
  endfacet
  facet normal 0.788217 0.615397 0
    outer loop
      vertex 33.1448 -1.52254 1.2
      vertex 33.0723 -1.42968 0
      vertex 33.0723 -1.42968 1.2
    endloop
  endfacet
  facet normal 0.313806 0.949487 0
    outer loop
      vertex 34.1915 -2.25971 1.2
      vertex 34.3033 -2.29666 0
      vertex 34.1915 -2.25971 0
    endloop
  endfacet
  facet normal 0.313806 0.949487 -0
    outer loop
      vertex 34.3033 -2.29666 0
      vertex 34.1915 -2.25971 1.2
      vertex 34.3033 -2.29666 1.2
    endloop
  endfacet
  facet normal 0.266715 0.963775 0
    outer loop
      vertex 34.3033 -2.29666 1.2
      vertex 34.4168 -2.32807 0
      vertex 34.3033 -2.29666 0
    endloop
  endfacet
  facet normal 0.266715 0.963775 -0
    outer loop
      vertex 34.4168 -2.32807 0
      vertex 34.3033 -2.29666 1.2
      vertex 34.4168 -2.32807 1.2
    endloop
  endfacet
  facet normal 0.359946 0.932973 0
    outer loop
      vertex 34.0816 -2.21731 1.2
      vertex 34.1915 -2.25971 0
      vertex 34.0816 -2.21731 0
    endloop
  endfacet
  facet normal 0.359946 0.932973 -0
    outer loop
      vertex 34.1915 -2.25971 0
      vertex 34.0816 -2.21731 1.2
      vertex 34.1915 -2.25971 1.2
    endloop
  endfacet
  facet normal 0.0736495 0.997284 0
    outer loop
      vertex 34.7648 -2.38844 1.2
      vertex 34.8822 -2.39711 0
      vertex 34.7648 -2.38844 0
    endloop
  endfacet
  facet normal 0.0736495 0.997284 -0
    outer loop
      vertex 34.8822 -2.39711 0
      vertex 34.7648 -2.38844 1.2
      vertex 34.8822 -2.39711 1.2
    endloop
  endfacet
  facet normal 0.171062 0.98526 0
    outer loop
      vertex 34.5318 -2.35388 1.2
      vertex 34.6478 -2.37402 0
      vertex 34.5318 -2.35388 0
    endloop
  endfacet
  facet normal 0.171062 0.98526 -0
    outer loop
      vertex 34.6478 -2.37402 0
      vertex 34.5318 -2.35388 1.2
      vertex 34.6478 -2.37402 1.2
    endloop
  endfacet
  facet normal 0.122322 0.99249 0
    outer loop
      vertex 34.6478 -2.37402 1.2
      vertex 34.7648 -2.38844 0
      vertex 34.6478 -2.37402 0
    endloop
  endfacet
  facet normal 0.122322 0.99249 -0
    outer loop
      vertex 34.7648 -2.38844 0
      vertex 34.6478 -2.37402 1.2
      vertex 34.7648 -2.38844 1.2
    endloop
  endfacet
  facet normal 0.493227 0.869901 0
    outer loop
      vertex 33.7662 -2.05855 1.2
      vertex 33.8686 -2.11661 0
      vertex 33.7662 -2.05855 0
    endloop
  endfacet
  facet normal 0.493227 0.869901 -0
    outer loop
      vertex 33.8686 -2.11661 0
      vertex 33.7662 -2.05855 1.2
      vertex 33.8686 -2.11661 1.2
    endloop
  endfacet
  facet normal 0.615539 0.788107 0
    outer loop
      vertex 33.4775 -1.85522 1.2
      vertex 33.5703 -1.9277 0
      vertex 33.4775 -1.85522 0
    endloop
  endfacet
  facet normal 0.615539 0.788107 -0
    outer loop
      vertex 33.5703 -1.9277 0
      vertex 33.4775 -1.85522 1.2
      vertex 33.5703 -1.9277 1.2
    endloop
  endfacet
  facet normal 0.653151 0.757228 0
    outer loop
      vertex 33.3883 -1.77828 1.2
      vertex 33.4775 -1.85522 0
      vertex 33.3883 -1.77828 0
    endloop
  endfacet
  facet normal 0.653151 0.757228 -0
    outer loop
      vertex 33.4775 -1.85522 0
      vertex 33.3883 -1.77828 1.2
      vertex 33.4775 -1.85522 1.2
    endloop
  endfacet
  facet normal 0.575853 0.817553 0
    outer loop
      vertex 33.5703 -1.9277 1.2
      vertex 33.6666 -1.99553 0
      vertex 33.5703 -1.9277 0
    endloop
  endfacet
  facet normal 0.575853 0.817553 -0
    outer loop
      vertex 33.6666 -1.99553 0
      vertex 33.5703 -1.9277 1.2
      vertex 33.6666 -1.99553 1.2
    endloop
  endfacet
  facet normal 0.689151 0.724618 0
    outer loop
      vertex 33.3029 -1.69706 1.2
      vertex 33.3883 -1.77828 0
      vertex 33.3029 -1.69706 0
    endloop
  endfacet
  facet normal 0.689151 0.724618 -0
    outer loop
      vertex 33.3883 -1.77828 0
      vertex 33.3029 -1.69706 1.2
      vertex 33.3883 -1.77828 1.2
    endloop
  endfacet
  facet normal -0.9925 -0.122246 0
    outer loop
      vertex 37.374 0.352153 1.2
      vertex 37.3884 0.235241 0
      vertex 37.3884 0.235241 1.2
    endloop
  endfacet
  facet normal -0.9925 -0.122246 0
    outer loop
      vertex 37.3884 0.235241 0
      vertex 37.374 0.352153 1.2
      vertex 37.374 0.352153 0
    endloop
  endfacet
  facet normal -0.932978 -0.359935 0
    outer loop
      vertex 37.2173 0.91844 1.2
      vertex 37.2597 0.808536 0
      vertex 37.2597 0.808536 1.2
    endloop
  endfacet
  facet normal -0.932978 -0.359935 0
    outer loop
      vertex 37.2597 0.808536 0
      vertex 37.2173 0.91844 1.2
      vertex 37.2173 0.91844 0
    endloop
  endfacet
  facet normal 0.0245257 -0.999699 0
    outer loop
      vertex 35 2.4 1.2
      vertex 34.8822 2.39711 0
      vertex 35 2.4 0
    endloop
  endfacet
  facet normal 0.0245257 -0.999699 0
    outer loop
      vertex 34.8822 2.39711 0
      vertex 35 2.4 1.2
      vertex 34.8822 2.39711 1.2
    endloop
  endfacet
  facet normal 0.9925 -0.122246 0
    outer loop
      vertex 32.626 0.352153 0
      vertex 32.6116 0.235241 1.2
      vertex 32.6116 0.235241 0
    endloop
  endfacet
  facet normal 0.9925 -0.122246 0
    outer loop
      vertex 32.6116 0.235241 1.2
      vertex 32.626 0.352153 0
      vertex 32.626 0.352153 1.2
    endloop
  endfacet
  facet normal 0.757395 -0.652956 0
    outer loop
      vertex 33.2217 1.61174 0
      vertex 33.1448 1.52254 1.2
      vertex 33.1448 1.52254 0
    endloop
  endfacet
  facet normal 0.757395 -0.652956 0
    outer loop
      vertex 33.1448 1.52254 1.2
      vertex 33.2217 1.61174 0
      vertex 33.2217 1.61174 1.2
    endloop
  endfacet
  facet normal -0.359946 -0.932973 -0
    outer loop
      vertex 35.9184 2.21731 1.2
      vertex 35.8085 2.25971 0
      vertex 35.9184 2.21731 0
    endloop
  endfacet
  facet normal -0.359946 -0.932973 0
    outer loop
      vertex 35.8085 2.25971 0
      vertex 35.9184 2.21731 1.2
      vertex 35.8085 2.25971 1.2
    endloop
  endfacet
  facet normal -0.963816 0.266569 0
    outer loop
      vertex 37.3281 -0.583152 1.2
      vertex 37.2967 -0.696683 0
      vertex 37.2967 -0.696683 1.2
    endloop
  endfacet
  facet normal -0.963816 0.266569 0
    outer loop
      vertex 37.2967 -0.696683 0
      vertex 37.3281 -0.583152 1.2
      vertex 37.3281 -0.583152 0
    endloop
  endfacet
  facet normal -0.932978 0.359935 0
    outer loop
      vertex 37.2597 -0.808536 1.2
      vertex 37.2173 -0.91844 0
      vertex 37.2173 -0.91844 1.2
    endloop
  endfacet
  facet normal -0.932978 0.359935 0
    outer loop
      vertex 37.2173 -0.91844 0
      vertex 37.2597 -0.808536 1.2
      vertex 37.2597 -0.808536 0
    endloop
  endfacet
  facet normal -0.9925 0.122246 0
    outer loop
      vertex 37.3884 -0.235241 1.2
      vertex 37.374 -0.352153 0
      vertex 37.374 -0.352153 1.2
    endloop
  endfacet
  facet normal -0.9925 0.122246 0
    outer loop
      vertex 37.374 -0.352153 0
      vertex 37.3884 -0.235241 1.2
      vertex 37.3884 -0.235241 0
    endloop
  endfacet
  facet normal -0.985333 0.170642 0
    outer loop
      vertex 37.374 -0.352153 1.2
      vertex 37.3539 -0.468216 0
      vertex 37.3539 -0.468216 1.2
    endloop
  endfacet
  facet normal -0.985333 0.170642 0
    outer loop
      vertex 37.3539 -0.468216 0
      vertex 37.374 -0.352153 1.2
      vertex 37.374 -0.352153 0
    endloop
  endfacet
  facet normal -0.575853 0.817553 0
    outer loop
      vertex 36.3334 -1.99553 1.2
      vertex 36.4297 -1.9277 0
      vertex 36.3334 -1.99553 0
    endloop
  endfacet
  facet normal -0.575853 0.817553 0
    outer loop
      vertex 36.4297 -1.9277 0
      vertex 36.3334 -1.99553 1.2
      vertex 36.4297 -1.9277 1.2
    endloop
  endfacet
  facet normal 0.997269 0.0738535 0
    outer loop
      vertex 32.6029 -0.117762 0
      vertex 32.6116 -0.235241 1.2
      vertex 32.6116 -0.235241 0
    endloop
  endfacet
  facet normal 0.997269 0.0738535 0
    outer loop
      vertex 32.6116 -0.235241 1.2
      vertex 32.6029 -0.117762 0
      vertex 32.6029 -0.117762 1.2
    endloop
  endfacet
  facet normal 0.844932 0.534874 0
    outer loop
      vertex 32.9415 -1.23385 0
      vertex 33.0045 -1.33337 1.2
      vertex 33.0045 -1.33337 0
    endloop
  endfacet
  facet normal 0.844932 0.534874 0
    outer loop
      vertex 33.0045 -1.33337 1.2
      vertex 32.9415 -1.23385 0
      vertex 32.9415 -1.23385 1.2
    endloop
  endfacet
  facet normal -0.997269 -0.0738535 0
    outer loop
      vertex 37.3884 0.235241 1.2
      vertex 37.3971 0.117762 0
      vertex 37.3971 0.117762 1.2
    endloop
  endfacet
  facet normal -0.997269 -0.0738535 0
    outer loop
      vertex 37.3971 0.117762 0
      vertex 37.3884 0.235241 1.2
      vertex 37.3884 0.235241 0
    endloop
  endfacet
  facet normal -0.999697 -0.0246185 0
    outer loop
      vertex 37.3971 0.117762 1.2
      vertex 37.4 0 0
      vertex 37.4 0 1.2
    endloop
  endfacet
  facet normal -0.999697 -0.0246185 0
    outer loop
      vertex 37.4 0 0
      vertex 37.3971 0.117762 1.2
      vertex 37.3971 0.117762 0
    endloop
  endfacet
  facet normal -0.97572 -0.219023 0
    outer loop
      vertex 37.3281 0.583152 1.2
      vertex 37.3539 0.468216 0
      vertex 37.3539 0.468216 1.2
    endloop
  endfacet
  facet normal -0.97572 -0.219023 0
    outer loop
      vertex 37.3539 0.468216 0
      vertex 37.3281 0.583152 1.2
      vertex 37.3281 0.583152 0
    endloop
  endfacet
  facet normal -0.963816 -0.266569 0
    outer loop
      vertex 37.2967 0.696683 1.2
      vertex 37.3281 0.583152 0
      vertex 37.3281 0.583152 1.2
    endloop
  endfacet
  facet normal -0.963816 -0.266569 0
    outer loop
      vertex 37.3281 0.583152 0
      vertex 37.2967 0.696683 1.2
      vertex 37.2967 0.696683 0
    endloop
  endfacet
  facet normal -0.869962 -0.49312 0
    outer loop
      vertex 37.0585 1.23385 1.2
      vertex 37.1166 1.13135 0
      vertex 37.1166 1.13135 1.2
    endloop
  endfacet
  facet normal -0.869962 -0.49312 0
    outer loop
      vertex 37.1166 1.13135 0
      vertex 37.0585 1.23385 1.2
      vertex 37.0585 1.23385 0
    endloop
  endfacet
  facet normal -0.914322 -0.404988 0
    outer loop
      vertex 37.1696 1.02613 1.2
      vertex 37.2173 0.91844 0
      vertex 37.2173 0.91844 1.2
    endloop
  endfacet
  facet normal -0.914322 -0.404988 0
    outer loop
      vertex 37.2173 0.91844 0
      vertex 37.1696 1.02613 1.2
      vertex 37.1696 1.02613 0
    endloop
  endfacet
  facet normal -0.534689 -0.845049 -0
    outer loop
      vertex 36.3334 1.99553 1.2
      vertex 36.2338 2.05855 0
      vertex 36.3334 1.99553 0
    endloop
  endfacet
  facet normal -0.534689 -0.845049 0
    outer loop
      vertex 36.2338 2.05855 0
      vertex 36.3334 1.99553 1.2
      vertex 36.2338 2.05855 1.2
    endloop
  endfacet
  facet normal -0.757395 -0.652956 0
    outer loop
      vertex 36.7783 1.61174 1.2
      vertex 36.8552 1.52254 0
      vertex 36.8552 1.52254 1.2
    endloop
  endfacet
  facet normal -0.757395 -0.652956 0
    outer loop
      vertex 36.8552 1.52254 0
      vertex 36.7783 1.61174 1.2
      vertex 36.7783 1.61174 0
    endloop
  endfacet
  facet normal 0.313806 -0.949487 0
    outer loop
      vertex 34.3033 2.29666 1.2
      vertex 34.1915 2.25971 0
      vertex 34.3033 2.29666 0
    endloop
  endfacet
  facet normal 0.313806 -0.949487 0
    outer loop
      vertex 34.1915 2.25971 0
      vertex 34.3033 2.29666 1.2
      vertex 34.1915 2.25971 1.2
    endloop
  endfacet
  facet normal 0.171062 -0.98526 0
    outer loop
      vertex 34.6478 2.37402 1.2
      vertex 34.5318 2.35388 0
      vertex 34.6478 2.37402 0
    endloop
  endfacet
  facet normal 0.171062 -0.98526 0
    outer loop
      vertex 34.5318 2.35388 0
      vertex 34.6478 2.37402 1.2
      vertex 34.5318 2.35388 1.2
    endloop
  endfacet
  facet normal 0.999697 -0.0246185 0
    outer loop
      vertex 32.6029 0.117762 0
      vertex 32.6 0 1.2
      vertex 32.6 0 0
    endloop
  endfacet
  facet normal 0.999697 -0.0246185 0
    outer loop
      vertex 32.6 0 1.2
      vertex 32.6029 0.117762 0
      vertex 32.6029 0.117762 1.2
    endloop
  endfacet
  facet normal 0.985333 -0.170642 0
    outer loop
      vertex 32.6461 0.468216 0
      vertex 32.626 0.352153 1.2
      vertex 32.626 0.352153 0
    endloop
  endfacet
  facet normal 0.985333 -0.170642 0
    outer loop
      vertex 32.626 0.352153 1.2
      vertex 32.6461 0.468216 0
      vertex 32.6461 0.468216 1.2
    endloop
  endfacet
  facet normal 0.949405 -0.314055 0
    outer loop
      vertex 32.7403 0.808536 0
      vertex 32.7033 0.696683 1.2
      vertex 32.7033 0.696683 0
    endloop
  endfacet
  facet normal 0.949405 -0.314055 0
    outer loop
      vertex 32.7033 0.696683 1.2
      vertex 32.7403 0.808536 0
      vertex 32.7403 0.808536 1.2
    endloop
  endfacet
  facet normal 0.844932 -0.534874 0
    outer loop
      vertex 33.0045 1.33337 0
      vertex 32.9415 1.23385 1.2
      vertex 32.9415 1.23385 0
    endloop
  endfacet
  facet normal 0.844932 -0.534874 0
    outer loop
      vertex 32.9415 1.23385 1.2
      vertex 33.0045 1.33337 0
      vertex 33.0045 1.33337 1.2
    endloop
  endfacet
  facet normal 0.869962 -0.49312 0
    outer loop
      vertex 32.9415 1.23385 0
      vertex 32.8834 1.13135 1.2
      vertex 32.8834 1.13135 0
    endloop
  endfacet
  facet normal 0.869962 -0.49312 0
    outer loop
      vertex 32.8834 1.13135 1.2
      vertex 32.9415 1.23385 0
      vertex 32.9415 1.23385 1.2
    endloop
  endfacet
  facet normal 0.72438 -0.689401 0
    outer loop
      vertex 33.3029 1.69706 0
      vertex 33.2217 1.61174 1.2
      vertex 33.2217 1.61174 0
    endloop
  endfacet
  facet normal 0.72438 -0.689401 0
    outer loop
      vertex 33.2217 1.61174 1.2
      vertex 33.3029 1.69706 0
      vertex 33.3029 1.69706 1.2
    endloop
  endfacet
  facet normal -0.218987 -0.975728 -0
    outer loop
      vertex 35.5832 2.32807 1.2
      vertex 35.4682 2.35388 0
      vertex 35.5832 2.32807 0
    endloop
  endfacet
  facet normal -0.218987 -0.975728 0
    outer loop
      vertex 35.4682 2.35388 0
      vertex 35.5832 2.32807 1.2
      vertex 35.4682 2.35388 1.2
    endloop
  endfacet
  facet normal -0.40524 -0.91421 -0
    outer loop
      vertex 36.0261 2.16957 1.2
      vertex 35.9184 2.21731 0
      vertex 36.0261 2.16957 0
    endloop
  endfacet
  facet normal -0.40524 -0.91421 0
    outer loop
      vertex 35.9184 2.21731 0
      vertex 36.0261 2.16957 1.2
      vertex 35.9184 2.21731 1.2
    endloop
  endfacet
  facet normal -0.985333 -0.170642 0
    outer loop
      vertex 37.3539 0.468216 1.2
      vertex 37.374 0.352153 0
      vertex 37.374 0.352153 1.2
    endloop
  endfacet
  facet normal -0.985333 -0.170642 0
    outer loop
      vertex 37.374 0.352153 0
      vertex 37.3539 0.468216 1.2
      vertex 37.3539 0.468216 0
    endloop
  endfacet
  facet normal -0.893099 -0.44986 0
    outer loop
      vertex 37.1166 1.13135 1.2
      vertex 37.1696 1.02613 0
      vertex 37.1696 1.02613 1.2
    endloop
  endfacet
  facet normal -0.893099 -0.44986 0
    outer loop
      vertex 37.1696 1.02613 0
      vertex 37.1166 1.13135 1.2
      vertex 37.1166 1.13135 0
    endloop
  endfacet
  facet normal -0.788217 -0.615397 0
    outer loop
      vertex 36.8552 1.52254 1.2
      vertex 36.9277 1.42968 0
      vertex 36.9277 1.42968 1.2
    endloop
  endfacet
  facet normal -0.788217 -0.615397 0
    outer loop
      vertex 36.9277 1.42968 0
      vertex 36.8552 1.52254 1.2
      vertex 36.8552 1.52254 0
    endloop
  endfacet
  facet normal -0.0245257 -0.999699 -0
    outer loop
      vertex 35.1178 2.39711 1.2
      vertex 35 2.4 0
      vertex 35.1178 2.39711 0
    endloop
  endfacet
  facet normal -0.0245257 -0.999699 0
    outer loop
      vertex 35 2.4 0
      vertex 35.1178 2.39711 1.2
      vertex 35 2.4 1.2
    endloop
  endfacet
  facet normal 0.615539 -0.788107 0
    outer loop
      vertex 33.5703 1.9277 1.2
      vertex 33.4775 1.85522 0
      vertex 33.5703 1.9277 0
    endloop
  endfacet
  facet normal 0.615539 -0.788107 0
    outer loop
      vertex 33.4775 1.85522 0
      vertex 33.5703 1.9277 1.2
      vertex 33.4775 1.85522 1.2
    endloop
  endfacet
  facet normal 0.449316 -0.893373 0
    outer loop
      vertex 33.9739 2.16957 1.2
      vertex 33.8686 2.11661 0
      vertex 33.9739 2.16957 0
    endloop
  endfacet
  facet normal 0.449316 -0.893373 0
    outer loop
      vertex 33.8686 2.11661 0
      vertex 33.9739 2.16957 1.2
      vertex 33.8686 2.11661 1.2
    endloop
  endfacet
  facet normal 0.534689 -0.845049 0
    outer loop
      vertex 33.7662 2.05855 1.2
      vertex 33.6666 1.99553 0
      vertex 33.7662 2.05855 0
    endloop
  endfacet
  facet normal 0.534689 -0.845049 0
    outer loop
      vertex 33.6666 1.99553 0
      vertex 33.7662 2.05855 1.2
      vertex 33.6666 1.99553 1.2
    endloop
  endfacet
  facet normal 0.122322 -0.99249 0
    outer loop
      vertex 34.7648 2.38844 1.2
      vertex 34.6478 2.37402 0
      vertex 34.7648 2.38844 0
    endloop
  endfacet
  facet normal 0.122322 -0.99249 0
    outer loop
      vertex 34.6478 2.37402 0
      vertex 34.7648 2.38844 1.2
      vertex 34.6478 2.37402 1.2
    endloop
  endfacet
  facet normal 0.218987 -0.975728 0
    outer loop
      vertex 34.5318 2.35388 1.2
      vertex 34.4168 2.32807 0
      vertex 34.5318 2.35388 0
    endloop
  endfacet
  facet normal 0.218987 -0.975728 0
    outer loop
      vertex 34.4168 2.32807 0
      vertex 34.5318 2.35388 1.2
      vertex 34.4168 2.32807 1.2
    endloop
  endfacet
  facet normal 0.997269 -0.0738535 0
    outer loop
      vertex 32.6116 0.235241 0
      vertex 32.6029 0.117762 1.2
      vertex 32.6029 0.117762 0
    endloop
  endfacet
  facet normal 0.997269 -0.0738535 0
    outer loop
      vertex 32.6029 0.117762 1.2
      vertex 32.6116 0.235241 0
      vertex 32.6116 0.235241 1.2
    endloop
  endfacet
  facet normal 0.932978 -0.359935 0
    outer loop
      vertex 32.7827 0.91844 0
      vertex 32.7403 0.808536 1.2
      vertex 32.7403 0.808536 0
    endloop
  endfacet
  facet normal 0.932978 -0.359935 0
    outer loop
      vertex 32.7403 0.808536 1.2
      vertex 32.7827 0.91844 0
      vertex 32.7827 0.91844 1.2
    endloop
  endfacet
  facet normal 0.963816 -0.266569 0
    outer loop
      vertex 32.7033 0.696683 0
      vertex 32.6719 0.583152 1.2
      vertex 32.6719 0.583152 0
    endloop
  endfacet
  facet normal 0.963816 -0.266569 0
    outer loop
      vertex 32.6719 0.583152 1.2
      vertex 32.7033 0.696683 0
      vertex 32.7033 0.696683 1.2
    endloop
  endfacet
  facet normal 0.893099 -0.44986 0
    outer loop
      vertex 32.8834 1.13135 0
      vertex 32.8304 1.02613 1.2
      vertex 32.8304 1.02613 0
    endloop
  endfacet
  facet normal 0.893099 -0.44986 0
    outer loop
      vertex 32.8304 1.02613 1.2
      vertex 32.8834 1.13135 0
      vertex 32.8834 1.13135 1.2
    endloop
  endfacet
  facet normal 0.788217 -0.615397 0
    outer loop
      vertex 33.1448 1.52254 0
      vertex 33.0723 1.42968 1.2
      vertex 33.0723 1.42968 0
    endloop
  endfacet
  facet normal 0.788217 -0.615397 0
    outer loop
      vertex 33.0723 1.42968 1.2
      vertex 33.1448 1.52254 0
      vertex 33.1448 1.52254 1.2
    endloop
  endfacet
  facet normal 0.817701 -0.575643 0
    outer loop
      vertex 33.0723 1.42968 0
      vertex 33.0045 1.33337 1.2
      vertex 33.0045 1.33337 0
    endloop
  endfacet
  facet normal 0.817701 -0.575643 0
    outer loop
      vertex 33.0045 1.33337 1.2
      vertex 33.0723 1.42968 0
      vertex 33.0723 1.42968 1.2
    endloop
  endfacet
  facet normal -0.313806 -0.949487 -0
    outer loop
      vertex 35.8085 2.25971 1.2
      vertex 35.6967 2.29666 0
      vertex 35.8085 2.25971 0
    endloop
  endfacet
  facet normal -0.313806 -0.949487 0
    outer loop
      vertex 35.6967 2.29666 0
      vertex 35.8085 2.25971 1.2
      vertex 35.6967 2.29666 1.2
    endloop
  endfacet
  facet normal -0.122322 -0.99249 -0
    outer loop
      vertex 35.3522 2.37402 1.2
      vertex 35.2352 2.38844 0
      vertex 35.3522 2.37402 0
    endloop
  endfacet
  facet normal -0.122322 -0.99249 0
    outer loop
      vertex 35.2352 2.38844 0
      vertex 35.3522 2.37402 1.2
      vertex 35.2352 2.38844 1.2
    endloop
  endfacet
  facet normal -0.97572 0.219023 0
    outer loop
      vertex 37.3539 -0.468216 1.2
      vertex 37.3281 -0.583152 0
      vertex 37.3281 -0.583152 1.2
    endloop
  endfacet
  facet normal -0.97572 0.219023 0
    outer loop
      vertex 37.3281 -0.583152 0
      vertex 37.3539 -0.468216 1.2
      vertex 37.3539 -0.468216 0
    endloop
  endfacet
  facet normal -0.575853 -0.817553 -0
    outer loop
      vertex 36.4297 1.9277 1.2
      vertex 36.3334 1.99553 0
      vertex 36.4297 1.9277 0
    endloop
  endfacet
  facet normal -0.575853 -0.817553 0
    outer loop
      vertex 36.3334 1.99553 0
      vertex 36.4297 1.9277 1.2
      vertex 36.3334 1.99553 1.2
    endloop
  endfacet
  facet normal -0.493227 -0.869901 -0
    outer loop
      vertex 36.2338 2.05855 1.2
      vertex 36.1314 2.11661 0
      vertex 36.2338 2.05855 0
    endloop
  endfacet
  facet normal -0.493227 -0.869901 0
    outer loop
      vertex 36.1314 2.11661 0
      vertex 36.2338 2.05855 1.2
      vertex 36.1314 2.11661 1.2
    endloop
  endfacet
  facet normal -0.449316 -0.893373 -0
    outer loop
      vertex 36.1314 2.11661 1.2
      vertex 36.0261 2.16957 0
      vertex 36.1314 2.11661 0
    endloop
  endfacet
  facet normal -0.449316 -0.893373 0
    outer loop
      vertex 36.0261 2.16957 0
      vertex 36.1314 2.11661 1.2
      vertex 36.0261 2.16957 1.2
    endloop
  endfacet
  facet normal -0.615539 -0.788107 -0
    outer loop
      vertex 36.5225 1.85522 1.2
      vertex 36.4297 1.9277 0
      vertex 36.5225 1.85522 0
    endloop
  endfacet
  facet normal -0.615539 -0.788107 0
    outer loop
      vertex 36.4297 1.9277 0
      vertex 36.5225 1.85522 1.2
      vertex 36.4297 1.9277 1.2
    endloop
  endfacet
  facet normal -0.72438 -0.689401 0
    outer loop
      vertex 36.6971 1.69706 1.2
      vertex 36.7783 1.61174 0
      vertex 36.7783 1.61174 1.2
    endloop
  endfacet
  facet normal -0.72438 -0.689401 0
    outer loop
      vertex 36.7783 1.61174 0
      vertex 36.6971 1.69706 1.2
      vertex 36.6971 1.69706 0
    endloop
  endfacet
  facet normal -0.689151 -0.724618 -0
    outer loop
      vertex 36.6971 1.69706 1.2
      vertex 36.6117 1.77828 0
      vertex 36.6971 1.69706 0
    endloop
  endfacet
  facet normal -0.689151 -0.724618 0
    outer loop
      vertex 36.6117 1.77828 0
      vertex 36.6971 1.69706 1.2
      vertex 36.6117 1.77828 1.2
    endloop
  endfacet
  facet normal -0.844932 -0.534874 0
    outer loop
      vertex 36.9955 1.33337 1.2
      vertex 37.0585 1.23385 0
      vertex 37.0585 1.23385 1.2
    endloop
  endfacet
  facet normal -0.844932 -0.534874 0
    outer loop
      vertex 37.0585 1.23385 0
      vertex 36.9955 1.33337 1.2
      vertex 36.9955 1.33337 0
    endloop
  endfacet
  facet normal -0.817701 -0.575643 0
    outer loop
      vertex 36.9277 1.42968 1.2
      vertex 36.9955 1.33337 0
      vertex 36.9955 1.33337 1.2
    endloop
  endfacet
  facet normal -0.817701 -0.575643 0
    outer loop
      vertex 36.9955 1.33337 0
      vertex 36.9277 1.42968 1.2
      vertex 36.9277 1.42968 0
    endloop
  endfacet
  facet normal 0.653151 -0.757228 0
    outer loop
      vertex 33.4775 1.85522 1.2
      vertex 33.3883 1.77828 0
      vertex 33.4775 1.85522 0
    endloop
  endfacet
  facet normal 0.653151 -0.757228 0
    outer loop
      vertex 33.3883 1.77828 0
      vertex 33.4775 1.85522 1.2
      vertex 33.3883 1.77828 1.2
    endloop
  endfacet
  facet normal 0.575853 -0.817553 0
    outer loop
      vertex 33.6666 1.99553 1.2
      vertex 33.5703 1.9277 0
      vertex 33.6666 1.99553 0
    endloop
  endfacet
  facet normal 0.575853 -0.817553 0
    outer loop
      vertex 33.5703 1.9277 0
      vertex 33.6666 1.99553 1.2
      vertex 33.5703 1.9277 1.2
    endloop
  endfacet
  facet normal 0.40524 -0.91421 0
    outer loop
      vertex 34.0816 2.21731 1.2
      vertex 33.9739 2.16957 0
      vertex 34.0816 2.21731 0
    endloop
  endfacet
  facet normal 0.40524 -0.91421 0
    outer loop
      vertex 33.9739 2.16957 0
      vertex 34.0816 2.21731 1.2
      vertex 33.9739 2.16957 1.2
    endloop
  endfacet
  facet normal 0.493227 -0.869901 0
    outer loop
      vertex 33.8686 2.11661 1.2
      vertex 33.7662 2.05855 0
      vertex 33.8686 2.11661 0
    endloop
  endfacet
  facet normal 0.493227 -0.869901 0
    outer loop
      vertex 33.7662 2.05855 0
      vertex 33.8686 2.11661 1.2
      vertex 33.7662 2.05855 1.2
    endloop
  endfacet
  facet normal 0.0736495 -0.997284 0
    outer loop
      vertex 34.8822 2.39711 1.2
      vertex 34.7648 2.38844 0
      vertex 34.8822 2.39711 0
    endloop
  endfacet
  facet normal 0.0736495 -0.997284 0
    outer loop
      vertex 34.7648 2.38844 0
      vertex 34.8822 2.39711 1.2
      vertex 34.7648 2.38844 1.2
    endloop
  endfacet
  facet normal 0.266715 -0.963775 0
    outer loop
      vertex 34.4168 2.32807 1.2
      vertex 34.3033 2.29666 0
      vertex 34.4168 2.32807 0
    endloop
  endfacet
  facet normal 0.266715 -0.963775 0
    outer loop
      vertex 34.3033 2.29666 0
      vertex 34.4168 2.32807 1.2
      vertex 34.3033 2.29666 1.2
    endloop
  endfacet
  facet normal -0.266715 -0.963775 -0
    outer loop
      vertex 35.6967 2.29666 1.2
      vertex 35.5832 2.32807 0
      vertex 35.6967 2.29666 0
    endloop
  endfacet
  facet normal -0.266715 -0.963775 0
    outer loop
      vertex 35.5832 2.32807 0
      vertex 35.6967 2.29666 1.2
      vertex 35.5832 2.32807 1.2
    endloop
  endfacet
  facet normal -0.653151 -0.757228 -0
    outer loop
      vertex 36.6117 1.77828 1.2
      vertex 36.5225 1.85522 0
      vertex 36.6117 1.77828 0
    endloop
  endfacet
  facet normal -0.653151 -0.757228 0
    outer loop
      vertex 36.5225 1.85522 0
      vertex 36.6117 1.77828 1.2
      vertex 36.5225 1.85522 1.2
    endloop
  endfacet
  facet normal 0.359946 -0.932973 0
    outer loop
      vertex 34.1915 2.25971 1.2
      vertex 34.0816 2.21731 0
      vertex 34.1915 2.25971 0
    endloop
  endfacet
  facet normal 0.359946 -0.932973 0
    outer loop
      vertex 34.0816 2.21731 0
      vertex 34.1915 2.25971 1.2
      vertex 34.0816 2.21731 1.2
    endloop
  endfacet
  facet normal 0.689472 0.724312 0
    outer loop
      vertex 94.7156 85.4095 36
      vertex 95.0711 85.0711 0
      vertex 94.7156 85.4095 0
    endloop
  endfacet
  facet normal 0.689472 0.724312 -0
    outer loop
      vertex 95.0711 85.0711 0
      vertex 94.7156 85.4095 36
      vertex 95.0711 85.0711 36
    endloop
  endfacet
  facet normal 0.313721 -0.949515 0
    outer loop
      vertex 91.3689 -87.4154 36
      vertex 90.9028 -87.5694 0
      vertex 91.3689 -87.4154 0
    endloop
  endfacet
  facet normal 0.313721 -0.949515 0
    outer loop
      vertex 90.9028 -87.5694 0
      vertex 91.3689 -87.4154 36
      vertex 90.9028 -87.5694 36
    endloop
  endfacet
  facet normal -0.653137 -0.75724 -0
    outer loop
      vertex -94.3439 -85.7301 36
      vertex -94.7156 -85.4095 0
      vertex -94.3439 -85.7301 0
    endloop
  endfacet
  facet normal -0.653137 -0.75724 0
    outer loop
      vertex -94.7156 -85.4095 0
      vertex -94.3439 -85.7301 36
      vertex -94.7156 -85.4095 36
    endloop
  endfacet
  facet normal 1 0 0
    outer loop
      vertex 98 78 0
      vertex 98 -78 36
      vertex 98 -78 0
    endloop
  endfacet
  facet normal 1 -0 0
    outer loop
      vertex 98 -78 36
      vertex 98 78 0
      vertex 98 78 36
    endloop
  endfacet
  facet normal 0 -1 -0
    outer loop
      vertex 88 -88 36
      vertex -88 -88 0
      vertex 88 -88 0
    endloop
  endfacet
  facet normal 0 -1 0
    outer loop
      vertex -88 -88 0
      vertex 88 -88 36
      vertex -88 -88 36
    endloop
  endfacet
  facet normal -1 -0 0
    outer loop
      vertex -98 78 36
      vertex -98 -78 0
      vertex -98 -78 36
    endloop
  endfacet
  facet normal -1 0 0
    outer loop
      vertex -98 -78 0
      vertex -98 78 36
      vertex -98 78 0
    endloop
  endfacet
  facet normal 0.0244476 -0.999701 0
    outer loop
      vertex 88.4907 -87.988 36
      vertex 88 -88 0
      vertex 88.4907 -87.988 0
    endloop
  endfacet
  facet normal 0.0244476 -0.999701 0
    outer loop
      vertex 88 -88 0
      vertex 88.4907 -87.988 36
      vertex 88 -88 36
    endloop
  endfacet
  facet normal -0.219216 -0.975676 -0
    outer loop
      vertex -89.9509 -87.8079 36
      vertex -90.4298 -87.7003 0
      vertex -89.9509 -87.8079 0
    endloop
  endfacet
  facet normal -0.219216 -0.975676 0
    outer loop
      vertex -90.4298 -87.7003 0
      vertex -89.9509 -87.8079 36
      vertex -90.4298 -87.7003 36
    endloop
  endfacet
  facet normal 0 0 -1
    outer loop
      vertex 88 -88 0
      vertex 98 -78 0
      vertex 97.988 -78.4907 0
    endloop
  endfacet
  facet normal 0 0 -1
    outer loop
      vertex 98 -78 0
      vertex 37.4 0 0
      vertex 98 78 0
    endloop
  endfacet
  facet normal 0 0 -1
    outer loop
      vertex 88 -88 0
      vertex 97.988 -78.4907 0
      vertex 97.9518 -78.9802 0
    endloop
  endfacet
  facet normal 0 0 -1
    outer loop
      vertex 37.3971 0.117762 0
      vertex 98 78 0
      vertex 37.4 0 0
    endloop
  endfacet
  facet normal 0 0 -1
    outer loop
      vertex 88 -88 0
      vertex 97.9518 -78.9802 0
      vertex 97.8918 -79.4673 0
    endloop
  endfacet
  facet normal 0 0 -1
    outer loop
      vertex 37.3884 0.235241 0
      vertex 98 78 0
      vertex 37.3971 0.117762 0
    endloop
  endfacet
  facet normal 0 0 -1
    outer loop
      vertex 88 -88 0
      vertex 97.8918 -79.4673 0
      vertex 97.8079 -79.9509 0
    endloop
  endfacet
  facet normal 0 0 -1
    outer loop
      vertex 37.374 0.352153 0
      vertex 98 78 0
      vertex 37.3884 0.235241 0
    endloop
  endfacet
  facet normal 0 0 -1
    outer loop
      vertex 88 -88 0
      vertex 97.8079 -79.9509 0
      vertex 97.7003 -80.4298 0
    endloop
  endfacet
  facet normal 0 0 -1
    outer loop
      vertex 37.3539 0.468216 0
      vertex 98 78 0
      vertex 37.374 0.352153 0
    endloop
  endfacet
  facet normal 0 0 -1
    outer loop
      vertex 88 -88 0
      vertex 97.7003 -80.4298 0
      vertex 97.5694 -80.9028 0
    endloop
  endfacet
  facet normal 0 0 -1
    outer loop
      vertex 37.3281 0.583152 0
      vertex 98 78 0
      vertex 37.3539 0.468216 0
    endloop
  endfacet
  facet normal 0 0 -1
    outer loop
      vertex 88 -88 0
      vertex 97.5694 -80.9028 0
      vertex 97.4154 -81.3689 0
    endloop
  endfacet
  facet normal 0 0 -1
    outer loop
      vertex 37.2967 0.696683 0
      vertex 98 78 0
      vertex 37.3281 0.583152 0
    endloop
  endfacet
  facet normal 0 0 -1
    outer loop
      vertex 88 -88 0
      vertex 97.4154 -81.3689 0
      vertex 97.2388 -81.8268 0
    endloop
  endfacet
  facet normal 0 0 -1
    outer loop
      vertex 37.2597 0.808536 0
      vertex 98 78 0
      vertex 37.2967 0.696683 0
    endloop
  endfacet
  facet normal 0 0 -1
    outer loop
      vertex 88 -88 0
      vertex 97.2388 -81.8268 0
      vertex 97.0399 -82.2756 0
    endloop
  endfacet
  facet normal 0 0 -1
    outer loop
      vertex 37.2173 0.91844 0
      vertex 98 78 0
      vertex 37.2597 0.808536 0
    endloop
  endfacet
  facet normal 0 0 -1
    outer loop
      vertex 88 -88 0
      vertex 97.0399 -82.2756 0
      vertex 96.8192 -82.714 0
    endloop
  endfacet
  facet normal 0 0 -1
    outer loop
      vertex 37.1696 1.02613 0
      vertex 98 78 0
      vertex 37.2173 0.91844 0
    endloop
  endfacet
  facet normal 0 0 -1
    outer loop
      vertex 88 -88 0
      vertex 96.8192 -82.714 0
      vertex 96.5773 -83.141 0
    endloop
  endfacet
  facet normal 0 0 -1
    outer loop
      vertex 37.1166 1.13135 0
      vertex 98 78 0
      vertex 37.1696 1.02613 0
    endloop
  endfacet
  facet normal 0 0 -1
    outer loop
      vertex 88 -88 0
      vertex 96.5773 -83.141 0
      vertex 96.3147 -83.5557 0
    endloop
  endfacet
  facet normal 0 0 -1
    outer loop
      vertex 37.0585 1.23385 0
      vertex 98 78 0
      vertex 37.1166 1.13135 0
    endloop
  endfacet
  facet normal 0 0 -1
    outer loop
      vertex 88 -88 0
      vertex 96.3147 -83.5557 0
      vertex 96.0321 -83.957 0
    endloop
  endfacet
  facet normal 0 0 -1
    outer loop
      vertex 36.9955 1.33337 0
      vertex 98 78 0
      vertex 37.0585 1.23385 0
    endloop
  endfacet
  facet normal 0 0 -1
    outer loop
      vertex 88 -88 0
      vertex 96.0321 -83.957 0
      vertex 95.7301 -84.3439 0
    endloop
  endfacet
  facet normal 0 0 -1
    outer loop
      vertex 36.9277 1.42968 0
      vertex 98 78 0
      vertex 36.9955 1.33337 0
    endloop
  endfacet
  facet normal 0 0 -1
    outer loop
      vertex 88 -88 0
      vertex 95.7301 -84.3439 0
      vertex 95.4095 -84.7156 0
    endloop
  endfacet
  facet normal 0 0 -1
    outer loop
      vertex 36.8552 1.52254 0
      vertex 98 78 0
      vertex 36.9277 1.42968 0
    endloop
  endfacet
  facet normal 0 0 -1
    outer loop
      vertex 88 -88 0
      vertex 95.4095 -84.7156 0
      vertex 95.0711 -85.0711 0
    endloop
  endfacet
  facet normal 0 0 -1
    outer loop
      vertex 36.7783 1.61174 0
      vertex 98 78 0
      vertex 36.8552 1.52254 0
    endloop
  endfacet
  facet normal 0 0 -1
    outer loop
      vertex 88 -88 0
      vertex 95.0711 -85.0711 0
      vertex 94.7156 -85.4095 0
    endloop
  endfacet
  facet normal 0 0 -1
    outer loop
      vertex 36.6971 1.69706 0
      vertex 98 78 0
      vertex 36.7783 1.61174 0
    endloop
  endfacet
  facet normal 0 0 -1
    outer loop
      vertex 88 -88 0
      vertex 94.7156 -85.4095 0
      vertex 94.3439 -85.7301 0
    endloop
  endfacet
  facet normal 0 0 -1
    outer loop
      vertex 36.6117 1.77828 0
      vertex 98 78 0
      vertex 36.6971 1.69706 0
    endloop
  endfacet
  facet normal 0 0 -1
    outer loop
      vertex 88 -88 0
      vertex 94.3439 -85.7301 0
      vertex 93.957 -86.0321 0
    endloop
  endfacet
  facet normal 0 0 -1
    outer loop
      vertex 36.5225 1.85522 0
      vertex 98 78 0
      vertex 36.6117 1.77828 0
    endloop
  endfacet
  facet normal 0 0 -1
    outer loop
      vertex 88 -88 0
      vertex 93.957 -86.0321 0
      vertex 93.5557 -86.3147 0
    endloop
  endfacet
  facet normal 0 0 -1
    outer loop
      vertex 36.4297 1.9277 0
      vertex 98 78 0
      vertex 36.5225 1.85522 0
    endloop
  endfacet
  facet normal 0 0 -1
    outer loop
      vertex 88 -88 0
      vertex 93.5557 -86.3147 0
      vertex 93.141 -86.5773 0
    endloop
  endfacet
  facet normal 0 0 -1
    outer loop
      vertex 36.3334 1.99553 0
      vertex 98 78 0
      vertex 36.4297 1.9277 0
    endloop
  endfacet
  facet normal 0 0 -1
    outer loop
      vertex 88 -88 0
      vertex 93.141 -86.5773 0
      vertex 92.714 -86.8192 0
    endloop
  endfacet
  facet normal 0 0 -1
    outer loop
      vertex 36.2338 2.05855 0
      vertex 98 78 0
      vertex 36.3334 1.99553 0
    endloop
  endfacet
  facet normal 0 0 -1
    outer loop
      vertex 88 -88 0
      vertex 92.714 -86.8192 0
      vertex 92.2756 -87.0399 0
    endloop
  endfacet
  facet normal 0 0 -1
    outer loop
      vertex 36.1314 2.11661 0
      vertex 98 78 0
      vertex 36.2338 2.05855 0
    endloop
  endfacet
  facet normal 0 0 -1
    outer loop
      vertex 88 -88 0
      vertex 92.2756 -87.0399 0
      vertex 91.8268 -87.2388 0
    endloop
  endfacet
  facet normal 0 0 -1
    outer loop
      vertex 36.0261 2.16957 0
      vertex 98 78 0
      vertex 36.1314 2.11661 0
    endloop
  endfacet
  facet normal 0 0 -1
    outer loop
      vertex 88 -88 0
      vertex 91.8268 -87.2388 0
      vertex 91.3689 -87.4154 0
    endloop
  endfacet
  facet normal 0 0 -1
    outer loop
      vertex 98 78 0
      vertex 88 88 0
      vertex 97.988 78.4907 0
    endloop
  endfacet
  facet normal 0 0 -1
    outer loop
      vertex 88 -88 0
      vertex 91.3689 -87.4154 0
      vertex 90.9028 -87.5694 0
    endloop
  endfacet
  facet normal 0 0 -1
    outer loop
      vertex 97.988 78.4907 0
      vertex 88 88 0
      vertex 97.9518 78.9802 0
    endloop
  endfacet
  facet normal 0 0 -1
    outer loop
      vertex 88 -88 0
      vertex 90.9028 -87.5694 0
      vertex 90.4298 -87.7003 0
    endloop
  endfacet
  facet normal 0 0 -1
    outer loop
      vertex 97.8918 79.4673 0
      vertex 88 88 0
      vertex 97.8079 79.9509 0
    endloop
  endfacet
  facet normal 0 0 -1
    outer loop
      vertex 88 -88 0
      vertex 90.4298 -87.7003 0
      vertex 89.9509 -87.8079 0
    endloop
  endfacet
  facet normal 0 0 -1
    outer loop
      vertex 97.7003 80.4298 0
      vertex 88 88 0
      vertex 97.5694 80.9028 0
    endloop
  endfacet
  facet normal 0 0 -1
    outer loop
      vertex 88 -88 0
      vertex 89.9509 -87.8079 0
      vertex 89.4673 -87.8918 0
    endloop
  endfacet
  facet normal 0 0 -1
    outer loop
      vertex 97.5694 80.9028 0
      vertex 88 88 0
      vertex 97.4154 81.3689 0
    endloop
  endfacet
  facet normal 0 0 -1
    outer loop
      vertex 88 -88 0
      vertex 89.4673 -87.8918 0
      vertex 88.9802 -87.9518 0
    endloop
  endfacet
  facet normal 0 0 -1
    outer loop
      vertex 97.2388 81.8268 0
      vertex 88 88 0
      vertex 97.0399 82.2756 0
    endloop
  endfacet
  facet normal 0 0 -1
    outer loop
      vertex 88 -88 0
      vertex 88.9802 -87.9518 0
      vertex 88.4907 -87.988 0
    endloop
  endfacet
  facet normal 0 0 -1
    outer loop
      vertex 96.8192 82.714 0
      vertex 88 88 0
      vertex 96.5773 83.141 0
    endloop
  endfacet
  facet normal 0 0 -1
    outer loop
      vertex 36.0261 -2.16957 0
      vertex 98 -78 0
      vertex 88 -88 0
    endloop
  endfacet
  facet normal 0 0 -1
    outer loop
      vertex 96.5773 83.141 0
      vertex 88 88 0
      vertex 96.3147 83.5557 0
    endloop
  endfacet
  facet normal 0 0 -1
    outer loop
      vertex 96.0321 83.957 0
      vertex 88 88 0
      vertex 95.7301 84.3439 0
    endloop
  endfacet
  facet normal 0 0 -1
    outer loop
      vertex 98 -78 0
      vertex 37.3971 -0.117762 0
      vertex 37.4 0 0
    endloop
  endfacet
  facet normal 0 0 -1
    outer loop
      vertex 98 -78 0
      vertex 37.3884 -0.235241 0
      vertex 37.3971 -0.117762 0
    endloop
  endfacet
  facet normal 0 0 -1
    outer loop
      vertex 98 -78 0
      vertex 37.374 -0.352153 0
      vertex 37.3884 -0.235241 0
    endloop
  endfacet
  facet normal 0 0 -1
    outer loop
      vertex 98 -78 0
      vertex 37.3539 -0.468216 0
      vertex 37.374 -0.352153 0
    endloop
  endfacet
  facet normal 0 0 -1
    outer loop
      vertex 98 -78 0
      vertex 37.3281 -0.583152 0
      vertex 37.3539 -0.468216 0
    endloop
  endfacet
  facet normal 0 0 -1
    outer loop
      vertex 98 -78 0
      vertex 37.2967 -0.696683 0
      vertex 37.3281 -0.583152 0
    endloop
  endfacet
  facet normal 0 0 -1
    outer loop
      vertex 98 -78 0
      vertex 37.2597 -0.808536 0
      vertex 37.2967 -0.696683 0
    endloop
  endfacet
  facet normal 0 0 -1
    outer loop
      vertex 98 -78 0
      vertex 37.2173 -0.91844 0
      vertex 37.2597 -0.808536 0
    endloop
  endfacet
  facet normal 0 0 -1
    outer loop
      vertex 98 -78 0
      vertex 37.1696 -1.02613 0
      vertex 37.2173 -0.91844 0
    endloop
  endfacet
  facet normal 0 0 -1
    outer loop
      vertex 98 -78 0
      vertex 37.1166 -1.13135 0
      vertex 37.1696 -1.02613 0
    endloop
  endfacet
  facet normal 0 0 -1
    outer loop
      vertex 98 -78 0
      vertex 37.0585 -1.23385 0
      vertex 37.1166 -1.13135 0
    endloop
  endfacet
  facet normal 0 0 -1
    outer loop
      vertex 98 -78 0
      vertex 36.9955 -1.33337 0
      vertex 37.0585 -1.23385 0
    endloop
  endfacet
  facet normal 0 0 -1
    outer loop
      vertex 98 -78 0
      vertex 36.9277 -1.42968 0
      vertex 36.9955 -1.33337 0
    endloop
  endfacet
  facet normal 0 0 -1
    outer loop
      vertex 98 -78 0
      vertex 36.8552 -1.52254 0
      vertex 36.9277 -1.42968 0
    endloop
  endfacet
  facet normal 0 0 -1
    outer loop
      vertex 98 -78 0
      vertex 36.7783 -1.61174 0
      vertex 36.8552 -1.52254 0
    endloop
  endfacet
  facet normal 0 0 -1
    outer loop
      vertex 98 -78 0
      vertex 36.6971 -1.69706 0
      vertex 36.7783 -1.61174 0
    endloop
  endfacet
  facet normal 0 0 -1
    outer loop
      vertex 98 -78 0
      vertex 36.6117 -1.77828 0
      vertex 36.6971 -1.69706 0
    endloop
  endfacet
  facet normal 0 0 -1
    outer loop
      vertex 98 -78 0
      vertex 36.5225 -1.85522 0
      vertex 36.6117 -1.77828 0
    endloop
  endfacet
  facet normal 0 0 -1
    outer loop
      vertex 98 -78 0
      vertex 36.4297 -1.9277 0
      vertex 36.5225 -1.85522 0
    endloop
  endfacet
  facet normal 0 0 -1
    outer loop
      vertex 98 -78 0
      vertex 36.3334 -1.99553 0
      vertex 36.4297 -1.9277 0
    endloop
  endfacet
  facet normal 0 0 -1
    outer loop
      vertex 98 -78 0
      vertex 36.2338 -2.05855 0
      vertex 36.3334 -1.99553 0
    endloop
  endfacet
  facet normal 0 0 -1
    outer loop
      vertex 98 -78 0
      vertex 36.1314 -2.11661 0
      vertex 36.2338 -2.05855 0
    endloop
  endfacet
  facet normal 0 0 -1
    outer loop
      vertex 98 -78 0
      vertex 36.0261 -2.16957 0
      vertex 36.1314 -2.11661 0
    endloop
  endfacet
  facet normal 0 0 -1
    outer loop
      vertex 88 -88 0
      vertex 35.9184 -2.21731 0
      vertex 36.0261 -2.16957 0
    endloop
  endfacet
  facet normal 0 0 -1
    outer loop
      vertex 88 -88 0
      vertex 35.8085 -2.25971 0
      vertex 35.9184 -2.21731 0
    endloop
  endfacet
  facet normal 0 0 -1
    outer loop
      vertex 88 -88 0
      vertex 35.6967 -2.29666 0
      vertex 35.8085 -2.25971 0
    endloop
  endfacet
  facet normal 0 0 -1
    outer loop
      vertex 88 -88 0
      vertex 35.5832 -2.32807 0
      vertex 35.6967 -2.29666 0
    endloop
  endfacet
  facet normal 0 0 -1
    outer loop
      vertex 88 -88 0
      vertex 35.4682 -2.35388 0
      vertex 35.5832 -2.32807 0
    endloop
  endfacet
  facet normal 0 0 -1
    outer loop
      vertex 88 -88 0
      vertex 35.3522 -2.37402 0
      vertex 35.4682 -2.35388 0
    endloop
  endfacet
  facet normal 0 0 -1
    outer loop
      vertex 88 -88 0
      vertex 35.2352 -2.38844 0
      vertex 35.3522 -2.37402 0
    endloop
  endfacet
  facet normal 0 0 -1
    outer loop
      vertex 88 -88 0
      vertex 35.1178 -2.39711 0
      vertex 35.2352 -2.38844 0
    endloop
  endfacet
  facet normal 0 0 -1
    outer loop
      vertex 88 -88 0
      vertex 35 -2.4 0
      vertex 35.1178 -2.39711 0
    endloop
  endfacet
  facet normal 0 0 -1
    outer loop
      vertex 88 -88 0
      vertex 34.8822 -2.39711 0
      vertex 35 -2.4 0
    endloop
  endfacet
  facet normal 0 0 -1
    outer loop
      vertex 88 -88 0
      vertex 34.7648 -2.38844 0
      vertex 34.8822 -2.39711 0
    endloop
  endfacet
  facet normal 0 0 -1
    outer loop
      vertex 88 -88 0
      vertex 34.6478 -2.37402 0
      vertex 34.7648 -2.38844 0
    endloop
  endfacet
  facet normal 0 0 -1
    outer loop
      vertex 88 -88 0
      vertex 34.5318 -2.35388 0
      vertex 34.6478 -2.37402 0
    endloop
  endfacet
  facet normal 0 0 -1
    outer loop
      vertex 88 -88 0
      vertex 34.4168 -2.32807 0
      vertex 34.5318 -2.35388 0
    endloop
  endfacet
  facet normal 0 0 -1
    outer loop
      vertex 88 -88 0
      vertex 34.3033 -2.29666 0
      vertex 34.4168 -2.32807 0
    endloop
  endfacet
  facet normal 0 0 -1
    outer loop
      vertex 88 -88 0
      vertex 34.1915 -2.25971 0
      vertex 34.3033 -2.29666 0
    endloop
  endfacet
  facet normal 0 0 -1
    outer loop
      vertex 88 -88 0
      vertex 34.0816 -2.21731 0
      vertex 34.1915 -2.25971 0
    endloop
  endfacet
  facet normal 0 0 -1
    outer loop
      vertex -34.0816 -2.21731 0
      vertex 34.0816 -2.21731 0
      vertex 88 -88 0
    endloop
  endfacet
  facet normal 0 0 -1
    outer loop
      vertex 34.0816 -2.21731 0
      vertex -34.0816 -2.21731 0
      vertex 33.9739 -2.16957 0
    endloop
  endfacet
  facet normal 0 -0 -1
    outer loop
      vertex -33.9739 -2.16957 0
      vertex 33.9739 -2.16957 0
      vertex -34.0816 -2.21731 0
    endloop
  endfacet
  facet normal 0 0 -1
    outer loop
      vertex 33.9739 -2.16957 0
      vertex -33.9739 -2.16957 0
      vertex 33.8686 -2.11661 0
    endloop
  endfacet
  facet normal 0 -0 -1
    outer loop
      vertex -33.8686 -2.11661 0
      vertex 33.8686 -2.11661 0
      vertex -33.9739 -2.16957 0
    endloop
  endfacet
  facet normal 0 0 -1
    outer loop
      vertex 33.8686 -2.11661 0
      vertex -33.8686 -2.11661 0
      vertex 33.7662 -2.05855 0
    endloop
  endfacet
  facet normal 0 -0 -1
    outer loop
      vertex -33.7662 -2.05855 0
      vertex 33.7662 -2.05855 0
      vertex -33.8686 -2.11661 0
    endloop
  endfacet
  facet normal 0 0 -1
    outer loop
      vertex 33.7662 -2.05855 0
      vertex -33.7662 -2.05855 0
      vertex 33.6666 -1.99553 0
    endloop
  endfacet
  facet normal 0 -0 -1
    outer loop
      vertex -33.6666 -1.99553 0
      vertex 33.6666 -1.99553 0
      vertex -33.7662 -2.05855 0
    endloop
  endfacet
  facet normal 0 0 -1
    outer loop
      vertex 33.6666 -1.99553 0
      vertex -33.6666 -1.99553 0
      vertex 33.5703 -1.9277 0
    endloop
  endfacet
  facet normal 0 -0 -1
    outer loop
      vertex -33.5703 -1.9277 0
      vertex 33.5703 -1.9277 0
      vertex -33.6666 -1.99553 0
    endloop
  endfacet
  facet normal 0 0 -1
    outer loop
      vertex 33.5703 -1.9277 0
      vertex -33.5703 -1.9277 0
      vertex 33.4775 -1.85522 0
    endloop
  endfacet
  facet normal 0 0 -1
    outer loop
      vertex 32.6029 -0.117762 0
      vertex -32.6 0 0
      vertex 32.6 0 0
    endloop
  endfacet
  facet normal 0 0 -1
    outer loop
      vertex -32.6029 -0.117762 0
      vertex 32.6029 -0.117762 0
      vertex 32.6116 -0.235241 0
    endloop
  endfacet
  facet normal 0 0 -1
    outer loop
      vertex -32.6116 -0.235241 0
      vertex 32.6116 -0.235241 0
      vertex 32.626 -0.352153 0
    endloop
  endfacet
  facet normal 0 0 -1
    outer loop
      vertex -32.626 -0.352153 0
      vertex 32.626 -0.352153 0
      vertex 32.6461 -0.468216 0
    endloop
  endfacet
  facet normal 0 0 -1
    outer loop
      vertex -32.6461 -0.468216 0
      vertex 32.6461 -0.468216 0
      vertex 32.6719 -0.583152 0
    endloop
  endfacet
  facet normal 0 0 -1
    outer loop
      vertex -32.6719 -0.583152 0
      vertex 32.6719 -0.583152 0
      vertex 32.7033 -0.696683 0
    endloop
  endfacet
  facet normal 0 0 -1
    outer loop
      vertex -32.7033 -0.696683 0
      vertex 32.7033 -0.696683 0
      vertex 32.7403 -0.808536 0
    endloop
  endfacet
  facet normal 0 0 -1
    outer loop
      vertex -32.7403 -0.808536 0
      vertex 32.7403 -0.808536 0
      vertex 32.7827 -0.91844 0
    endloop
  endfacet
  facet normal 0 0 -1
    outer loop
      vertex -32.7827 -0.91844 0
      vertex 32.7827 -0.91844 0
      vertex 32.8304 -1.02613 0
    endloop
  endfacet
  facet normal 0 0 -1
    outer loop
      vertex -32.8304 -1.02613 0
      vertex 32.8304 -1.02613 0
      vertex 32.8834 -1.13135 0
    endloop
  endfacet
  facet normal 0 0 -1
    outer loop
      vertex -32.8834 -1.13135 0
      vertex 32.8834 -1.13135 0
      vertex 32.9415 -1.23385 0
    endloop
  endfacet
  facet normal 0 0 -1
    outer loop
      vertex -32.9415 -1.23385 0
      vertex 32.9415 -1.23385 0
      vertex 33.0045 -1.33337 0
    endloop
  endfacet
  facet normal 0 -0 -1
    outer loop
      vertex -33.4775 -1.85522 0
      vertex 33.4775 -1.85522 0
      vertex -33.5703 -1.9277 0
    endloop
  endfacet
  facet normal 0 0 -1
    outer loop
      vertex 32.6029 -0.117762 0
      vertex -32.6029 -0.117762 0
      vertex -32.6 0 0
    endloop
  endfacet
  facet normal 0 0 -1
    outer loop
      vertex 32.6116 -0.235241 0
      vertex -32.6116 -0.235241 0
      vertex -32.6029 -0.117762 0
    endloop
  endfacet
  facet normal 0 0 -1
    outer loop
      vertex 32.626 -0.352153 0
      vertex -32.626 -0.352153 0
      vertex -32.6116 -0.235241 0
    endloop
  endfacet
  facet normal 0 0 -1
    outer loop
      vertex 32.6461 -0.468216 0
      vertex -32.6461 -0.468216 0
      vertex -32.626 -0.352153 0
    endloop
  endfacet
  facet normal 0 0 -1
    outer loop
      vertex 32.6719 -0.583152 0
      vertex -32.6719 -0.583152 0
      vertex -32.6461 -0.468216 0
    endloop
  endfacet
  facet normal 0 0 -1
    outer loop
      vertex 32.7033 -0.696683 0
      vertex -32.7033 -0.696683 0
      vertex -32.6719 -0.583152 0
    endloop
  endfacet
  facet normal 0 0 -1
    outer loop
      vertex 32.7403 -0.808536 0
      vertex -32.7403 -0.808536 0
      vertex -32.7033 -0.696683 0
    endloop
  endfacet
  facet normal 0 0 -1
    outer loop
      vertex 32.7827 -0.91844 0
      vertex -32.7827 -0.91844 0
      vertex -32.7403 -0.808536 0
    endloop
  endfacet
  facet normal 0 0 -1
    outer loop
      vertex 32.8304 -1.02613 0
      vertex -32.8304 -1.02613 0
      vertex -32.7827 -0.91844 0
    endloop
  endfacet
  facet normal 0 0 -1
    outer loop
      vertex 32.8834 -1.13135 0
      vertex -32.8834 -1.13135 0
      vertex -32.8304 -1.02613 0
    endloop
  endfacet
  facet normal 0 0 -1
    outer loop
      vertex 32.9415 -1.23385 0
      vertex -32.9415 -1.23385 0
      vertex -32.8834 -1.13135 0
    endloop
  endfacet
  facet normal 0 0 -1
    outer loop
      vertex 33.0045 -1.33337 0
      vertex -33.0045 -1.33337 0
      vertex -32.9415 -1.23385 0
    endloop
  endfacet
  facet normal -0 0 -1
    outer loop
      vertex 33.0045 -1.33337 0
      vertex -33.0723 -1.42968 0
      vertex -33.0045 -1.33337 0
    endloop
  endfacet
  facet normal 0 0 -1
    outer loop
      vertex 33.0723 -1.42968 0
      vertex -33.0723 -1.42968 0
      vertex 33.0045 -1.33337 0
    endloop
  endfacet
  facet normal 0 -0 -1
    outer loop
      vertex -33.0723 -1.42968 0
      vertex 33.0723 -1.42968 0
      vertex -33.1448 -1.52254 0
    endloop
  endfacet
  facet normal 0 0 -1
    outer loop
      vertex 33.1448 -1.52254 0
      vertex -33.1448 -1.52254 0
      vertex 33.0723 -1.42968 0
    endloop
  endfacet
  facet normal 0 -0 -1
    outer loop
      vertex -33.1448 -1.52254 0
      vertex 33.1448 -1.52254 0
      vertex -33.2217 -1.61174 0
    endloop
  endfacet
  facet normal 0 0 -1
    outer loop
      vertex 33.2217 -1.61174 0
      vertex -33.2217 -1.61174 0
      vertex 33.1448 -1.52254 0
    endloop
  endfacet
  facet normal 0 -0 -1
    outer loop
      vertex -33.2217 -1.61174 0
      vertex 33.2217 -1.61174 0
      vertex -33.3029 -1.69706 0
    endloop
  endfacet
  facet normal 0 0 -1
    outer loop
      vertex 33.3029 -1.69706 0
      vertex -33.3029 -1.69706 0
      vertex 33.2217 -1.61174 0
    endloop
  endfacet
  facet normal 0 -0 -1
    outer loop
      vertex -33.3029 -1.69706 0
      vertex 33.3029 -1.69706 0
      vertex -33.3883 -1.77828 0
    endloop
  endfacet
  facet normal 0 0 -1
    outer loop
      vertex 33.3883 -1.77828 0
      vertex -33.3883 -1.77828 0
      vertex 33.3029 -1.69706 0
    endloop
  endfacet
  facet normal 0 -0 -1
    outer loop
      vertex -33.3883 -1.77828 0
      vertex 33.3883 -1.77828 0
      vertex -33.4775 -1.85522 0
    endloop
  endfacet
  facet normal 0 0 -1
    outer loop
      vertex 33.4775 -1.85522 0
      vertex -33.4775 -1.85522 0
      vertex 33.3883 -1.77828 0
    endloop
  endfacet
  facet normal 0 0 -1
    outer loop
      vertex -88 -88 0
      vertex -34.0816 -2.21731 0
      vertex 88 -88 0
    endloop
  endfacet
  facet normal 0 0 -1
    outer loop
      vertex -34.0816 -2.21731 0
      vertex -88 -88 0
      vertex -34.1915 -2.25971 0
    endloop
  endfacet
  facet normal 0 0 -1
    outer loop
      vertex -34.1915 -2.25971 0
      vertex -88 -88 0
      vertex -34.3033 -2.29666 0
    endloop
  endfacet
  facet normal 0 0 -1
    outer loop
      vertex -34.3033 -2.29666 0
      vertex -88 -88 0
      vertex -34.4168 -2.32807 0
    endloop
  endfacet
  facet normal 0 0 -1
    outer loop
      vertex -34.4168 -2.32807 0
      vertex -88 -88 0
      vertex -34.5318 -2.35388 0
    endloop
  endfacet
  facet normal 0 0 -1
    outer loop
      vertex -34.5318 -2.35388 0
      vertex -88 -88 0
      vertex -34.6478 -2.37402 0
    endloop
  endfacet
  facet normal 0 0 -1
    outer loop
      vertex -34.6478 -2.37402 0
      vertex -88 -88 0
      vertex -34.7648 -2.38844 0
    endloop
  endfacet
  facet normal 0 0 -1
    outer loop
      vertex -34.7648 -2.38844 0
      vertex -88 -88 0
      vertex -34.8822 -2.39711 0
    endloop
  endfacet
  facet normal 0 0 -1
    outer loop
      vertex -34.8822 -2.39711 0
      vertex -88 -88 0
      vertex -35 -2.4 0
    endloop
  endfacet
  facet normal -0 0 -1
    outer loop
      vertex -35 -2.4 0
      vertex -88 -88 0
      vertex -35.1178 -2.39711 0
    endloop
  endfacet
  facet normal -0 0 -1
    outer loop
      vertex -35.1178 -2.39711 0
      vertex -88 -88 0
      vertex -35.2352 -2.38844 0
    endloop
  endfacet
  facet normal -0 0 -1
    outer loop
      vertex -35.2352 -2.38844 0
      vertex -88 -88 0
      vertex -35.3522 -2.37402 0
    endloop
  endfacet
  facet normal -0 0 -1
    outer loop
      vertex -35.3522 -2.37402 0
      vertex -88 -88 0
      vertex -35.4682 -2.35388 0
    endloop
  endfacet
  facet normal -0 0 -1
    outer loop
      vertex -35.4682 -2.35388 0
      vertex -88 -88 0
      vertex -35.5832 -2.32807 0
    endloop
  endfacet
  facet normal -0 0 -1
    outer loop
      vertex -35.5832 -2.32807 0
      vertex -88 -88 0
      vertex -35.6967 -2.29666 0
    endloop
  endfacet
  facet normal -0 0 -1
    outer loop
      vertex -35.6967 -2.29666 0
      vertex -88 -88 0
      vertex -35.8085 -2.25971 0
    endloop
  endfacet
  facet normal -0 0 -1
    outer loop
      vertex -35.8085 -2.25971 0
      vertex -88 -88 0
      vertex -35.9184 -2.21731 0
    endloop
  endfacet
  facet normal -0 0 -1
    outer loop
      vertex -35.9184 -2.21731 0
      vertex -88 -88 0
      vertex -36.0261 -2.16957 0
    endloop
  endfacet
  facet normal 0 0 -1
    outer loop
      vertex -98 -78 0
      vertex -36.0261 -2.16957 0
      vertex -88 -88 0
    endloop
  endfacet
  facet normal -0 0 -1
    outer loop
      vertex -36.0261 -2.16957 0
      vertex -98 -78 0
      vertex -36.1314 -2.11661 0
    endloop
  endfacet
  facet normal -0 0 -1
    outer loop
      vertex -37.3884 -0.235241 0
      vertex -98 -78 0
      vertex -37.3971 -0.117762 0
    endloop
  endfacet
  facet normal -0 0 -1
    outer loop
      vertex -37.374 -0.352153 0
      vertex -98 -78 0
      vertex -37.3884 -0.235241 0
    endloop
  endfacet
  facet normal -0 0 -1
    outer loop
      vertex -37.3539 -0.468216 0
      vertex -98 -78 0
      vertex -37.374 -0.352153 0
    endloop
  endfacet
  facet normal -0 0 -1
    outer loop
      vertex -37.3281 -0.583152 0
      vertex -98 -78 0
      vertex -37.3539 -0.468216 0
    endloop
  endfacet
  facet normal -0 0 -1
    outer loop
      vertex -37.2967 -0.696683 0
      vertex -98 -78 0
      vertex -37.3281 -0.583152 0
    endloop
  endfacet
  facet normal -0 0 -1
    outer loop
      vertex -37.2597 -0.808536 0
      vertex -98 -78 0
      vertex -37.2967 -0.696683 0
    endloop
  endfacet
  facet normal -0 0 -1
    outer loop
      vertex -37.2173 -0.91844 0
      vertex -98 -78 0
      vertex -37.2597 -0.808536 0
    endloop
  endfacet
  facet normal -0 0 -1
    outer loop
      vertex -37.1696 -1.02613 0
      vertex -98 -78 0
      vertex -37.2173 -0.91844 0
    endloop
  endfacet
  facet normal -0 0 -1
    outer loop
      vertex -37.1166 -1.13135 0
      vertex -98 -78 0
      vertex -37.1696 -1.02613 0
    endloop
  endfacet
  facet normal -0 0 -1
    outer loop
      vertex -37.0585 -1.23385 0
      vertex -98 -78 0
      vertex -37.1166 -1.13135 0
    endloop
  endfacet
  facet normal -0 0 -1
    outer loop
      vertex -36.9955 -1.33337 0
      vertex -98 -78 0
      vertex -37.0585 -1.23385 0
    endloop
  endfacet
  facet normal -0 0 -1
    outer loop
      vertex -36.9277 -1.42968 0
      vertex -98 -78 0
      vertex -36.9955 -1.33337 0
    endloop
  endfacet
  facet normal -0 0 -1
    outer loop
      vertex -36.8552 -1.52254 0
      vertex -98 -78 0
      vertex -36.9277 -1.42968 0
    endloop
  endfacet
  facet normal -0 0 -1
    outer loop
      vertex -36.7783 -1.61174 0
      vertex -98 -78 0
      vertex -36.8552 -1.52254 0
    endloop
  endfacet
  facet normal -0 0 -1
    outer loop
      vertex -36.6971 -1.69706 0
      vertex -98 -78 0
      vertex -36.7783 -1.61174 0
    endloop
  endfacet
  facet normal -0 0 -1
    outer loop
      vertex -36.6117 -1.77828 0
      vertex -98 -78 0
      vertex -36.6971 -1.69706 0
    endloop
  endfacet
  facet normal -0 0 -1
    outer loop
      vertex -36.5225 -1.85522 0
      vertex -98 -78 0
      vertex -36.6117 -1.77828 0
    endloop
  endfacet
  facet normal -0 0 -1
    outer loop
      vertex -36.4297 -1.9277 0
      vertex -98 -78 0
      vertex -36.5225 -1.85522 0
    endloop
  endfacet
  facet normal -0 0 -1
    outer loop
      vertex -36.3334 -1.99553 0
      vertex -98 -78 0
      vertex -36.4297 -1.9277 0
    endloop
  endfacet
  facet normal -0 0 -1
    outer loop
      vertex -36.2338 -2.05855 0
      vertex -98 -78 0
      vertex -36.3334 -1.99553 0
    endloop
  endfacet
  facet normal -0 0 -1
    outer loop
      vertex -36.1314 -2.11661 0
      vertex -98 -78 0
      vertex -36.2338 -2.05855 0
    endloop
  endfacet
  facet normal 0 0 -1
    outer loop
      vertex 95.4095 84.7156 0
      vertex 88 88 0
      vertex 95.0711 85.0711 0
    endloop
  endfacet
  facet normal 0 0 -1
    outer loop
      vertex 95.0711 85.0711 0
      vertex 88 88 0
      vertex 94.7156 85.4095 0
    endloop
  endfacet
  facet normal 0 0 -1
    outer loop
      vertex 94.3439 85.7301 0
      vertex 88 88 0
      vertex 93.957 86.0321 0
    endloop
  endfacet
  facet normal 0 0 -1
    outer loop
      vertex 93.5557 86.3147 0
      vertex 88 88 0
      vertex 93.141 86.5773 0
    endloop
  endfacet
  facet normal 0 0 -1
    outer loop
      vertex 93.141 86.5773 0
      vertex 88 88 0
      vertex 92.714 86.8192 0
    endloop
  endfacet
  facet normal 0 0 -1
    outer loop
      vertex 92.2756 87.0399 0
      vertex 88 88 0
      vertex 91.8268 87.2388 0
    endloop
  endfacet
  facet normal 0 0 -1
    outer loop
      vertex 91.8268 87.2388 0
      vertex 88 88 0
      vertex 91.3689 87.4154 0
    endloop
  endfacet
  facet normal 0 0 -1
    outer loop
      vertex 90.9028 87.5694 0
      vertex 88 88 0
      vertex 90.4298 87.7003 0
    endloop
  endfacet
  facet normal 0 0 -1
    outer loop
      vertex 89.9509 87.8079 0
      vertex 88 88 0
      vertex 89.4673 87.8918 0
    endloop
  endfacet
  facet normal 0 0 -1
    outer loop
      vertex 89.4673 87.8918 0
      vertex 88 88 0
      vertex 88.9802 87.9518 0
    endloop
  endfacet
  facet normal 0 0 -1
    outer loop
      vertex 88.9802 87.9518 0
      vertex 88 88 0
      vertex 88.4907 87.988 0
    endloop
  endfacet
  facet normal 0 0 -1
    outer loop
      vertex 90.4298 87.7003 0
      vertex 88 88 0
      vertex 89.9509 87.8079 0
    endloop
  endfacet
  facet normal 0 0 -1
    outer loop
      vertex 91.3689 87.4154 0
      vertex 88 88 0
      vertex 90.9028 87.5694 0
    endloop
  endfacet
  facet normal 0 0 -1
    outer loop
      vertex 92.714 86.8192 0
      vertex 88 88 0
      vertex 92.2756 87.0399 0
    endloop
  endfacet
  facet normal 0 0 -1
    outer loop
      vertex 93.957 86.0321 0
      vertex 88 88 0
      vertex 93.5557 86.3147 0
    endloop
  endfacet
  facet normal 0 0 -1
    outer loop
      vertex 94.7156 85.4095 0
      vertex 88 88 0
      vertex 94.3439 85.7301 0
    endloop
  endfacet
  facet normal 0 0 -1
    outer loop
      vertex 95.7301 84.3439 0
      vertex 88 88 0
      vertex 95.4095 84.7156 0
    endloop
  endfacet
  facet normal 0 0 -1
    outer loop
      vertex 96.3147 83.5557 0
      vertex 88 88 0
      vertex 96.0321 83.957 0
    endloop
  endfacet
  facet normal 0 0 -1
    outer loop
      vertex 97.0399 82.2756 0
      vertex 88 88 0
      vertex 96.8192 82.714 0
    endloop
  endfacet
  facet normal 0 0 -1
    outer loop
      vertex 97.4154 81.3689 0
      vertex 88 88 0
      vertex 97.2388 81.8268 0
    endloop
  endfacet
  facet normal 0 0 -1
    outer loop
      vertex 97.8079 79.9509 0
      vertex 88 88 0
      vertex 97.7003 80.4298 0
    endloop
  endfacet
  facet normal 0 0 -1
    outer loop
      vertex 97.9518 78.9802 0
      vertex 88 88 0
      vertex 97.8918 79.4673 0
    endloop
  endfacet
  facet normal -0 0 -1
    outer loop
      vertex 98 78 0
      vertex 36.0261 2.16957 0
      vertex 88 88 0
    endloop
  endfacet
  facet normal 0 0 -1
    outer loop
      vertex 35.9184 2.21731 0
      vertex 88 88 0
      vertex 36.0261 2.16957 0
    endloop
  endfacet
  facet normal 0 0 -1
    outer loop
      vertex 35.8085 2.25971 0
      vertex 88 88 0
      vertex 35.9184 2.21731 0
    endloop
  endfacet
  facet normal 0 0 -1
    outer loop
      vertex 35.6967 2.29666 0
      vertex 88 88 0
      vertex 35.8085 2.25971 0
    endloop
  endfacet
  facet normal 0 0 -1
    outer loop
      vertex 35.5832 2.32807 0
      vertex 88 88 0
      vertex 35.6967 2.29666 0
    endloop
  endfacet
  facet normal 0 0 -1
    outer loop
      vertex 35.4682 2.35388 0
      vertex 88 88 0
      vertex 35.5832 2.32807 0
    endloop
  endfacet
  facet normal 0 0 -1
    outer loop
      vertex 35.3522 2.37402 0
      vertex 88 88 0
      vertex 35.4682 2.35388 0
    endloop
  endfacet
  facet normal 0 0 -1
    outer loop
      vertex 35.2352 2.38844 0
      vertex 88 88 0
      vertex 35.3522 2.37402 0
    endloop
  endfacet
  facet normal 0 0 -1
    outer loop
      vertex 35.1178 2.39711 0
      vertex 88 88 0
      vertex 35.2352 2.38844 0
    endloop
  endfacet
  facet normal 0 0 -1
    outer loop
      vertex 35 2.4 0
      vertex 88 88 0
      vertex 35.1178 2.39711 0
    endloop
  endfacet
  facet normal 0 0 -1
    outer loop
      vertex 34.8822 2.39711 0
      vertex 88 88 0
      vertex 35 2.4 0
    endloop
  endfacet
  facet normal 0 0 -1
    outer loop
      vertex 34.7648 2.38844 0
      vertex 88 88 0
      vertex 34.8822 2.39711 0
    endloop
  endfacet
  facet normal 0 0 -1
    outer loop
      vertex 34.6478 2.37402 0
      vertex 88 88 0
      vertex 34.7648 2.38844 0
    endloop
  endfacet
  facet normal 0 0 -1
    outer loop
      vertex 34.5318 2.35388 0
      vertex 88 88 0
      vertex 34.6478 2.37402 0
    endloop
  endfacet
  facet normal 0 0 -1
    outer loop
      vertex 34.4168 2.32807 0
      vertex 88 88 0
      vertex 34.5318 2.35388 0
    endloop
  endfacet
  facet normal 0 0 -1
    outer loop
      vertex 34.3033 2.29666 0
      vertex 88 88 0
      vertex 34.4168 2.32807 0
    endloop
  endfacet
  facet normal 0 0 -1
    outer loop
      vertex 34.1915 2.25971 0
      vertex 88 88 0
      vertex 34.3033 2.29666 0
    endloop
  endfacet
  facet normal 0 0 -1
    outer loop
      vertex 34.0816 2.21731 0
      vertex 88 88 0
      vertex 34.1915 2.25971 0
    endloop
  endfacet
  facet normal 0 0 -1
    outer loop
      vertex -34.0816 2.21731 0
      vertex 34.0816 2.21731 0
      vertex 33.9739 2.16957 0
    endloop
  endfacet
  facet normal 0 0 -1
    outer loop
      vertex -33.9739 2.16957 0
      vertex 33.9739 2.16957 0
      vertex 33.8686 2.11661 0
    endloop
  endfacet
  facet normal 0 0 -1
    outer loop
      vertex -33.8686 2.11661 0
      vertex 33.8686 2.11661 0
      vertex 33.7662 2.05855 0
    endloop
  endfacet
  facet normal 0 0 -1
    outer loop
      vertex -33.7662 2.05855 0
      vertex 33.7662 2.05855 0
      vertex 33.6666 1.99553 0
    endloop
  endfacet
  facet normal 0 0 -1
    outer loop
      vertex -33.6666 1.99553 0
      vertex 33.6666 1.99553 0
      vertex 33.5703 1.9277 0
    endloop
  endfacet
  facet normal 0 0 -1
    outer loop
      vertex -33.5703 1.9277 0
      vertex 33.5703 1.9277 0
      vertex 33.4775 1.85522 0
    endloop
  endfacet
  facet normal 0 0 -1
    outer loop
      vertex -33.4775 1.85522 0
      vertex 33.4775 1.85522 0
      vertex 33.3883 1.77828 0
    endloop
  endfacet
  facet normal 0 0 -1
    outer loop
      vertex -33.3883 1.77828 0
      vertex 33.3883 1.77828 0
      vertex 33.3029 1.69706 0
    endloop
  endfacet
  facet normal 0 0 -1
    outer loop
      vertex -33.3029 1.69706 0
      vertex 33.3029 1.69706 0
      vertex 33.2217 1.61174 0
    endloop
  endfacet
  facet normal 0 0 -1
    outer loop
      vertex -33.2217 1.61174 0
      vertex 33.2217 1.61174 0
      vertex 33.1448 1.52254 0
    endloop
  endfacet
  facet normal 0 0 -1
    outer loop
      vertex -33.1448 1.52254 0
      vertex 33.1448 1.52254 0
      vertex 33.0723 1.42968 0
    endloop
  endfacet
  facet normal 0 0 -1
    outer loop
      vertex -33.0723 1.42968 0
      vertex 33.0723 1.42968 0
      vertex 33.0045 1.33337 0
    endloop
  endfacet
  facet normal 0 0 -1
    outer loop
      vertex -32.6 0 0
      vertex 32.6029 0.117762 0
      vertex 32.6 0 0
    endloop
  endfacet
  facet normal 0 0 -1
    outer loop
      vertex -32.6029 0.117762 0
      vertex 32.6029 0.117762 0
      vertex -32.6 0 0
    endloop
  endfacet
  facet normal 0 0 -1
    outer loop
      vertex 32.6029 0.117762 0
      vertex -32.6029 0.117762 0
      vertex 32.6116 0.235241 0
    endloop
  endfacet
  facet normal 0 0 -1
    outer loop
      vertex -32.6116 0.235241 0
      vertex 32.6116 0.235241 0
      vertex -32.6029 0.117762 0
    endloop
  endfacet
  facet normal 0 0 -1
    outer loop
      vertex 32.6116 0.235241 0
      vertex -32.6116 0.235241 0
      vertex 32.626 0.352153 0
    endloop
  endfacet
  facet normal 0 0 -1
    outer loop
      vertex -32.626 0.352153 0
      vertex 32.626 0.352153 0
      vertex -32.6116 0.235241 0
    endloop
  endfacet
  facet normal 0 0 -1
    outer loop
      vertex 32.626 0.352153 0
      vertex -32.626 0.352153 0
      vertex 32.6461 0.468216 0
    endloop
  endfacet
  facet normal 0 0 -1
    outer loop
      vertex -32.6461 0.468216 0
      vertex 32.6461 0.468216 0
      vertex -32.626 0.352153 0
    endloop
  endfacet
  facet normal 0 0 -1
    outer loop
      vertex 32.6461 0.468216 0
      vertex -32.6461 0.468216 0
      vertex 32.6719 0.583152 0
    endloop
  endfacet
  facet normal 0 0 -1
    outer loop
      vertex -32.6719 0.583152 0
      vertex 32.6719 0.583152 0
      vertex -32.6461 0.468216 0
    endloop
  endfacet
  facet normal 0 0 -1
    outer loop
      vertex 32.6719 0.583152 0
      vertex -32.6719 0.583152 0
      vertex 32.7033 0.696683 0
    endloop
  endfacet
  facet normal 0 0 -1
    outer loop
      vertex -32.7033 0.696683 0
      vertex 32.7033 0.696683 0
      vertex -32.6719 0.583152 0
    endloop
  endfacet
  facet normal 0 0 -1
    outer loop
      vertex 32.7033 0.696683 0
      vertex -32.7033 0.696683 0
      vertex 32.7403 0.808536 0
    endloop
  endfacet
  facet normal 0 0 -1
    outer loop
      vertex -32.7403 0.808536 0
      vertex 32.7403 0.808536 0
      vertex -32.7033 0.696683 0
    endloop
  endfacet
  facet normal 0 0 -1
    outer loop
      vertex 32.7403 0.808536 0
      vertex -32.7403 0.808536 0
      vertex 32.7827 0.91844 0
    endloop
  endfacet
  facet normal 0 0 -1
    outer loop
      vertex -32.7827 0.91844 0
      vertex 32.7827 0.91844 0
      vertex -32.7403 0.808536 0
    endloop
  endfacet
  facet normal 0 0 -1
    outer loop
      vertex 32.7827 0.91844 0
      vertex -32.7827 0.91844 0
      vertex 32.8304 1.02613 0
    endloop
  endfacet
  facet normal 0 0 -1
    outer loop
      vertex -32.8304 1.02613 0
      vertex 32.8304 1.02613 0
      vertex -32.7827 0.91844 0
    endloop
  endfacet
  facet normal 0 0 -1
    outer loop
      vertex 32.8304 1.02613 0
      vertex -32.8304 1.02613 0
      vertex 32.8834 1.13135 0
    endloop
  endfacet
  facet normal 0 0 -1
    outer loop
      vertex -32.8834 1.13135 0
      vertex 32.8834 1.13135 0
      vertex -32.8304 1.02613 0
    endloop
  endfacet
  facet normal 0 0 -1
    outer loop
      vertex 32.8834 1.13135 0
      vertex -32.8834 1.13135 0
      vertex 32.9415 1.23385 0
    endloop
  endfacet
  facet normal 0 0 -1
    outer loop
      vertex -32.9415 1.23385 0
      vertex 32.9415 1.23385 0
      vertex -32.8834 1.13135 0
    endloop
  endfacet
  facet normal 0 0 -1
    outer loop
      vertex 32.9415 1.23385 0
      vertex -32.9415 1.23385 0
      vertex 33.0045 1.33337 0
    endloop
  endfacet
  facet normal 0 0 -1
    outer loop
      vertex -33.0045 1.33337 0
      vertex 33.0045 1.33337 0
      vertex -32.9415 1.23385 0
    endloop
  endfacet
  facet normal 0 0 -1
    outer loop
      vertex -33.0723 1.42968 0
      vertex 33.0045 1.33337 0
      vertex -33.0045 1.33337 0
    endloop
  endfacet
  facet normal 0 0 -1
    outer loop
      vertex 33.0723 1.42968 0
      vertex -33.0723 1.42968 0
      vertex -33.1448 1.52254 0
    endloop
  endfacet
  facet normal 0 0 -1
    outer loop
      vertex 33.1448 1.52254 0
      vertex -33.1448 1.52254 0
      vertex -33.2217 1.61174 0
    endloop
  endfacet
  facet normal 0 0 -1
    outer loop
      vertex 33.2217 1.61174 0
      vertex -33.2217 1.61174 0
      vertex -33.3029 1.69706 0
    endloop
  endfacet
  facet normal 0 0 -1
    outer loop
      vertex 33.3029 1.69706 0
      vertex -33.3029 1.69706 0
      vertex -33.3883 1.77828 0
    endloop
  endfacet
  facet normal 0 0 -1
    outer loop
      vertex 33.3883 1.77828 0
      vertex -33.3883 1.77828 0
      vertex -33.4775 1.85522 0
    endloop
  endfacet
  facet normal 0 0 -1
    outer loop
      vertex 33.4775 1.85522 0
      vertex -33.4775 1.85522 0
      vertex -33.5703 1.9277 0
    endloop
  endfacet
  facet normal 0 0 -1
    outer loop
      vertex 33.5703 1.9277 0
      vertex -33.5703 1.9277 0
      vertex -33.6666 1.99553 0
    endloop
  endfacet
  facet normal 0 0 -1
    outer loop
      vertex 33.6666 1.99553 0
      vertex -33.6666 1.99553 0
      vertex -33.7662 2.05855 0
    endloop
  endfacet
  facet normal 0 0 -1
    outer loop
      vertex 33.7662 2.05855 0
      vertex -33.7662 2.05855 0
      vertex -33.8686 2.11661 0
    endloop
  endfacet
  facet normal 0 0 -1
    outer loop
      vertex 33.8686 2.11661 0
      vertex -33.8686 2.11661 0
      vertex -33.9739 2.16957 0
    endloop
  endfacet
  facet normal 0 0 -1
    outer loop
      vertex 33.9739 2.16957 0
      vertex -33.9739 2.16957 0
      vertex -34.0816 2.21731 0
    endloop
  endfacet
  facet normal 0 0 -1
    outer loop
      vertex 34.0816 2.21731 0
      vertex -34.0816 2.21731 0
      vertex 88 88 0
    endloop
  endfacet
  facet normal 0 0 -1
    outer loop
      vertex -88 88 0
      vertex -34.0816 2.21731 0
      vertex -34.1915 2.25971 0
    endloop
  endfacet
  facet normal 0 0 -1
    outer loop
      vertex -88 88 0
      vertex -34.1915 2.25971 0
      vertex -34.3033 2.29666 0
    endloop
  endfacet
  facet normal 0 0 -1
    outer loop
      vertex -88 88 0
      vertex -34.3033 2.29666 0
      vertex -34.4168 2.32807 0
    endloop
  endfacet
  facet normal 0 0 -1
    outer loop
      vertex -88 88 0
      vertex -34.4168 2.32807 0
      vertex -34.5318 2.35388 0
    endloop
  endfacet
  facet normal 0 0 -1
    outer loop
      vertex -88 88 0
      vertex -34.5318 2.35388 0
      vertex -34.6478 2.37402 0
    endloop
  endfacet
  facet normal 0 0 -1
    outer loop
      vertex -88 88 0
      vertex -34.6478 2.37402 0
      vertex -34.7648 2.38844 0
    endloop
  endfacet
  facet normal 0 0 -1
    outer loop
      vertex -88 88 0
      vertex -34.7648 2.38844 0
      vertex -34.8822 2.39711 0
    endloop
  endfacet
  facet normal 0 0 -1
    outer loop
      vertex -88 88 0
      vertex -34.8822 2.39711 0
      vertex -35 2.4 0
    endloop
  endfacet
  facet normal 0 0 -1
    outer loop
      vertex -88 88 0
      vertex -35 2.4 0
      vertex -35.1178 2.39711 0
    endloop
  endfacet
  facet normal 0 0 -1
    outer loop
      vertex -88 88 0
      vertex -35.1178 2.39711 0
      vertex -35.2352 2.38844 0
    endloop
  endfacet
  facet normal 0 0 -1
    outer loop
      vertex -88 88 0
      vertex -35.2352 2.38844 0
      vertex -35.3522 2.37402 0
    endloop
  endfacet
  facet normal 0 0 -1
    outer loop
      vertex -88 88 0
      vertex -35.3522 2.37402 0
      vertex -35.4682 2.35388 0
    endloop
  endfacet
  facet normal 0 0 -1
    outer loop
      vertex -88 88 0
      vertex -35.4682 2.35388 0
      vertex -35.5832 2.32807 0
    endloop
  endfacet
  facet normal 0 0 -1
    outer loop
      vertex -88 88 0
      vertex -35.5832 2.32807 0
      vertex -35.6967 2.29666 0
    endloop
  endfacet
  facet normal 0 0 -1
    outer loop
      vertex -88 88 0
      vertex -35.6967 2.29666 0
      vertex -35.8085 2.25971 0
    endloop
  endfacet
  facet normal 0 0 -1
    outer loop
      vertex -88 88 0
      vertex -35.8085 2.25971 0
      vertex -35.9184 2.21731 0
    endloop
  endfacet
  facet normal 0 0 -1
    outer loop
      vertex -88 88 0
      vertex -35.9184 2.21731 0
      vertex -36.0261 2.16957 0
    endloop
  endfacet
  facet normal 0 0 -1
    outer loop
      vertex -98 78 0
      vertex -36.0261 2.16957 0
      vertex -36.1314 2.11661 0
    endloop
  endfacet
  facet normal 0 0 -1
    outer loop
      vertex -98 78 0
      vertex -36.1314 2.11661 0
      vertex -36.2338 2.05855 0
    endloop
  endfacet
  facet normal 0 0 -1
    outer loop
      vertex -98 78 0
      vertex -36.2338 2.05855 0
      vertex -36.3334 1.99553 0
    endloop
  endfacet
  facet normal -0 0 -1
    outer loop
      vertex -37.3971 -0.117762 0
      vertex -98 -78 0
      vertex -37.4 0 0
    endloop
  endfacet
  facet normal 0 0 -1
    outer loop
      vertex -98 78 0
      vertex -37.4 0 0
      vertex -98 -78 0
    endloop
  endfacet
  facet normal 0 0 -1
    outer loop
      vertex -37.4 0 0
      vertex -98 78 0
      vertex -37.3971 0.117762 0
    endloop
  endfacet
  facet normal 0 0 -1
    outer loop
      vertex -37.3971 0.117762 0
      vertex -98 78 0
      vertex -37.3884 0.235241 0
    endloop
  endfacet
  facet normal 0 0 -1
    outer loop
      vertex -37.3884 0.235241 0
      vertex -98 78 0
      vertex -37.374 0.352153 0
    endloop
  endfacet
  facet normal 0 0 -1
    outer loop
      vertex -37.374 0.352153 0
      vertex -98 78 0
      vertex -37.3539 0.468216 0
    endloop
  endfacet
  facet normal 0 0 -1
    outer loop
      vertex -37.3539 0.468216 0
      vertex -98 78 0
      vertex -37.3281 0.583152 0
    endloop
  endfacet
  facet normal 0 0 -1
    outer loop
      vertex -37.3281 0.583152 0
      vertex -98 78 0
      vertex -37.2967 0.696683 0
    endloop
  endfacet
  facet normal 0 0 -1
    outer loop
      vertex -37.2967 0.696683 0
      vertex -98 78 0
      vertex -37.2597 0.808536 0
    endloop
  endfacet
  facet normal 0 0 -1
    outer loop
      vertex -37.2597 0.808536 0
      vertex -98 78 0
      vertex -37.2173 0.91844 0
    endloop
  endfacet
  facet normal 0 0 -1
    outer loop
      vertex -37.2173 0.91844 0
      vertex -98 78 0
      vertex -37.1696 1.02613 0
    endloop
  endfacet
  facet normal 0 0 -1
    outer loop
      vertex -34.0816 2.21731 0
      vertex -88 88 0
      vertex 88 88 0
    endloop
  endfacet
  facet normal 0 0 -1
    outer loop
      vertex -98 78 0
      vertex -36.3334 1.99553 0
      vertex -36.4297 1.9277 0
    endloop
  endfacet
  facet normal 0 0 -1
    outer loop
      vertex -98 78 0
      vertex -36.4297 1.9277 0
      vertex -36.5225 1.85522 0
    endloop
  endfacet
  facet normal 0 0 -1
    outer loop
      vertex -98 78 0
      vertex -36.5225 1.85522 0
      vertex -36.6117 1.77828 0
    endloop
  endfacet
  facet normal 0 0 -1
    outer loop
      vertex -98 78 0
      vertex -36.6117 1.77828 0
      vertex -36.6971 1.69706 0
    endloop
  endfacet
  facet normal 0 0 -1
    outer loop
      vertex -98 78 0
      vertex -36.6971 1.69706 0
      vertex -36.7783 1.61174 0
    endloop
  endfacet
  facet normal 0 0 -1
    outer loop
      vertex -98 78 0
      vertex -36.7783 1.61174 0
      vertex -36.8552 1.52254 0
    endloop
  endfacet
  facet normal 0 0 -1
    outer loop
      vertex -98 78 0
      vertex -36.8552 1.52254 0
      vertex -36.9277 1.42968 0
    endloop
  endfacet
  facet normal 0 0 -1
    outer loop
      vertex -98 78 0
      vertex -36.9277 1.42968 0
      vertex -36.9955 1.33337 0
    endloop
  endfacet
  facet normal 0 0 -1
    outer loop
      vertex -98 78 0
      vertex -36.9955 1.33337 0
      vertex -37.0585 1.23385 0
    endloop
  endfacet
  facet normal 0 0 -1
    outer loop
      vertex -37.1696 1.02613 0
      vertex -98 78 0
      vertex -37.1166 1.13135 0
    endloop
  endfacet
  facet normal 0 0 -1
    outer loop
      vertex -98 -78 0
      vertex -88 -88 0
      vertex -88.4907 -87.988 0
    endloop
  endfacet
  facet normal 0 0 -1
    outer loop
      vertex -37.1166 1.13135 0
      vertex -98 78 0
      vertex -37.0585 1.23385 0
    endloop
  endfacet
  facet normal 0 0 -1
    outer loop
      vertex -98 -78 0
      vertex -88.4907 -87.988 0
      vertex -88.9802 -87.9518 0
    endloop
  endfacet
  facet normal 0 0 -1
    outer loop
      vertex -36.0261 2.16957 0
      vertex -98 78 0
      vertex -88 88 0
    endloop
  endfacet
  facet normal 0 0 -1
    outer loop
      vertex -98 -78 0
      vertex -88.9802 -87.9518 0
      vertex -89.4673 -87.8918 0
    endloop
  endfacet
  facet normal 0 0 -1
    outer loop
      vertex -88 88 0
      vertex -98 78 0
      vertex -88.4907 87.988 0
    endloop
  endfacet
  facet normal 0 0 -1
    outer loop
      vertex -98 -78 0
      vertex -89.4673 -87.8918 0
      vertex -89.9509 -87.8079 0
    endloop
  endfacet
  facet normal 0 0 -1
    outer loop
      vertex -88.4907 87.988 0
      vertex -98 78 0
      vertex -88.9802 87.9518 0
    endloop
  endfacet
  facet normal 0 0 -1
    outer loop
      vertex -98 -78 0
      vertex -89.9509 -87.8079 0
      vertex -90.4298 -87.7003 0
    endloop
  endfacet
  facet normal 0 0 -1
    outer loop
      vertex -88.9802 87.9518 0
      vertex -98 78 0
      vertex -89.4673 87.8918 0
    endloop
  endfacet
  facet normal 0 0 -1
    outer loop
      vertex -98 -78 0
      vertex -90.4298 -87.7003 0
      vertex -90.9028 -87.5694 0
    endloop
  endfacet
  facet normal 0 0 -1
    outer loop
      vertex -89.4673 87.8918 0
      vertex -98 78 0
      vertex -89.9509 87.8079 0
    endloop
  endfacet
  facet normal 0 0 -1
    outer loop
      vertex -98 -78 0
      vertex -90.9028 -87.5694 0
      vertex -91.3689 -87.4154 0
    endloop
  endfacet
  facet normal 0 0 -1
    outer loop
      vertex -89.9509 87.8079 0
      vertex -98 78 0
      vertex -90.4298 87.7003 0
    endloop
  endfacet
  facet normal 0 0 -1
    outer loop
      vertex -98 -78 0
      vertex -91.3689 -87.4154 0
      vertex -91.8268 -87.2388 0
    endloop
  endfacet
  facet normal 0 0 -1
    outer loop
      vertex -90.4298 87.7003 0
      vertex -98 78 0
      vertex -90.9028 87.5694 0
    endloop
  endfacet
  facet normal 0 0 -1
    outer loop
      vertex -98 -78 0
      vertex -91.8268 -87.2388 0
      vertex -92.2756 -87.0399 0
    endloop
  endfacet
  facet normal 0 0 -1
    outer loop
      vertex -90.9028 87.5694 0
      vertex -98 78 0
      vertex -91.3689 87.4154 0
    endloop
  endfacet
  facet normal 0 0 -1
    outer loop
      vertex -98 -78 0
      vertex -92.2756 -87.0399 0
      vertex -92.714 -86.8192 0
    endloop
  endfacet
  facet normal 0 0 -1
    outer loop
      vertex -91.3689 87.4154 0
      vertex -98 78 0
      vertex -91.8268 87.2388 0
    endloop
  endfacet
  facet normal 0 0 -1
    outer loop
      vertex -98 -78 0
      vertex -92.714 -86.8192 0
      vertex -93.141 -86.5773 0
    endloop
  endfacet
  facet normal 0 0 -1
    outer loop
      vertex -91.8268 87.2388 0
      vertex -98 78 0
      vertex -92.2756 87.0399 0
    endloop
  endfacet
  facet normal 0 0 -1
    outer loop
      vertex -98 -78 0
      vertex -93.141 -86.5773 0
      vertex -93.5557 -86.3147 0
    endloop
  endfacet
  facet normal 0 0 -1
    outer loop
      vertex -92.2756 87.0399 0
      vertex -98 78 0
      vertex -92.714 86.8192 0
    endloop
  endfacet
  facet normal 0 0 -1
    outer loop
      vertex -98 -78 0
      vertex -93.5557 -86.3147 0
      vertex -93.957 -86.0321 0
    endloop
  endfacet
  facet normal 0 0 -1
    outer loop
      vertex -92.714 86.8192 0
      vertex -98 78 0
      vertex -93.141 86.5773 0
    endloop
  endfacet
  facet normal 0 0 -1
    outer loop
      vertex -98 -78 0
      vertex -93.957 -86.0321 0
      vertex -94.3439 -85.7301 0
    endloop
  endfacet
  facet normal 0 0 -1
    outer loop
      vertex -93.141 86.5773 0
      vertex -98 78 0
      vertex -93.5557 86.3147 0
    endloop
  endfacet
  facet normal 0 0 -1
    outer loop
      vertex -98 -78 0
      vertex -94.3439 -85.7301 0
      vertex -94.7156 -85.4095 0
    endloop
  endfacet
  facet normal 0 0 -1
    outer loop
      vertex -93.5557 86.3147 0
      vertex -98 78 0
      vertex -93.957 86.0321 0
    endloop
  endfacet
  facet normal 0 0 -1
    outer loop
      vertex -98 -78 0
      vertex -94.7156 -85.4095 0
      vertex -95.0711 -85.0711 0
    endloop
  endfacet
  facet normal 0 0 -1
    outer loop
      vertex -93.957 86.0321 0
      vertex -98 78 0
      vertex -94.3439 85.7301 0
    endloop
  endfacet
  facet normal 0 0 -1
    outer loop
      vertex -98 -78 0
      vertex -95.0711 -85.0711 0
      vertex -95.4095 -84.7156 0
    endloop
  endfacet
  facet normal 0 0 -1
    outer loop
      vertex -94.3439 85.7301 0
      vertex -98 78 0
      vertex -94.7156 85.4095 0
    endloop
  endfacet
  facet normal 0 0 -1
    outer loop
      vertex -98 -78 0
      vertex -95.4095 -84.7156 0
      vertex -95.7301 -84.3439 0
    endloop
  endfacet
  facet normal 0 0 -1
    outer loop
      vertex -94.7156 85.4095 0
      vertex -98 78 0
      vertex -95.0711 85.0711 0
    endloop
  endfacet
  facet normal 0 0 -1
    outer loop
      vertex -98 -78 0
      vertex -95.7301 -84.3439 0
      vertex -96.0321 -83.957 0
    endloop
  endfacet
  facet normal 0 0 -1
    outer loop
      vertex -95.0711 85.0711 0
      vertex -98 78 0
      vertex -95.4095 84.7156 0
    endloop
  endfacet
  facet normal 0 0 -1
    outer loop
      vertex -98 -78 0
      vertex -96.0321 -83.957 0
      vertex -96.3147 -83.5557 0
    endloop
  endfacet
  facet normal 0 0 -1
    outer loop
      vertex -95.4095 84.7156 0
      vertex -98 78 0
      vertex -95.7301 84.3439 0
    endloop
  endfacet
  facet normal 0 0 -1
    outer loop
      vertex -98 -78 0
      vertex -96.3147 -83.5557 0
      vertex -96.5773 -83.141 0
    endloop
  endfacet
  facet normal 0 0 -1
    outer loop
      vertex -95.7301 84.3439 0
      vertex -98 78 0
      vertex -96.0321 83.957 0
    endloop
  endfacet
  facet normal 0 0 -1
    outer loop
      vertex -98 -78 0
      vertex -96.5773 -83.141 0
      vertex -96.8192 -82.714 0
    endloop
  endfacet
  facet normal 0 0 -1
    outer loop
      vertex -96.0321 83.957 0
      vertex -98 78 0
      vertex -96.3147 83.5557 0
    endloop
  endfacet
  facet normal 0 0 -1
    outer loop
      vertex -98 -78 0
      vertex -96.8192 -82.714 0
      vertex -97.0399 -82.2756 0
    endloop
  endfacet
  facet normal 0 0 -1
    outer loop
      vertex -96.3147 83.5557 0
      vertex -98 78 0
      vertex -96.5773 83.141 0
    endloop
  endfacet
  facet normal 0 0 -1
    outer loop
      vertex -98 -78 0
      vertex -97.0399 -82.2756 0
      vertex -97.2388 -81.8268 0
    endloop
  endfacet
  facet normal 0 0 -1
    outer loop
      vertex -96.5773 83.141 0
      vertex -98 78 0
      vertex -96.8192 82.714 0
    endloop
  endfacet
  facet normal 0 0 -1
    outer loop
      vertex -98 -78 0
      vertex -97.2388 -81.8268 0
      vertex -97.4154 -81.3689 0
    endloop
  endfacet
  facet normal 0 0 -1
    outer loop
      vertex -96.8192 82.714 0
      vertex -98 78 0
      vertex -97.0399 82.2756 0
    endloop
  endfacet
  facet normal 0 0 -1
    outer loop
      vertex -98 -78 0
      vertex -97.4154 -81.3689 0
      vertex -97.5694 -80.9028 0
    endloop
  endfacet
  facet normal 0 0 -1
    outer loop
      vertex -97.0399 82.2756 0
      vertex -98 78 0
      vertex -97.2388 81.8268 0
    endloop
  endfacet
  facet normal 0 0 -1
    outer loop
      vertex -98 -78 0
      vertex -97.5694 -80.9028 0
      vertex -97.7003 -80.4298 0
    endloop
  endfacet
  facet normal 0 0 -1
    outer loop
      vertex -97.2388 81.8268 0
      vertex -98 78 0
      vertex -97.4154 81.3689 0
    endloop
  endfacet
  facet normal 0 0 -1
    outer loop
      vertex -98 -78 0
      vertex -97.7003 -80.4298 0
      vertex -97.8079 -79.9509 0
    endloop
  endfacet
  facet normal 0 0 -1
    outer loop
      vertex -97.4154 81.3689 0
      vertex -98 78 0
      vertex -97.5694 80.9028 0
    endloop
  endfacet
  facet normal 0 0 -1
    outer loop
      vertex -98 -78 0
      vertex -97.8079 -79.9509 0
      vertex -97.8918 -79.4673 0
    endloop
  endfacet
  facet normal 0 0 -1
    outer loop
      vertex -97.5694 80.9028 0
      vertex -98 78 0
      vertex -97.7003 80.4298 0
    endloop
  endfacet
  facet normal 0 0 -1
    outer loop
      vertex -98 -78 0
      vertex -97.8918 -79.4673 0
      vertex -97.9518 -78.9802 0
    endloop
  endfacet
  facet normal 0 0 -1
    outer loop
      vertex -97.7003 80.4298 0
      vertex -98 78 0
      vertex -97.8079 79.9509 0
    endloop
  endfacet
  facet normal 0 0 -1
    outer loop
      vertex -98 -78 0
      vertex -97.9518 -78.9802 0
      vertex -97.988 -78.4907 0
    endloop
  endfacet
  facet normal 0 0 -1
    outer loop
      vertex -97.8079 79.9509 0
      vertex -98 78 0
      vertex -97.8918 79.4673 0
    endloop
  endfacet
  facet normal 0 0 -1
    outer loop
      vertex -97.8918 79.4673 0
      vertex -98 78 0
      vertex -97.9518 78.9802 0
    endloop
  endfacet
  facet normal 0 0 -1
    outer loop
      vertex -97.9518 78.9802 0
      vertex -98 78 0
      vertex -97.988 78.4907 0
    endloop
  endfacet
  facet normal -0.933014 0.359839 0
    outer loop
      vertex -97.2388 81.8268 36
      vertex -97.4154 81.3689 0
      vertex -97.4154 81.3689 36
    endloop
  endfacet
  facet normal -0.933014 0.359839 0
    outer loop
      vertex -97.4154 81.3689 0
      vertex -97.2388 81.8268 36
      vertex -97.2388 81.8268 0
    endloop
  endfacet
  facet normal 0.266719 -0.963774 0
    outer loop
      vertex 90.9028 -87.5694 36
      vertex 90.4298 -87.7003 0
      vertex 90.9028 -87.5694 0
    endloop
  endfacet
  facet normal 0.266719 -0.963774 0
    outer loop
      vertex 90.4298 -87.7003 0
      vertex 90.9028 -87.5694 36
      vertex 90.4298 -87.7003 36
    endloop
  endfacet
  facet normal -0.313721 -0.949515 -0
    outer loop
      vertex -90.9028 -87.5694 36
      vertex -91.3689 -87.4154 0
      vertex -90.9028 -87.5694 0
    endloop
  endfacet
  facet normal -0.313721 -0.949515 0
    outer loop
      vertex -91.3689 -87.4154 0
      vertex -90.9028 -87.5694 36
      vertex -91.3689 -87.4154 36
    endloop
  endfacet
  facet normal -0.49291 -0.87008 -0
    outer loop
      vertex -92.714 -86.8192 36
      vertex -93.141 -86.5773 0
      vertex -92.714 -86.8192 0
    endloop
  endfacet
  facet normal -0.49291 -0.87008 0
    outer loop
      vertex -93.141 -86.5773 0
      vertex -92.714 -86.8192 36
      vertex -93.141 -86.5773 36
    endloop
  endfacet
  facet normal -0.534989 -0.844859 -0
    outer loop
      vertex -93.141 -86.5773 36
      vertex -93.5557 -86.3147 0
      vertex -93.141 -86.5773 0
    endloop
  endfacet
  facet normal -0.534989 -0.844859 0
    outer loop
      vertex -93.5557 -86.3147 0
      vertex -93.141 -86.5773 36
      vertex -93.5557 -86.3147 36
    endloop
  endfacet
  facet normal 0.49291 -0.87008 0
    outer loop
      vertex 93.141 -86.5773 36
      vertex 92.714 -86.8192 0
      vertex 93.141 -86.5773 0
    endloop
  endfacet
  facet normal 0.49291 -0.87008 0
    outer loop
      vertex 92.714 -86.8192 0
      vertex 93.141 -86.5773 36
      vertex 92.714 -86.8192 36
    endloop
  endfacet
  facet normal 0 1 0
    outer loop
      vertex -88 88 36
      vertex 88 88 0
      vertex -88 88 0
    endloop
  endfacet
  facet normal 0 1 -0
    outer loop
      vertex 88 88 0
      vertex -88 88 36
      vertex 88 88 36
    endloop
  endfacet
  facet normal 0.997277 0.0737516 0
    outer loop
      vertex 97.9518 78.9802 0
      vertex 97.988 78.4907 36
      vertex 97.988 78.4907 0
    endloop
  endfacet
  facet normal 0.997277 0.0737516 0
    outer loop
      vertex 97.988 78.4907 36
      vertex 97.9518 78.9802 0
      vertex 97.9518 78.9802 36
    endloop
  endfacet
  facet normal 0.985282 -0.170937 0
    outer loop
      vertex 97.8918 -79.4673 0
      vertex 97.8079 -79.9509 36
      vertex 97.8079 -79.9509 0
    endloop
  endfacet
  facet normal 0.985282 -0.170937 0
    outer loop
      vertex 97.8079 -79.9509 36
      vertex 97.8918 -79.4673 0
      vertex 97.8918 -79.4673 36
    endloop
  endfacet
  facet normal -0.788287 -0.615308 0
    outer loop
      vertex -96.0321 -83.957 36
      vertex -95.7301 -84.3439 0
      vertex -95.7301 -84.3439 36
    endloop
  endfacet
  facet normal -0.788287 -0.615308 0
    outer loop
      vertex -95.7301 -84.3439 0
      vertex -96.0321 -83.957 36
      vertex -96.0321 -83.957 0
    endloop
  endfacet
  facet normal -0.985282 0.170937 0
    outer loop
      vertex -97.8079 79.9509 36
      vertex -97.8918 79.4673 0
      vertex -97.8918 79.4673 36
    endloop
  endfacet
  facet normal -0.985282 0.170937 0
    outer loop
      vertex -97.8918 79.4673 0
      vertex -97.8079 79.9509 36
      vertex -97.8079 79.9509 0
    endloop
  endfacet
  facet normal 0 0 1
    outer loop
      vertex 96.8 78 36
      vertex 98 78 36
      vertex 97.988 78.4907 36
    endloop
  endfacet
  facet normal 0 0 1
    outer loop
      vertex 98 78 36
      vertex 96.8 78 36
      vertex 98 -78 36
    endloop
  endfacet
  facet normal 0 0 1
    outer loop
      vertex 96.7894 78.4318 36
      vertex 97.988 78.4907 36
      vertex 97.9518 78.9802 36
    endloop
  endfacet
  facet normal 0 0 1
    outer loop
      vertex 96.8 -78 36
      vertex 98 -78 36
      vertex 96.8 78 36
    endloop
  endfacet
  facet normal 0 0 1
    outer loop
      vertex 96.7576 78.8625 36
      vertex 97.9518 78.9802 36
      vertex 97.8918 79.4673 36
    endloop
  endfacet
  facet normal 0 0 1
    outer loop
      vertex 98 -78 36
      vertex 96.8 -78 36
      vertex 97.988 -78.4907 36
    endloop
  endfacet
  facet normal 0 0 1
    outer loop
      vertex 96.7048 79.2912 36
      vertex 97.8918 79.4673 36
      vertex 97.8079 79.9509 36
    endloop
  endfacet
  facet normal -0 0 1
    outer loop
      vertex 96.7894 -78.4318 36
      vertex 97.988 -78.4907 36
      vertex 96.8 -78 36
    endloop
  endfacet
  facet normal 0 0 1
    outer loop
      vertex 96.6309 79.7168 36
      vertex 97.8079 79.9509 36
      vertex 97.7003 80.4298 36
    endloop
  endfacet
  facet normal 0 0 1
    outer loop
      vertex 97.988 -78.4907 36
      vertex 96.7894 -78.4318 36
      vertex 97.9518 -78.9802 36
    endloop
  endfacet
  facet normal 0 0 1
    outer loop
      vertex 96.5363 80.1382 36
      vertex 97.7003 80.4298 36
      vertex 97.5694 80.9028 36
    endloop
  endfacet
  facet normal -0 0 1
    outer loop
      vertex 96.7576 -78.8625 36
      vertex 97.9518 -78.9802 36
      vertex 96.7894 -78.4318 36
    endloop
  endfacet
  facet normal 0 0 1
    outer loop
      vertex 96.4211 80.5545 36
      vertex 97.5694 80.9028 36
      vertex 97.4154 81.3689 36
    endloop
  endfacet
  facet normal 0 0 1
    outer loop
      vertex 97.9518 -78.9802 36
      vertex 96.7576 -78.8625 36
      vertex 97.8918 -79.4673 36
    endloop
  endfacet
  facet normal 0 0 1
    outer loop
      vertex 96.2856 80.9646 36
      vertex 97.4154 81.3689 36
      vertex 97.2388 81.8268 36
    endloop
  endfacet
  facet normal -0 0 1
    outer loop
      vertex 96.7048 -79.2912 36
      vertex 97.8918 -79.4673 36
      vertex 96.7576 -78.8625 36
    endloop
  endfacet
  facet normal 0 0 1
    outer loop
      vertex 96.1301 81.3676 36
      vertex 97.2388 81.8268 36
      vertex 97.0399 82.2756 36
    endloop
  endfacet
  facet normal 0 0 1
    outer loop
      vertex 97.8918 -79.4673 36
      vertex 96.7048 -79.2912 36
      vertex 97.8079 -79.9509 36
    endloop
  endfacet
  facet normal 0 0 1
    outer loop
      vertex 95.9551 81.7625 36
      vertex 97.0399 82.2756 36
      vertex 96.8192 82.714 36
    endloop
  endfacet
  facet normal -0 0 1
    outer loop
      vertex 96.6309 -79.7168 36
      vertex 97.8079 -79.9509 36
      vertex 96.7048 -79.2912 36
    endloop
  endfacet
  facet normal 0 0 1
    outer loop
      vertex 97.8079 -79.9509 36
      vertex 96.6309 -79.7168 36
      vertex 97.7003 -80.4298 36
    endloop
  endfacet
  facet normal 0 0 1
    outer loop
      vertex 97.988 78.4907 36
      vertex 96.7894 78.4318 36
      vertex 96.8 78 36
    endloop
  endfacet
  facet normal 0 0 1
    outer loop
      vertex 97.9518 78.9802 36
      vertex 96.7576 78.8625 36
      vertex 96.7894 78.4318 36
    endloop
  endfacet
  facet normal 0 0 1
    outer loop
      vertex 97.8918 79.4673 36
      vertex 96.7048 79.2912 36
      vertex 96.7576 78.8625 36
    endloop
  endfacet
  facet normal 0 0 1
    outer loop
      vertex 97.8079 79.9509 36
      vertex 96.6309 79.7168 36
      vertex 96.7048 79.2912 36
    endloop
  endfacet
  facet normal 0 0 1
    outer loop
      vertex 95.7609 82.1483 36
      vertex 96.8192 82.714 36
      vertex 96.5773 83.141 36
    endloop
  endfacet
  facet normal 0 0 1
    outer loop
      vertex 97.7003 80.4298 36
      vertex 96.5363 80.1382 36
      vertex 96.6309 79.7168 36
    endloop
  endfacet
  facet normal 0 0 1
    outer loop
      vertex 97.5694 80.9028 36
      vertex 96.4211 80.5545 36
      vertex 96.5363 80.1382 36
    endloop
  endfacet
  facet normal 0 0 1
    outer loop
      vertex 95.548 82.5241 36
      vertex 96.5773 83.141 36
      vertex 96.3147 83.5557 36
    endloop
  endfacet
  facet normal 0 0 1
    outer loop
      vertex 97.4154 81.3689 36
      vertex 96.2856 80.9646 36
      vertex 96.4211 80.5545 36
    endloop
  endfacet
  facet normal 0 0 1
    outer loop
      vertex 97.2388 81.8268 36
      vertex 96.1301 81.3676 36
      vertex 96.2856 80.9646 36
    endloop
  endfacet
  facet normal 0 0 1
    outer loop
      vertex 95.3169 82.889 36
      vertex 96.3147 83.5557 36
      vertex 96.0321 83.957 36
    endloop
  endfacet
  facet normal 0 0 1
    outer loop
      vertex 97.0399 82.2756 36
      vertex 95.9551 81.7625 36
      vertex 96.1301 81.3676 36
    endloop
  endfacet
  facet normal 0 0 1
    outer loop
      vertex 96.8192 82.714 36
      vertex 95.7609 82.1483 36
      vertex 95.9551 81.7625 36
    endloop
  endfacet
  facet normal 0 0 1
    outer loop
      vertex 95.0682 83.2422 36
      vertex 96.0321 83.957 36
      vertex 95.7301 84.3439 36
    endloop
  endfacet
  facet normal 0 0 1
    outer loop
      vertex 96.5773 83.141 36
      vertex 95.548 82.5241 36
      vertex 95.7609 82.1483 36
    endloop
  endfacet
  facet normal 0 0 1
    outer loop
      vertex 94.8025 83.5827 36
      vertex 95.7301 84.3439 36
      vertex 95.4095 84.7156 36
    endloop
  endfacet
  facet normal 0 0 1
    outer loop
      vertex 96.3147 83.5557 36
      vertex 95.3169 82.889 36
      vertex 95.548 82.5241 36
    endloop
  endfacet
  facet normal 0 0 1
    outer loop
      vertex 94.5204 83.9097 36
      vertex 95.4095 84.7156 36
      vertex 95.0711 85.0711 36
    endloop
  endfacet
  facet normal 0 0 1
    outer loop
      vertex 96.0321 83.957 36
      vertex 95.0682 83.2422 36
      vertex 95.3169 82.889 36
    endloop
  endfacet
  facet normal 0 0 1
    outer loop
      vertex 95.7301 84.3439 36
      vertex 94.8025 83.5827 36
      vertex 95.0682 83.2422 36
    endloop
  endfacet
  facet normal 0 0 1
    outer loop
      vertex 94.2225 84.2225 36
      vertex 95.0711 85.0711 36
      vertex 94.7156 85.4095 36
    endloop
  endfacet
  facet normal 0 0 1
    outer loop
      vertex 95.4095 84.7156 36
      vertex 94.5204 83.9097 36
      vertex 94.8025 83.5827 36
    endloop
  endfacet
  facet normal 0 0 1
    outer loop
      vertex 93.9097 84.5204 36
      vertex 94.7156 85.4095 36
      vertex 94.3439 85.7301 36
    endloop
  endfacet
  facet normal 0 0 1
    outer loop
      vertex 95.0711 85.0711 36
      vertex 94.2225 84.2225 36
      vertex 94.5204 83.9097 36
    endloop
  endfacet
  facet normal 0 0 1
    outer loop
      vertex 93.5827 84.8025 36
      vertex 94.3439 85.7301 36
      vertex 93.957 86.0321 36
    endloop
  endfacet
  facet normal 0 0 1
    outer loop
      vertex 94.7156 85.4095 36
      vertex 93.9097 84.5204 36
      vertex 94.2225 84.2225 36
    endloop
  endfacet
  facet normal 0 0 1
    outer loop
      vertex 94.3439 85.7301 36
      vertex 93.5827 84.8025 36
      vertex 93.9097 84.5204 36
    endloop
  endfacet
  facet normal 0 0 1
    outer loop
      vertex 93.2422 85.0682 36
      vertex 93.957 86.0321 36
      vertex 93.5557 86.3147 36
    endloop
  endfacet
  facet normal 0 0 1
    outer loop
      vertex 93.957 86.0321 36
      vertex 93.2422 85.0682 36
      vertex 93.5827 84.8025 36
    endloop
  endfacet
  facet normal 0 0 1
    outer loop
      vertex 92.889 85.3169 36
      vertex 93.5557 86.3147 36
      vertex 93.141 86.5773 36
    endloop
  endfacet
  facet normal 0 0 1
    outer loop
      vertex 93.5557 86.3147 36
      vertex 92.889 85.3169 36
      vertex 93.2422 85.0682 36
    endloop
  endfacet
  facet normal 0 0 1
    outer loop
      vertex 92.5241 85.548 36
      vertex 93.141 86.5773 36
      vertex 92.714 86.8192 36
    endloop
  endfacet
  facet normal 0 0 1
    outer loop
      vertex 93.141 86.5773 36
      vertex 92.5241 85.548 36
      vertex 92.889 85.3169 36
    endloop
  endfacet
  facet normal 0 0 1
    outer loop
      vertex 92.1483 85.7609 36
      vertex 92.714 86.8192 36
      vertex 92.2756 87.0399 36
    endloop
  endfacet
  facet normal 0 0 1
    outer loop
      vertex 92.714 86.8192 36
      vertex 92.1483 85.7609 36
      vertex 92.5241 85.548 36
    endloop
  endfacet
  facet normal 0 0 1
    outer loop
      vertex 91.7625 85.9551 36
      vertex 92.2756 87.0399 36
      vertex 91.8268 87.2388 36
    endloop
  endfacet
  facet normal 0 0 1
    outer loop
      vertex 92.2756 87.0399 36
      vertex 91.7625 85.9551 36
      vertex 92.1483 85.7609 36
    endloop
  endfacet
  facet normal 0 0 1
    outer loop
      vertex 91.3676 86.1301 36
      vertex 91.8268 87.2388 36
      vertex 91.3689 87.4154 36
    endloop
  endfacet
  facet normal 0 0 1
    outer loop
      vertex 91.8268 87.2388 36
      vertex 91.3676 86.1301 36
      vertex 91.7625 85.9551 36
    endloop
  endfacet
  facet normal 0 0 1
    outer loop
      vertex 91.3689 87.4154 36
      vertex 90.9646 86.2856 36
      vertex 91.3676 86.1301 36
    endloop
  endfacet
  facet normal 0 0 1
    outer loop
      vertex 90.9028 87.5694 36
      vertex 90.9646 86.2856 36
      vertex 91.3689 87.4154 36
    endloop
  endfacet
  facet normal 0 0 1
    outer loop
      vertex 90.9028 87.5694 36
      vertex 90.5545 86.4211 36
      vertex 90.9646 86.2856 36
    endloop
  endfacet
  facet normal 0 0 1
    outer loop
      vertex 90.4298 87.7003 36
      vertex 90.5545 86.4211 36
      vertex 90.9028 87.5694 36
    endloop
  endfacet
  facet normal 0 0 1
    outer loop
      vertex 90.4298 87.7003 36
      vertex 90.1382 86.5363 36
      vertex 90.5545 86.4211 36
    endloop
  endfacet
  facet normal 0 0 1
    outer loop
      vertex 89.9509 87.8079 36
      vertex 90.1382 86.5363 36
      vertex 90.4298 87.7003 36
    endloop
  endfacet
  facet normal 0 0 1
    outer loop
      vertex 89.9509 87.8079 36
      vertex 89.7168 86.6309 36
      vertex 90.1382 86.5363 36
    endloop
  endfacet
  facet normal 0 0 1
    outer loop
      vertex 89.4673 87.8918 36
      vertex 89.7168 86.6309 36
      vertex 89.9509 87.8079 36
    endloop
  endfacet
  facet normal 0 0 1
    outer loop
      vertex 89.4673 87.8918 36
      vertex 89.2912 86.7048 36
      vertex 89.7168 86.6309 36
    endloop
  endfacet
  facet normal 0 0 1
    outer loop
      vertex 88.9802 87.9518 36
      vertex 89.2912 86.7048 36
      vertex 89.4673 87.8918 36
    endloop
  endfacet
  facet normal 0 0 1
    outer loop
      vertex 88.9802 87.9518 36
      vertex 88.8625 86.7576 36
      vertex 89.2912 86.7048 36
    endloop
  endfacet
  facet normal 0 0 1
    outer loop
      vertex 88.4907 87.988 36
      vertex 88.8625 86.7576 36
      vertex 88.9802 87.9518 36
    endloop
  endfacet
  facet normal 0 0 1
    outer loop
      vertex 88.4907 87.988 36
      vertex 88.4318 86.7894 36
      vertex 88.8625 86.7576 36
    endloop
  endfacet
  facet normal 0 0 1
    outer loop
      vertex 88 88 36
      vertex 88.4318 86.7894 36
      vertex 88.4907 87.988 36
    endloop
  endfacet
  facet normal 0 0 1
    outer loop
      vertex 88 88 36
      vertex 88 86.8 36
      vertex 88.4318 86.7894 36
    endloop
  endfacet
  facet normal -0 0 1
    outer loop
      vertex -88 88 36
      vertex 88 86.8 36
      vertex 88 88 36
    endloop
  endfacet
  facet normal 0 0 1
    outer loop
      vertex -88 88 36
      vertex -88 86.8 36
      vertex 88 86.8 36
    endloop
  endfacet
  facet normal 0 0 1
    outer loop
      vertex -88 88 36
      vertex -88.4318 86.7894 36
      vertex -88 86.8 36
    endloop
  endfacet
  facet normal -0 0 1
    outer loop
      vertex -88.4907 87.988 36
      vertex -88.4318 86.7894 36
      vertex -88 88 36
    endloop
  endfacet
  facet normal 0 0 1
    outer loop
      vertex -88.4907 87.988 36
      vertex -88.8625 86.7576 36
      vertex -88.4318 86.7894 36
    endloop
  endfacet
  facet normal -0 0 1
    outer loop
      vertex -88.9802 87.9518 36
      vertex -88.8625 86.7576 36
      vertex -88.4907 87.988 36
    endloop
  endfacet
  facet normal 0 0 1
    outer loop
      vertex -88.9802 87.9518 36
      vertex -89.2912 86.7048 36
      vertex -88.8625 86.7576 36
    endloop
  endfacet
  facet normal -0 0 1
    outer loop
      vertex -89.4673 87.8918 36
      vertex -89.2912 86.7048 36
      vertex -88.9802 87.9518 36
    endloop
  endfacet
  facet normal 0 0 1
    outer loop
      vertex -89.4673 87.8918 36
      vertex -89.7168 86.6309 36
      vertex -89.2912 86.7048 36
    endloop
  endfacet
  facet normal -0 0 1
    outer loop
      vertex -89.9509 87.8079 36
      vertex -89.7168 86.6309 36
      vertex -89.4673 87.8918 36
    endloop
  endfacet
  facet normal 0 0 1
    outer loop
      vertex -89.9509 87.8079 36
      vertex -90.1382 86.5363 36
      vertex -89.7168 86.6309 36
    endloop
  endfacet
  facet normal -0 0 1
    outer loop
      vertex -90.4298 87.7003 36
      vertex -90.1382 86.5363 36
      vertex -89.9509 87.8079 36
    endloop
  endfacet
  facet normal 0 0 1
    outer loop
      vertex -90.4298 87.7003 36
      vertex -90.5545 86.4211 36
      vertex -90.1382 86.5363 36
    endloop
  endfacet
  facet normal -0 0 1
    outer loop
      vertex -90.9028 87.5694 36
      vertex -90.5545 86.4211 36
      vertex -90.4298 87.7003 36
    endloop
  endfacet
  facet normal 0 0 1
    outer loop
      vertex -90.9028 87.5694 36
      vertex -90.9646 86.2856 36
      vertex -90.5545 86.4211 36
    endloop
  endfacet
  facet normal -0 0 1
    outer loop
      vertex -91.3689 87.4154 36
      vertex -90.9646 86.2856 36
      vertex -90.9028 87.5694 36
    endloop
  endfacet
  facet normal 0 0 1
    outer loop
      vertex -90.9646 86.2856 36
      vertex -91.3689 87.4154 36
      vertex -91.3676 86.1301 36
    endloop
  endfacet
  facet normal -0 0 1
    outer loop
      vertex -91.8268 87.2388 36
      vertex -91.3676 86.1301 36
      vertex -91.3689 87.4154 36
    endloop
  endfacet
  facet normal 0 0 1
    outer loop
      vertex -91.3676 86.1301 36
      vertex -91.8268 87.2388 36
      vertex -91.7625 85.9551 36
    endloop
  endfacet
  facet normal -0 0 1
    outer loop
      vertex -92.2756 87.0399 36
      vertex -91.7625 85.9551 36
      vertex -91.8268 87.2388 36
    endloop
  endfacet
  facet normal 0 0 1
    outer loop
      vertex -91.7625 85.9551 36
      vertex -92.2756 87.0399 36
      vertex -92.1483 85.7609 36
    endloop
  endfacet
  facet normal -0 0 1
    outer loop
      vertex -92.714 86.8192 36
      vertex -92.1483 85.7609 36
      vertex -92.2756 87.0399 36
    endloop
  endfacet
  facet normal 0 0 1
    outer loop
      vertex -92.1483 85.7609 36
      vertex -92.714 86.8192 36
      vertex -92.5241 85.548 36
    endloop
  endfacet
  facet normal -0 0 1
    outer loop
      vertex -93.141 86.5773 36
      vertex -92.5241 85.548 36
      vertex -92.714 86.8192 36
    endloop
  endfacet
  facet normal 0 0 1
    outer loop
      vertex -92.5241 85.548 36
      vertex -93.141 86.5773 36
      vertex -92.889 85.3169 36
    endloop
  endfacet
  facet normal -0 0 1
    outer loop
      vertex -93.5557 86.3147 36
      vertex -92.889 85.3169 36
      vertex -93.141 86.5773 36
    endloop
  endfacet
  facet normal 0 0 1
    outer loop
      vertex -92.889 85.3169 36
      vertex -93.5557 86.3147 36
      vertex -93.2422 85.0682 36
    endloop
  endfacet
  facet normal -0 0 1
    outer loop
      vertex -93.957 86.0321 36
      vertex -93.2422 85.0682 36
      vertex -93.5557 86.3147 36
    endloop
  endfacet
  facet normal 0 0 1
    outer loop
      vertex -93.2422 85.0682 36
      vertex -93.957 86.0321 36
      vertex -93.5827 84.8025 36
    endloop
  endfacet
  facet normal -0 0 1
    outer loop
      vertex -94.3439 85.7301 36
      vertex -93.5827 84.8025 36
      vertex -93.957 86.0321 36
    endloop
  endfacet
  facet normal 0 0 1
    outer loop
      vertex -93.5827 84.8025 36
      vertex -94.3439 85.7301 36
      vertex -93.9097 84.5204 36
    endloop
  endfacet
  facet normal -0 0 1
    outer loop
      vertex -94.7156 85.4095 36
      vertex -93.9097 84.5204 36
      vertex -94.3439 85.7301 36
    endloop
  endfacet
  facet normal 0 0 1
    outer loop
      vertex -93.9097 84.5204 36
      vertex -94.7156 85.4095 36
      vertex -94.2225 84.2225 36
    endloop
  endfacet
  facet normal -0 0 1
    outer loop
      vertex -95.0711 85.0711 36
      vertex -94.2225 84.2225 36
      vertex -94.7156 85.4095 36
    endloop
  endfacet
  facet normal 0 0 1
    outer loop
      vertex -94.2225 84.2225 36
      vertex -95.0711 85.0711 36
      vertex -94.5204 83.9097 36
    endloop
  endfacet
  facet normal -0 0 1
    outer loop
      vertex -95.4095 84.7156 36
      vertex -94.5204 83.9097 36
      vertex -95.0711 85.0711 36
    endloop
  endfacet
  facet normal 0 0 1
    outer loop
      vertex -94.5204 83.9097 36
      vertex -95.4095 84.7156 36
      vertex -94.8025 83.5827 36
    endloop
  endfacet
  facet normal -0 0 1
    outer loop
      vertex -95.7301 84.3439 36
      vertex -94.8025 83.5827 36
      vertex -95.4095 84.7156 36
    endloop
  endfacet
  facet normal 0 0 1
    outer loop
      vertex -94.8025 83.5827 36
      vertex -95.7301 84.3439 36
      vertex -95.0682 83.2422 36
    endloop
  endfacet
  facet normal -0 0 1
    outer loop
      vertex -96.0321 83.957 36
      vertex -95.0682 83.2422 36
      vertex -95.7301 84.3439 36
    endloop
  endfacet
  facet normal 0 0 1
    outer loop
      vertex -95.0682 83.2422 36
      vertex -96.0321 83.957 36
      vertex -95.3169 82.889 36
    endloop
  endfacet
  facet normal -0 0 1
    outer loop
      vertex -96.3147 83.5557 36
      vertex -95.3169 82.889 36
      vertex -96.0321 83.957 36
    endloop
  endfacet
  facet normal 0 0 1
    outer loop
      vertex -95.3169 82.889 36
      vertex -96.3147 83.5557 36
      vertex -95.548 82.5241 36
    endloop
  endfacet
  facet normal -0 0 1
    outer loop
      vertex -96.5773 83.141 36
      vertex -95.548 82.5241 36
      vertex -96.3147 83.5557 36
    endloop
  endfacet
  facet normal 0 0 1
    outer loop
      vertex -95.548 82.5241 36
      vertex -96.5773 83.141 36
      vertex -95.7609 82.1483 36
    endloop
  endfacet
  facet normal -0 0 1
    outer loop
      vertex -96.8192 82.714 36
      vertex -95.7609 82.1483 36
      vertex -96.5773 83.141 36
    endloop
  endfacet
  facet normal 0 0 1
    outer loop
      vertex -95.7609 82.1483 36
      vertex -96.8192 82.714 36
      vertex -95.9551 81.7625 36
    endloop
  endfacet
  facet normal -0 0 1
    outer loop
      vertex -97.0399 82.2756 36
      vertex -95.9551 81.7625 36
      vertex -96.8192 82.714 36
    endloop
  endfacet
  facet normal 0 0 1
    outer loop
      vertex -95.9551 81.7625 36
      vertex -97.0399 82.2756 36
      vertex -96.1301 81.3676 36
    endloop
  endfacet
  facet normal -0 0 1
    outer loop
      vertex -97.2388 81.8268 36
      vertex -96.1301 81.3676 36
      vertex -97.0399 82.2756 36
    endloop
  endfacet
  facet normal 0 0 1
    outer loop
      vertex -96.1301 81.3676 36
      vertex -97.2388 81.8268 36
      vertex -96.2856 80.9646 36
    endloop
  endfacet
  facet normal -0 0 1
    outer loop
      vertex -97.4154 81.3689 36
      vertex -96.2856 80.9646 36
      vertex -97.2388 81.8268 36
    endloop
  endfacet
  facet normal 0 0 1
    outer loop
      vertex -96.2856 80.9646 36
      vertex -97.4154 81.3689 36
      vertex -96.4211 80.5545 36
    endloop
  endfacet
  facet normal -0 0 1
    outer loop
      vertex -97.5694 80.9028 36
      vertex -96.4211 80.5545 36
      vertex -97.4154 81.3689 36
    endloop
  endfacet
  facet normal 0 0 1
    outer loop
      vertex -96.5363 80.1382 36
      vertex -97.7003 80.4298 36
      vertex -96.6309 79.7168 36
    endloop
  endfacet
  facet normal -0 0 1
    outer loop
      vertex -97.7003 80.4298 36
      vertex -96.5363 80.1382 36
      vertex -97.5694 80.9028 36
    endloop
  endfacet
  facet normal 0 0 1
    outer loop
      vertex -96.4211 80.5545 36
      vertex -97.5694 80.9028 36
      vertex -96.5363 80.1382 36
    endloop
  endfacet
  facet normal -0 0 1
    outer loop
      vertex 96.5363 -80.1382 36
      vertex 97.7003 -80.4298 36
      vertex 96.6309 -79.7168 36
    endloop
  endfacet
  facet normal 0 0 1
    outer loop
      vertex 97.7003 -80.4298 36
      vertex 96.5363 -80.1382 36
      vertex 97.5694 -80.9028 36
    endloop
  endfacet
  facet normal -0 0 1
    outer loop
      vertex 96.4211 -80.5545 36
      vertex 97.5694 -80.9028 36
      vertex 96.5363 -80.1382 36
    endloop
  endfacet
  facet normal 0 0 1
    outer loop
      vertex 97.5694 -80.9028 36
      vertex 96.4211 -80.5545 36
      vertex 97.4154 -81.3689 36
    endloop
  endfacet
  facet normal -0 0 1
    outer loop
      vertex 96.2856 -80.9646 36
      vertex 97.4154 -81.3689 36
      vertex 96.4211 -80.5545 36
    endloop
  endfacet
  facet normal 0 0 1
    outer loop
      vertex 97.4154 -81.3689 36
      vertex 96.2856 -80.9646 36
      vertex 97.2388 -81.8268 36
    endloop
  endfacet
  facet normal -0 0 1
    outer loop
      vertex 96.1301 -81.3676 36
      vertex 97.2388 -81.8268 36
      vertex 96.2856 -80.9646 36
    endloop
  endfacet
  facet normal 0 0 1
    outer loop
      vertex 97.2388 -81.8268 36
      vertex 96.1301 -81.3676 36
      vertex 97.0399 -82.2756 36
    endloop
  endfacet
  facet normal -0 0 1
    outer loop
      vertex 95.9551 -81.7625 36
      vertex 97.0399 -82.2756 36
      vertex 96.1301 -81.3676 36
    endloop
  endfacet
  facet normal 0 0 1
    outer loop
      vertex 97.0399 -82.2756 36
      vertex 95.9551 -81.7625 36
      vertex 96.8192 -82.714 36
    endloop
  endfacet
  facet normal -0 0 1
    outer loop
      vertex 95.7609 -82.1483 36
      vertex 96.8192 -82.714 36
      vertex 95.9551 -81.7625 36
    endloop
  endfacet
  facet normal 0 0 1
    outer loop
      vertex 96.8192 -82.714 36
      vertex 95.7609 -82.1483 36
      vertex 96.5773 -83.141 36
    endloop
  endfacet
  facet normal -0 0 1
    outer loop
      vertex 95.548 -82.5241 36
      vertex 96.5773 -83.141 36
      vertex 95.7609 -82.1483 36
    endloop
  endfacet
  facet normal 0 0 1
    outer loop
      vertex 96.5773 -83.141 36
      vertex 95.548 -82.5241 36
      vertex 96.3147 -83.5557 36
    endloop
  endfacet
  facet normal -0 0 1
    outer loop
      vertex 95.3169 -82.889 36
      vertex 96.3147 -83.5557 36
      vertex 95.548 -82.5241 36
    endloop
  endfacet
  facet normal 0 0 1
    outer loop
      vertex 96.3147 -83.5557 36
      vertex 95.3169 -82.889 36
      vertex 96.0321 -83.957 36
    endloop
  endfacet
  facet normal -0 0 1
    outer loop
      vertex 95.0682 -83.2422 36
      vertex 96.0321 -83.957 36
      vertex 95.3169 -82.889 36
    endloop
  endfacet
  facet normal 0 0 1
    outer loop
      vertex 96.0321 -83.957 36
      vertex 95.0682 -83.2422 36
      vertex 95.7301 -84.3439 36
    endloop
  endfacet
  facet normal -0 0 1
    outer loop
      vertex 94.8025 -83.5827 36
      vertex 95.7301 -84.3439 36
      vertex 95.0682 -83.2422 36
    endloop
  endfacet
  facet normal 0 0 1
    outer loop
      vertex 95.7301 -84.3439 36
      vertex 94.8025 -83.5827 36
      vertex 95.4095 -84.7156 36
    endloop
  endfacet
  facet normal -0 0 1
    outer loop
      vertex 94.5204 -83.9097 36
      vertex 95.4095 -84.7156 36
      vertex 94.8025 -83.5827 36
    endloop
  endfacet
  facet normal 0 0 1
    outer loop
      vertex 95.4095 -84.7156 36
      vertex 94.5204 -83.9097 36
      vertex 95.0711 -85.0711 36
    endloop
  endfacet
  facet normal -0 0 1
    outer loop
      vertex 94.2225 -84.2225 36
      vertex 95.0711 -85.0711 36
      vertex 94.5204 -83.9097 36
    endloop
  endfacet
  facet normal 0 0 1
    outer loop
      vertex 95.0711 -85.0711 36
      vertex 94.2225 -84.2225 36
      vertex 94.7156 -85.4095 36
    endloop
  endfacet
  facet normal -0 0 1
    outer loop
      vertex 93.9097 -84.5204 36
      vertex 94.7156 -85.4095 36
      vertex 94.2225 -84.2225 36
    endloop
  endfacet
  facet normal 0 0 1
    outer loop
      vertex 94.7156 -85.4095 36
      vertex 93.9097 -84.5204 36
      vertex 94.3439 -85.7301 36
    endloop
  endfacet
  facet normal -0 0 1
    outer loop
      vertex 93.5827 -84.8025 36
      vertex 94.3439 -85.7301 36
      vertex 93.9097 -84.5204 36
    endloop
  endfacet
  facet normal 0 0 1
    outer loop
      vertex 94.3439 -85.7301 36
      vertex 93.5827 -84.8025 36
      vertex 93.957 -86.0321 36
    endloop
  endfacet
  facet normal -0 0 1
    outer loop
      vertex 93.2422 -85.0682 36
      vertex 93.957 -86.0321 36
      vertex 93.5827 -84.8025 36
    endloop
  endfacet
  facet normal 0 0 1
    outer loop
      vertex 93.957 -86.0321 36
      vertex 93.2422 -85.0682 36
      vertex 93.5557 -86.3147 36
    endloop
  endfacet
  facet normal -0 0 1
    outer loop
      vertex 92.889 -85.3169 36
      vertex 93.5557 -86.3147 36
      vertex 93.2422 -85.0682 36
    endloop
  endfacet
  facet normal 0 0 1
    outer loop
      vertex 93.5557 -86.3147 36
      vertex 92.889 -85.3169 36
      vertex 93.141 -86.5773 36
    endloop
  endfacet
  facet normal -0 0 1
    outer loop
      vertex 92.5241 -85.548 36
      vertex 93.141 -86.5773 36
      vertex 92.889 -85.3169 36
    endloop
  endfacet
  facet normal 0 0 1
    outer loop
      vertex 93.141 -86.5773 36
      vertex 92.5241 -85.548 36
      vertex 92.714 -86.8192 36
    endloop
  endfacet
  facet normal -0 0 1
    outer loop
      vertex 92.1483 -85.7609 36
      vertex 92.714 -86.8192 36
      vertex 92.5241 -85.548 36
    endloop
  endfacet
  facet normal 0 0 1
    outer loop
      vertex 92.714 -86.8192 36
      vertex 92.1483 -85.7609 36
      vertex 92.2756 -87.0399 36
    endloop
  endfacet
  facet normal -0 0 1
    outer loop
      vertex 91.7625 -85.9551 36
      vertex 92.2756 -87.0399 36
      vertex 92.1483 -85.7609 36
    endloop
  endfacet
  facet normal 0 0 1
    outer loop
      vertex 92.2756 -87.0399 36
      vertex 91.7625 -85.9551 36
      vertex 91.8268 -87.2388 36
    endloop
  endfacet
  facet normal -0 0 1
    outer loop
      vertex 91.3676 -86.1301 36
      vertex 91.8268 -87.2388 36
      vertex 91.7625 -85.9551 36
    endloop
  endfacet
  facet normal 0 0 1
    outer loop
      vertex 91.8268 -87.2388 36
      vertex 91.3676 -86.1301 36
      vertex 91.3689 -87.4154 36
    endloop
  endfacet
  facet normal -0 0 1
    outer loop
      vertex 90.9646 -86.2856 36
      vertex 91.3689 -87.4154 36
      vertex 91.3676 -86.1301 36
    endloop
  endfacet
  facet normal 0 0 1
    outer loop
      vertex 90.9646 -86.2856 36
      vertex 90.9028 -87.5694 36
      vertex 91.3689 -87.4154 36
    endloop
  endfacet
  facet normal -0 0 1
    outer loop
      vertex 90.5545 -86.4211 36
      vertex 90.9028 -87.5694 36
      vertex 90.9646 -86.2856 36
    endloop
  endfacet
  facet normal 0 0 1
    outer loop
      vertex 90.5545 -86.4211 36
      vertex 90.4298 -87.7003 36
      vertex 90.9028 -87.5694 36
    endloop
  endfacet
  facet normal -0 0 1
    outer loop
      vertex 90.1382 -86.5363 36
      vertex 90.4298 -87.7003 36
      vertex 90.5545 -86.4211 36
    endloop
  endfacet
  facet normal 0 0 1
    outer loop
      vertex 90.1382 -86.5363 36
      vertex 89.9509 -87.8079 36
      vertex 90.4298 -87.7003 36
    endloop
  endfacet
  facet normal -0 0 1
    outer loop
      vertex 89.7168 -86.6309 36
      vertex 89.9509 -87.8079 36
      vertex 90.1382 -86.5363 36
    endloop
  endfacet
  facet normal 0 0 1
    outer loop
      vertex 89.7168 -86.6309 36
      vertex 89.4673 -87.8918 36
      vertex 89.9509 -87.8079 36
    endloop
  endfacet
  facet normal -0 0 1
    outer loop
      vertex 89.2912 -86.7048 36
      vertex 89.4673 -87.8918 36
      vertex 89.7168 -86.6309 36
    endloop
  endfacet
  facet normal 0 0 1
    outer loop
      vertex 89.2912 -86.7048 36
      vertex 88.9802 -87.9518 36
      vertex 89.4673 -87.8918 36
    endloop
  endfacet
  facet normal -0 0 1
    outer loop
      vertex 88.8625 -86.7576 36
      vertex 88.9802 -87.9518 36
      vertex 89.2912 -86.7048 36
    endloop
  endfacet
  facet normal 0 0 1
    outer loop
      vertex 88.8625 -86.7576 36
      vertex 88.4907 -87.988 36
      vertex 88.9802 -87.9518 36
    endloop
  endfacet
  facet normal -0 0 1
    outer loop
      vertex 88.4318 -86.7894 36
      vertex 88.4907 -87.988 36
      vertex 88.8625 -86.7576 36
    endloop
  endfacet
  facet normal -0 0 1
    outer loop
      vertex 88 -86.8 36
      vertex 88.4907 -87.988 36
      vertex 88.4318 -86.7894 36
    endloop
  endfacet
  facet normal 0 0 1
    outer loop
      vertex 88 -86.8 36
      vertex 88 -88 36
      vertex 88.4907 -87.988 36
    endloop
  endfacet
  facet normal -0 0 1
    outer loop
      vertex -88 -86.8 36
      vertex 88 -88 36
      vertex 88 -86.8 36
    endloop
  endfacet
  facet normal 0 0 1
    outer loop
      vertex -88 -86.8 36
      vertex -88 -88 36
      vertex 88 -88 36
    endloop
  endfacet
  facet normal 0 0 1
    outer loop
      vertex -88.4318 -86.7894 36
      vertex -88 -88 36
      vertex -88 -86.8 36
    endloop
  endfacet
  facet normal 0 0 1
    outer loop
      vertex -88.4318 -86.7894 36
      vertex -88.4907 -87.988 36
      vertex -88 -88 36
    endloop
  endfacet
  facet normal 0 0 1
    outer loop
      vertex -88.8625 -86.7576 36
      vertex -88.4907 -87.988 36
      vertex -88.4318 -86.7894 36
    endloop
  endfacet
  facet normal 0 0 1
    outer loop
      vertex -88.8625 -86.7576 36
      vertex -88.9802 -87.9518 36
      vertex -88.4907 -87.988 36
    endloop
  endfacet
  facet normal 0 0 1
    outer loop
      vertex -89.2912 -86.7048 36
      vertex -88.9802 -87.9518 36
      vertex -88.8625 -86.7576 36
    endloop
  endfacet
  facet normal 0 0 1
    outer loop
      vertex -89.2912 -86.7048 36
      vertex -89.4673 -87.8918 36
      vertex -88.9802 -87.9518 36
    endloop
  endfacet
  facet normal 0 0 1
    outer loop
      vertex -89.7168 -86.6309 36
      vertex -89.4673 -87.8918 36
      vertex -89.2912 -86.7048 36
    endloop
  endfacet
  facet normal 0 0 1
    outer loop
      vertex -89.7168 -86.6309 36
      vertex -89.9509 -87.8079 36
      vertex -89.4673 -87.8918 36
    endloop
  endfacet
  facet normal 0 0 1
    outer loop
      vertex -90.1382 -86.5363 36
      vertex -89.9509 -87.8079 36
      vertex -89.7168 -86.6309 36
    endloop
  endfacet
  facet normal 0 0 1
    outer loop
      vertex -90.1382 -86.5363 36
      vertex -90.4298 -87.7003 36
      vertex -89.9509 -87.8079 36
    endloop
  endfacet
  facet normal 0 0 1
    outer loop
      vertex -90.5545 -86.4211 36
      vertex -90.4298 -87.7003 36
      vertex -90.1382 -86.5363 36
    endloop
  endfacet
  facet normal 0 0 1
    outer loop
      vertex -90.5545 -86.4211 36
      vertex -90.9028 -87.5694 36
      vertex -90.4298 -87.7003 36
    endloop
  endfacet
  facet normal 0 0 1
    outer loop
      vertex -90.9646 -86.2856 36
      vertex -90.9028 -87.5694 36
      vertex -90.5545 -86.4211 36
    endloop
  endfacet
  facet normal 0 0 1
    outer loop
      vertex -91.3689 -87.4154 36
      vertex -90.9646 -86.2856 36
      vertex -91.3676 -86.1301 36
    endloop
  endfacet
  facet normal 0 0 1
    outer loop
      vertex -90.9646 -86.2856 36
      vertex -91.3689 -87.4154 36
      vertex -90.9028 -87.5694 36
    endloop
  endfacet
  facet normal 0 0 1
    outer loop
      vertex -91.8268 -87.2388 36
      vertex -91.3676 -86.1301 36
      vertex -91.7625 -85.9551 36
    endloop
  endfacet
  facet normal 0 0 1
    outer loop
      vertex -91.3676 -86.1301 36
      vertex -91.8268 -87.2388 36
      vertex -91.3689 -87.4154 36
    endloop
  endfacet
  facet normal 0 0 1
    outer loop
      vertex -92.2756 -87.0399 36
      vertex -91.7625 -85.9551 36
      vertex -92.1483 -85.7609 36
    endloop
  endfacet
  facet normal 0 0 1
    outer loop
      vertex -91.7625 -85.9551 36
      vertex -92.2756 -87.0399 36
      vertex -91.8268 -87.2388 36
    endloop
  endfacet
  facet normal 0 0 1
    outer loop
      vertex -92.714 -86.8192 36
      vertex -92.1483 -85.7609 36
      vertex -92.5241 -85.548 36
    endloop
  endfacet
  facet normal 0 0 1
    outer loop
      vertex -92.1483 -85.7609 36
      vertex -92.714 -86.8192 36
      vertex -92.2756 -87.0399 36
    endloop
  endfacet
  facet normal 0 0 1
    outer loop
      vertex -93.141 -86.5773 36
      vertex -92.5241 -85.548 36
      vertex -92.889 -85.3169 36
    endloop
  endfacet
  facet normal 0 0 1
    outer loop
      vertex -92.5241 -85.548 36
      vertex -93.141 -86.5773 36
      vertex -92.714 -86.8192 36
    endloop
  endfacet
  facet normal 0 0 1
    outer loop
      vertex -93.5557 -86.3147 36
      vertex -92.889 -85.3169 36
      vertex -93.2422 -85.0682 36
    endloop
  endfacet
  facet normal 0 0 1
    outer loop
      vertex -92.889 -85.3169 36
      vertex -93.5557 -86.3147 36
      vertex -93.141 -86.5773 36
    endloop
  endfacet
  facet normal 0 0 1
    outer loop
      vertex -93.957 -86.0321 36
      vertex -93.2422 -85.0682 36
      vertex -93.5827 -84.8025 36
    endloop
  endfacet
  facet normal 0 0 1
    outer loop
      vertex -94.3439 -85.7301 36
      vertex -93.5827 -84.8025 36
      vertex -93.9097 -84.5204 36
    endloop
  endfacet
  facet normal 0 0 1
    outer loop
      vertex -93.2422 -85.0682 36
      vertex -93.957 -86.0321 36
      vertex -93.5557 -86.3147 36
    endloop
  endfacet
  facet normal 0 0 1
    outer loop
      vertex -94.7156 -85.4095 36
      vertex -93.9097 -84.5204 36
      vertex -94.2225 -84.2225 36
    endloop
  endfacet
  facet normal 0 0 1
    outer loop
      vertex -93.5827 -84.8025 36
      vertex -94.3439 -85.7301 36
      vertex -93.957 -86.0321 36
    endloop
  endfacet
  facet normal 0 0 1
    outer loop
      vertex -95.0711 -85.0711 36
      vertex -94.2225 -84.2225 36
      vertex -94.5204 -83.9097 36
    endloop
  endfacet
  facet normal 0 0 1
    outer loop
      vertex -93.9097 -84.5204 36
      vertex -94.7156 -85.4095 36
      vertex -94.3439 -85.7301 36
    endloop
  endfacet
  facet normal 0 0 1
    outer loop
      vertex -95.4095 -84.7156 36
      vertex -94.5204 -83.9097 36
      vertex -94.8025 -83.5827 36
    endloop
  endfacet
  facet normal 0 0 1
    outer loop
      vertex -95.7301 -84.3439 36
      vertex -94.8025 -83.5827 36
      vertex -95.0682 -83.2422 36
    endloop
  endfacet
  facet normal 0 0 1
    outer loop
      vertex -94.2225 -84.2225 36
      vertex -95.0711 -85.0711 36
      vertex -94.7156 -85.4095 36
    endloop
  endfacet
  facet normal 0 0 1
    outer loop
      vertex -96.0321 -83.957 36
      vertex -95.0682 -83.2422 36
      vertex -95.3169 -82.889 36
    endloop
  endfacet
  facet normal 0 0 1
    outer loop
      vertex -94.5204 -83.9097 36
      vertex -95.4095 -84.7156 36
      vertex -95.0711 -85.0711 36
    endloop
  endfacet
  facet normal 0 0 1
    outer loop
      vertex -96.3147 -83.5557 36
      vertex -95.3169 -82.889 36
      vertex -95.548 -82.5241 36
    endloop
  endfacet
  facet normal 0 0 1
    outer loop
      vertex -94.8025 -83.5827 36
      vertex -95.7301 -84.3439 36
      vertex -95.4095 -84.7156 36
    endloop
  endfacet
  facet normal 0 0 1
    outer loop
      vertex -96.5773 -83.141 36
      vertex -95.548 -82.5241 36
      vertex -95.7609 -82.1483 36
    endloop
  endfacet
  facet normal 0 0 1
    outer loop
      vertex -96.8192 -82.714 36
      vertex -95.7609 -82.1483 36
      vertex -95.9551 -81.7625 36
    endloop
  endfacet
  facet normal 0 0 1
    outer loop
      vertex -95.0682 -83.2422 36
      vertex -96.0321 -83.957 36
      vertex -95.7301 -84.3439 36
    endloop
  endfacet
  facet normal 0 0 1
    outer loop
      vertex -97.0399 -82.2756 36
      vertex -95.9551 -81.7625 36
      vertex -96.1301 -81.3676 36
    endloop
  endfacet
  facet normal 0 0 1
    outer loop
      vertex -97.2388 -81.8268 36
      vertex -96.1301 -81.3676 36
      vertex -96.2856 -80.9646 36
    endloop
  endfacet
  facet normal 0 0 1
    outer loop
      vertex -95.3169 -82.889 36
      vertex -96.3147 -83.5557 36
      vertex -96.0321 -83.957 36
    endloop
  endfacet
  facet normal 0 0 1
    outer loop
      vertex -97.4154 -81.3689 36
      vertex -96.2856 -80.9646 36
      vertex -96.4211 -80.5545 36
    endloop
  endfacet
  facet normal 0 0 1
    outer loop
      vertex -97.5694 -80.9028 36
      vertex -96.4211 -80.5545 36
      vertex -96.5363 -80.1382 36
    endloop
  endfacet
  facet normal 0 0 1
    outer loop
      vertex -95.548 -82.5241 36
      vertex -96.5773 -83.141 36
      vertex -96.3147 -83.5557 36
    endloop
  endfacet
  facet normal 0 0 1
    outer loop
      vertex -97.7003 -80.4298 36
      vertex -96.5363 -80.1382 36
      vertex -96.6309 -79.7168 36
    endloop
  endfacet
  facet normal 0 0 1
    outer loop
      vertex -97.8079 -79.9509 36
      vertex -96.6309 -79.7168 36
      vertex -96.7048 -79.2912 36
    endloop
  endfacet
  facet normal 0 0 1
    outer loop
      vertex -97.8918 -79.4673 36
      vertex -96.7048 -79.2912 36
      vertex -96.7576 -78.8625 36
    endloop
  endfacet
  facet normal 0 0 1
    outer loop
      vertex -97.9518 -78.9802 36
      vertex -96.7576 -78.8625 36
      vertex -96.7894 -78.4318 36
    endloop
  endfacet
  facet normal 0 0 1
    outer loop
      vertex -95.7609 -82.1483 36
      vertex -96.8192 -82.714 36
      vertex -96.5773 -83.141 36
    endloop
  endfacet
  facet normal 0 0 1
    outer loop
      vertex -97.988 -78.4907 36
      vertex -96.7894 -78.4318 36
      vertex -96.8 -78 36
    endloop
  endfacet
  facet normal 0 0 1
    outer loop
      vertex -96.8 78 36
      vertex -98 78 36
      vertex -96.8 -78 36
    endloop
  endfacet
  facet normal -0 0 1
    outer loop
      vertex -97.8079 79.9509 36
      vertex -96.6309 79.7168 36
      vertex -97.7003 80.4298 36
    endloop
  endfacet
  facet normal 0 0 1
    outer loop
      vertex -98 -78 36
      vertex -96.8 -78 36
      vertex -98 78 36
    endloop
  endfacet
  facet normal 0 0 1
    outer loop
      vertex -96.6309 79.7168 36
      vertex -97.8079 79.9509 36
      vertex -96.7048 79.2912 36
    endloop
  endfacet
  facet normal 0 -0 1
    outer loop
      vertex -97.988 -78.4907 36
      vertex -96.8 -78 36
      vertex -98 -78 36
    endloop
  endfacet
  facet normal -0 0 1
    outer loop
      vertex -97.8918 79.4673 36
      vertex -96.7048 79.2912 36
      vertex -97.8079 79.9509 36
    endloop
  endfacet
  facet normal 0 0 1
    outer loop
      vertex -95.9551 -81.7625 36
      vertex -97.0399 -82.2756 36
      vertex -96.8192 -82.714 36
    endloop
  endfacet
  facet normal 0 0 1
    outer loop
      vertex -96.7048 79.2912 36
      vertex -97.8918 79.4673 36
      vertex -96.7576 78.8625 36
    endloop
  endfacet
  facet normal 0 0 1
    outer loop
      vertex -96.1301 -81.3676 36
      vertex -97.2388 -81.8268 36
      vertex -97.0399 -82.2756 36
    endloop
  endfacet
  facet normal -0 0 1
    outer loop
      vertex -97.9518 78.9802 36
      vertex -96.7576 78.8625 36
      vertex -97.8918 79.4673 36
    endloop
  endfacet
  facet normal 0 0 1
    outer loop
      vertex -96.2856 -80.9646 36
      vertex -97.4154 -81.3689 36
      vertex -97.2388 -81.8268 36
    endloop
  endfacet
  facet normal 0 0 1
    outer loop
      vertex -96.7576 78.8625 36
      vertex -97.9518 78.9802 36
      vertex -96.7894 78.4318 36
    endloop
  endfacet
  facet normal 0 0 1
    outer loop
      vertex -96.4211 -80.5545 36
      vertex -97.5694 -80.9028 36
      vertex -97.4154 -81.3689 36
    endloop
  endfacet
  facet normal -0 0 1
    outer loop
      vertex -97.988 78.4907 36
      vertex -96.7894 78.4318 36
      vertex -97.9518 78.9802 36
    endloop
  endfacet
  facet normal 0 0 1
    outer loop
      vertex -96.5363 -80.1382 36
      vertex -97.7003 -80.4298 36
      vertex -97.5694 -80.9028 36
    endloop
  endfacet
  facet normal 0 0 1
    outer loop
      vertex -96.7894 78.4318 36
      vertex -97.988 78.4907 36
      vertex -96.8 78 36
    endloop
  endfacet
  facet normal 0 0 1
    outer loop
      vertex -96.6309 -79.7168 36
      vertex -97.8079 -79.9509 36
      vertex -97.7003 -80.4298 36
    endloop
  endfacet
  facet normal 0 0 1
    outer loop
      vertex -96.8 78 36
      vertex -97.988 78.4907 36
      vertex -98 78 36
    endloop
  endfacet
  facet normal 0 0 1
    outer loop
      vertex -96.7048 -79.2912 36
      vertex -97.8918 -79.4673 36
      vertex -97.8079 -79.9509 36
    endloop
  endfacet
  facet normal 0 0 1
    outer loop
      vertex -96.7576 -78.8625 36
      vertex -97.9518 -78.9802 36
      vertex -97.8918 -79.4673 36
    endloop
  endfacet
  facet normal 0 0 1
    outer loop
      vertex -96.7894 -78.4318 36
      vertex -97.988 -78.4907 36
      vertex -97.9518 -78.9802 36
    endloop
  endfacet
  facet normal -0.87008 0.49291 0
    outer loop
      vertex -96.5773 83.141 36
      vertex -96.8192 82.714 0
      vertex -96.8192 82.714 36
    endloop
  endfacet
  facet normal -0.87008 0.49291 0
    outer loop
      vertex -96.8192 82.714 0
      vertex -96.5773 83.141 36
      vertex -96.5773 83.141 0
    endloop
  endfacet
  facet normal -0.575771 -0.817611 -0
    outer loop
      vertex -93.5557 -86.3147 36
      vertex -93.957 -86.0321 0
      vertex -93.5557 -86.3147 0
    endloop
  endfacet
  facet normal -0.575771 -0.817611 0
    outer loop
      vertex -93.957 -86.0321 0
      vertex -93.5557 -86.3147 36
      vertex -93.957 -86.0321 36
    endloop
  endfacet
  facet normal 0.219216 -0.975676 0
    outer loop
      vertex 90.4298 -87.7003 36
      vertex 89.9509 -87.8079 0
      vertex 90.4298 -87.7003 0
    endloop
  endfacet
  facet normal 0.219216 -0.975676 0
    outer loop
      vertex 89.9509 -87.8079 0
      vertex 90.4298 -87.7003 36
      vertex 89.9509 -87.8079 36
    endloop
  endfacet
  facet normal 0.170937 -0.985282 0
    outer loop
      vertex 89.9509 -87.8079 36
      vertex 89.4673 -87.8918 0
      vertex 89.9509 -87.8079 0
    endloop
  endfacet
  facet normal 0.170937 -0.985282 0
    outer loop
      vertex 89.4673 -87.8918 0
      vertex 89.9509 -87.8079 36
      vertex 89.4673 -87.8918 36
    endloop
  endfacet
  facet normal 0.0737516 -0.997277 0
    outer loop
      vertex 88.9802 -87.9518 36
      vertex 88.4907 -87.988 0
      vertex 88.9802 -87.9518 0
    endloop
  endfacet
  facet normal 0.0737516 -0.997277 0
    outer loop
      vertex 88.4907 -87.988 0
      vertex 88.9802 -87.9518 36
      vertex 88.4907 -87.988 36
    endloop
  endfacet
  facet normal 0.122254 -0.992499 0
    outer loop
      vertex 89.4673 -87.8918 36
      vertex 88.9802 -87.9518 0
      vertex 89.4673 -87.8918 0
    endloop
  endfacet
  facet normal 0.122254 -0.992499 0
    outer loop
      vertex 88.9802 -87.9518 0
      vertex 89.4673 -87.8918 36
      vertex 88.9802 -87.9518 36
    endloop
  endfacet
  facet normal -0.0244476 -0.999701 -0
    outer loop
      vertex -88 -88 36
      vertex -88.4907 -87.988 0
      vertex -88 -88 0
    endloop
  endfacet
  facet normal -0.0244476 -0.999701 0
    outer loop
      vertex -88.4907 -87.988 0
      vertex -88 -88 36
      vertex -88.4907 -87.988 36
    endloop
  endfacet
  facet normal -0.266719 -0.963774 -0
    outer loop
      vertex -90.4298 -87.7003 36
      vertex -90.9028 -87.5694 0
      vertex -90.4298 -87.7003 0
    endloop
  endfacet
  facet normal -0.266719 -0.963774 0
    outer loop
      vertex -90.9028 -87.5694 0
      vertex -90.4298 -87.7003 36
      vertex -90.9028 -87.5694 36
    endloop
  endfacet
  facet normal -0.405174 -0.914239 -0
    outer loop
      vertex -91.8268 -87.2388 36
      vertex -92.2756 -87.0399 0
      vertex -91.8268 -87.2388 0
    endloop
  endfacet
  facet normal -0.405174 -0.914239 0
    outer loop
      vertex -92.2756 -87.0399 0
      vertex -91.8268 -87.2388 36
      vertex -92.2756 -87.0399 36
    endloop
  endfacet
  facet normal -0.449657 -0.893201 -0
    outer loop
      vertex -92.2756 -87.0399 36
      vertex -92.714 -86.8192 0
      vertex -92.2756 -87.0399 0
    endloop
  endfacet
  facet normal -0.449657 -0.893201 0
    outer loop
      vertex -92.714 -86.8192 0
      vertex -92.2756 -87.0399 36
      vertex -92.714 -86.8192 36
    endloop
  endfacet
  facet normal -0.615308 -0.788287 -0
    outer loop
      vertex -93.957 -86.0321 36
      vertex -94.3439 -85.7301 0
      vertex -93.957 -86.0321 0
    endloop
  endfacet
  facet normal -0.615308 -0.788287 0
    outer loop
      vertex -94.3439 -85.7301 0
      vertex -93.957 -86.0321 36
      vertex -94.3439 -85.7301 36
    endloop
  endfacet
  facet normal 0.615308 -0.788287 0
    outer loop
      vertex 94.3439 -85.7301 36
      vertex 93.957 -86.0321 0
      vertex 94.3439 -85.7301 0
    endloop
  endfacet
  facet normal 0.615308 -0.788287 0
    outer loop
      vertex 93.957 -86.0321 0
      vertex 94.3439 -85.7301 36
      vertex 93.957 -86.0321 36
    endloop
  endfacet
  facet normal 0.359839 -0.933014 0
    outer loop
      vertex 91.8268 -87.2388 36
      vertex 91.3689 -87.4154 0
      vertex 91.8268 -87.2388 0
    endloop
  endfacet
  facet normal 0.359839 -0.933014 0
    outer loop
      vertex 91.3689 -87.4154 0
      vertex 91.8268 -87.2388 36
      vertex 91.3689 -87.4154 36
    endloop
  endfacet
  facet normal 0.788287 0.615308 0
    outer loop
      vertex 95.7301 84.3439 0
      vertex 96.0321 83.957 36
      vertex 96.0321 83.957 0
    endloop
  endfacet
  facet normal 0.788287 0.615308 0
    outer loop
      vertex 96.0321 83.957 36
      vertex 95.7301 84.3439 0
      vertex 95.7301 84.3439 36
    endloop
  endfacet
  facet normal 0.724312 -0.689472 0
    outer loop
      vertex 95.4095 -84.7156 0
      vertex 95.0711 -85.0711 36
      vertex 95.0711 -85.0711 0
    endloop
  endfacet
  facet normal 0.724312 -0.689472 0
    outer loop
      vertex 95.0711 -85.0711 36
      vertex 95.4095 -84.7156 0
      vertex 95.4095 -84.7156 36
    endloop
  endfacet
  facet normal -0.975676 -0.219216 0
    outer loop
      vertex -97.8079 -79.9509 36
      vertex -97.7003 -80.4298 0
      vertex -97.7003 -80.4298 36
    endloop
  endfacet
  facet normal -0.975676 -0.219216 0
    outer loop
      vertex -97.7003 -80.4298 0
      vertex -97.8079 -79.9509 36
      vertex -97.8079 -79.9509 0
    endloop
  endfacet
  facet normal -0.992499 -0.122254 0
    outer loop
      vertex -97.9518 -78.9802 36
      vertex -97.8918 -79.4673 0
      vertex -97.8918 -79.4673 36
    endloop
  endfacet
  facet normal -0.992499 -0.122254 0
    outer loop
      vertex -97.8918 -79.4673 0
      vertex -97.9518 -78.9802 36
      vertex -97.9518 -78.9802 0
    endloop
  endfacet
  facet normal -0.75724 -0.653137 0
    outer loop
      vertex -95.7301 -84.3439 36
      vertex -95.4095 -84.7156 0
      vertex -95.4095 -84.7156 36
    endloop
  endfacet
  facet normal -0.75724 -0.653137 0
    outer loop
      vertex -95.4095 -84.7156 0
      vertex -95.7301 -84.3439 36
      vertex -95.7301 -84.3439 0
    endloop
  endfacet
  facet normal -0.975676 0.219216 0
    outer loop
      vertex -97.7003 80.4298 36
      vertex -97.8079 79.9509 0
      vertex -97.8079 79.9509 36
    endloop
  endfacet
  facet normal -0.975676 0.219216 0
    outer loop
      vertex -97.8079 79.9509 0
      vertex -97.7003 80.4298 36
      vertex -97.7003 80.4298 0
    endloop
  endfacet
  facet normal -0.949515 0.313721 0
    outer loop
      vertex -97.4154 81.3689 36
      vertex -97.5694 80.9028 0
      vertex -97.5694 80.9028 36
    endloop
  endfacet
  facet normal -0.949515 0.313721 0
    outer loop
      vertex -97.5694 80.9028 0
      vertex -97.4154 81.3689 36
      vertex -97.4154 81.3689 0
    endloop
  endfacet
  facet normal -0.963774 0.266719 0
    outer loop
      vertex -97.5694 80.9028 36
      vertex -97.7003 80.4298 0
      vertex -97.7003 80.4298 36
    endloop
  endfacet
  facet normal -0.963774 0.266719 0
    outer loop
      vertex -97.7003 80.4298 0
      vertex -97.5694 80.9028 36
      vertex -97.5694 80.9028 0
    endloop
  endfacet
  facet normal -0.997277 0.0737516 0
    outer loop
      vertex -97.9518 78.9802 36
      vertex -97.988 78.4907 0
      vertex -97.988 78.4907 36
    endloop
  endfacet
  facet normal -0.997277 0.0737516 0
    outer loop
      vertex -97.988 78.4907 0
      vertex -97.9518 78.9802 36
      vertex -97.9518 78.9802 0
    endloop
  endfacet
  facet normal -0.992499 0.122254 0
    outer loop
      vertex -97.8918 79.4673 36
      vertex -97.9518 78.9802 0
      vertex -97.9518 78.9802 36
    endloop
  endfacet
  facet normal -0.992499 0.122254 0
    outer loop
      vertex -97.9518 78.9802 0
      vertex -97.8918 79.4673 36
      vertex -97.8918 79.4673 0
    endloop
  endfacet
  facet normal -0.999701 0.0244476 0
    outer loop
      vertex -97.988 78.4907 36
      vertex -98 78 0
      vertex -98 78 36
    endloop
  endfacet
  facet normal -0.999701 0.0244476 0
    outer loop
      vertex -98 78 0
      vertex -97.988 78.4907 36
      vertex -97.988 78.4907 0
    endloop
  endfacet
  facet normal -0.914239 0.405174 0
    outer loop
      vertex -97.0399 82.2756 36
      vertex -97.2388 81.8268 0
      vertex -97.2388 81.8268 36
    endloop
  endfacet
  facet normal -0.914239 0.405174 0
    outer loop
      vertex -97.2388 81.8268 0
      vertex -97.0399 82.2756 36
      vertex -97.0399 82.2756 0
    endloop
  endfacet
  facet normal -0.817611 0.575771 0
    outer loop
      vertex -96.0321 83.957 36
      vertex -96.3147 83.5557 0
      vertex -96.3147 83.5557 36
    endloop
  endfacet
  facet normal -0.817611 0.575771 0
    outer loop
      vertex -96.3147 83.5557 0
      vertex -96.0321 83.957 36
      vertex -96.0321 83.957 0
    endloop
  endfacet
  facet normal -0.75724 0.653137 0
    outer loop
      vertex -95.4095 84.7156 36
      vertex -95.7301 84.3439 0
      vertex -95.7301 84.3439 36
    endloop
  endfacet
  facet normal -0.75724 0.653137 0
    outer loop
      vertex -95.7301 84.3439 0
      vertex -95.4095 84.7156 36
      vertex -95.4095 84.7156 0
    endloop
  endfacet
  facet normal -0.170937 -0.985282 -0
    outer loop
      vertex -89.4673 -87.8918 36
      vertex -89.9509 -87.8079 0
      vertex -89.4673 -87.8918 0
    endloop
  endfacet
  facet normal -0.170937 -0.985282 0
    outer loop
      vertex -89.9509 -87.8079 0
      vertex -89.4673 -87.8918 36
      vertex -89.9509 -87.8079 36
    endloop
  endfacet
  facet normal -0.122254 -0.992499 -0
    outer loop
      vertex -88.9802 -87.9518 36
      vertex -89.4673 -87.8918 0
      vertex -88.9802 -87.9518 0
    endloop
  endfacet
  facet normal -0.122254 -0.992499 0
    outer loop
      vertex -89.4673 -87.8918 0
      vertex -88.9802 -87.9518 36
      vertex -89.4673 -87.8918 36
    endloop
  endfacet
  facet normal -0.0737516 -0.997277 -0
    outer loop
      vertex -88.4907 -87.988 36
      vertex -88.9802 -87.9518 0
      vertex -88.4907 -87.988 0
    endloop
  endfacet
  facet normal -0.0737516 -0.997277 0
    outer loop
      vertex -88.9802 -87.9518 0
      vertex -88.4907 -87.988 36
      vertex -88.9802 -87.9518 36
    endloop
  endfacet
  facet normal -0.359839 -0.933014 -0
    outer loop
      vertex -91.3689 -87.4154 36
      vertex -91.8268 -87.2388 0
      vertex -91.3689 -87.4154 0
    endloop
  endfacet
  facet normal -0.359839 -0.933014 0
    outer loop
      vertex -91.8268 -87.2388 0
      vertex -91.3689 -87.4154 36
      vertex -91.8268 -87.2388 36
    endloop
  endfacet
  facet normal 0.449657 -0.893201 0
    outer loop
      vertex 92.714 -86.8192 36
      vertex 92.2756 -87.0399 0
      vertex 92.714 -86.8192 0
    endloop
  endfacet
  facet normal 0.449657 -0.893201 0
    outer loop
      vertex 92.2756 -87.0399 0
      vertex 92.714 -86.8192 36
      vertex 92.2756 -87.0399 36
    endloop
  endfacet
  facet normal 0.405174 0.914239 0
    outer loop
      vertex 91.8268 87.2388 36
      vertex 92.2756 87.0399 0
      vertex 91.8268 87.2388 0
    endloop
  endfacet
  facet normal 0.405174 0.914239 -0
    outer loop
      vertex 92.2756 87.0399 0
      vertex 91.8268 87.2388 36
      vertex 92.2756 87.0399 36
    endloop
  endfacet
  facet normal -0.170937 0.985282 0
    outer loop
      vertex -89.9509 87.8079 36
      vertex -89.4673 87.8918 0
      vertex -89.9509 87.8079 0
    endloop
  endfacet
  facet normal -0.170937 0.985282 0
    outer loop
      vertex -89.4673 87.8918 0
      vertex -89.9509 87.8079 36
      vertex -89.4673 87.8918 36
    endloop
  endfacet
  facet normal -0.313721 0.949515 0
    outer loop
      vertex -91.3689 87.4154 36
      vertex -90.9028 87.5694 0
      vertex -91.3689 87.4154 0
    endloop
  endfacet
  facet normal -0.313721 0.949515 0
    outer loop
      vertex -90.9028 87.5694 0
      vertex -91.3689 87.4154 36
      vertex -90.9028 87.5694 36
    endloop
  endfacet
  facet normal -0.219216 0.975676 0
    outer loop
      vertex -90.4298 87.7003 36
      vertex -89.9509 87.8079 0
      vertex -90.4298 87.7003 0
    endloop
  endfacet
  facet normal -0.219216 0.975676 0
    outer loop
      vertex -89.9509 87.8079 0
      vertex -90.4298 87.7003 36
      vertex -89.9509 87.8079 36
    endloop
  endfacet
  facet normal -0.49291 0.87008 0
    outer loop
      vertex -93.141 86.5773 36
      vertex -92.714 86.8192 0
      vertex -93.141 86.5773 0
    endloop
  endfacet
  facet normal -0.49291 0.87008 0
    outer loop
      vertex -92.714 86.8192 0
      vertex -93.141 86.5773 36
      vertex -92.714 86.8192 36
    endloop
  endfacet
  facet normal -0.534989 0.844859 0
    outer loop
      vertex -93.5557 86.3147 36
      vertex -93.141 86.5773 0
      vertex -93.5557 86.3147 0
    endloop
  endfacet
  facet normal -0.534989 0.844859 0
    outer loop
      vertex -93.141 86.5773 0
      vertex -93.5557 86.3147 36
      vertex -93.141 86.5773 36
    endloop
  endfacet
  facet normal 0.87008 0.49291 0
    outer loop
      vertex 96.5773 83.141 0
      vertex 96.8192 82.714 36
      vertex 96.8192 82.714 0
    endloop
  endfacet
  facet normal 0.87008 0.49291 0
    outer loop
      vertex 96.8192 82.714 36
      vertex 96.5773 83.141 0
      vertex 96.5773 83.141 36
    endloop
  endfacet
  facet normal 0.999701 0.0244476 0
    outer loop
      vertex 97.988 78.4907 0
      vertex 98 78 36
      vertex 98 78 0
    endloop
  endfacet
  facet normal 0.999701 0.0244476 0
    outer loop
      vertex 98 78 36
      vertex 97.988 78.4907 0
      vertex 97.988 78.4907 36
    endloop
  endfacet
  facet normal 0.949515 0.313721 0
    outer loop
      vertex 97.4154 81.3689 0
      vertex 97.5694 80.9028 36
      vertex 97.5694 80.9028 0
    endloop
  endfacet
  facet normal 0.949515 0.313721 0
    outer loop
      vertex 97.5694 80.9028 36
      vertex 97.4154 81.3689 0
      vertex 97.4154 81.3689 36
    endloop
  endfacet
  facet normal 0.985282 0.170937 0
    outer loop
      vertex 97.8079 79.9509 0
      vertex 97.8918 79.4673 36
      vertex 97.8918 79.4673 0
    endloop
  endfacet
  facet normal 0.985282 0.170937 0
    outer loop
      vertex 97.8918 79.4673 36
      vertex 97.8079 79.9509 0
      vertex 97.8079 79.9509 36
    endloop
  endfacet
  facet normal 0.975676 -0.219216 0
    outer loop
      vertex 97.8079 -79.9509 0
      vertex 97.7003 -80.4298 36
      vertex 97.7003 -80.4298 0
    endloop
  endfacet
  facet normal 0.975676 -0.219216 0
    outer loop
      vertex 97.7003 -80.4298 36
      vertex 97.8079 -79.9509 0
      vertex 97.8079 -79.9509 36
    endloop
  endfacet
  facet normal 0.992499 -0.122254 0
    outer loop
      vertex 97.9518 -78.9802 0
      vertex 97.8918 -79.4673 36
      vertex 97.8918 -79.4673 0
    endloop
  endfacet
  facet normal 0.992499 -0.122254 0
    outer loop
      vertex 97.8918 -79.4673 36
      vertex 97.9518 -78.9802 0
      vertex 97.9518 -78.9802 36
    endloop
  endfacet
  facet normal 0.999701 -0.0244476 0
    outer loop
      vertex 98 -78 0
      vertex 97.988 -78.4907 36
      vertex 97.988 -78.4907 0
    endloop
  endfacet
  facet normal 0.999701 -0.0244476 0
    outer loop
      vertex 97.988 -78.4907 36
      vertex 98 -78 0
      vertex 98 -78 36
    endloop
  endfacet
  facet normal 0.844859 -0.534989 0
    outer loop
      vertex 96.5773 -83.141 0
      vertex 96.3147 -83.5557 36
      vertex 96.3147 -83.5557 0
    endloop
  endfacet
  facet normal 0.844859 -0.534989 0
    outer loop
      vertex 96.3147 -83.5557 36
      vertex 96.5773 -83.141 0
      vertex 96.5773 -83.141 36
    endloop
  endfacet
  facet normal 0.893201 -0.449657 0
    outer loop
      vertex 97.0399 -82.2756 0
      vertex 96.8192 -82.714 36
      vertex 96.8192 -82.714 0
    endloop
  endfacet
  facet normal 0.893201 -0.449657 0
    outer loop
      vertex 96.8192 -82.714 36
      vertex 97.0399 -82.2756 0
      vertex 97.0399 -82.2756 36
    endloop
  endfacet
  facet normal 0.75724 -0.653137 0
    outer loop
      vertex 95.7301 -84.3439 0
      vertex 95.4095 -84.7156 36
      vertex 95.4095 -84.7156 0
    endloop
  endfacet
  facet normal 0.75724 -0.653137 0
    outer loop
      vertex 95.4095 -84.7156 36
      vertex 95.7301 -84.3439 0
      vertex 95.7301 -84.3439 36
    endloop
  endfacet
  facet normal -0.999701 -0.0244476 0
    outer loop
      vertex -98 -78 36
      vertex -97.988 -78.4907 0
      vertex -97.988 -78.4907 36
    endloop
  endfacet
  facet normal -0.999701 -0.0244476 0
    outer loop
      vertex -97.988 -78.4907 0
      vertex -98 -78 36
      vertex -98 -78 0
    endloop
  endfacet
  facet normal -0.949515 -0.313721 0
    outer loop
      vertex -97.5694 -80.9028 36
      vertex -97.4154 -81.3689 0
      vertex -97.4154 -81.3689 36
    endloop
  endfacet
  facet normal -0.949515 -0.313721 0
    outer loop
      vertex -97.4154 -81.3689 0
      vertex -97.5694 -80.9028 36
      vertex -97.5694 -80.9028 0
    endloop
  endfacet
  facet normal -0.963774 -0.266719 0
    outer loop
      vertex -97.7003 -80.4298 36
      vertex -97.5694 -80.9028 0
      vertex -97.5694 -80.9028 36
    endloop
  endfacet
  facet normal -0.963774 -0.266719 0
    outer loop
      vertex -97.5694 -80.9028 0
      vertex -97.7003 -80.4298 36
      vertex -97.7003 -80.4298 0
    endloop
  endfacet
  facet normal -0.985282 -0.170937 0
    outer loop
      vertex -97.8918 -79.4673 36
      vertex -97.8079 -79.9509 0
      vertex -97.8079 -79.9509 36
    endloop
  endfacet
  facet normal -0.985282 -0.170937 0
    outer loop
      vertex -97.8079 -79.9509 0
      vertex -97.8918 -79.4673 36
      vertex -97.8918 -79.4673 0
    endloop
  endfacet
  facet normal -0.914239 -0.405174 0
    outer loop
      vertex -97.2388 -81.8268 36
      vertex -97.0399 -82.2756 0
      vertex -97.0399 -82.2756 36
    endloop
  endfacet
  facet normal -0.914239 -0.405174 0
    outer loop
      vertex -97.0399 -82.2756 0
      vertex -97.2388 -81.8268 36
      vertex -97.2388 -81.8268 0
    endloop
  endfacet
  facet normal -0.844859 -0.534989 0
    outer loop
      vertex -96.5773 -83.141 36
      vertex -96.3147 -83.5557 0
      vertex -96.3147 -83.5557 36
    endloop
  endfacet
  facet normal -0.844859 -0.534989 0
    outer loop
      vertex -96.3147 -83.5557 0
      vertex -96.5773 -83.141 36
      vertex -96.5773 -83.141 0
    endloop
  endfacet
  facet normal -0.87008 -0.49291 0
    outer loop
      vertex -96.8192 -82.714 36
      vertex -96.5773 -83.141 0
      vertex -96.5773 -83.141 36
    endloop
  endfacet
  facet normal -0.87008 -0.49291 0
    outer loop
      vertex -96.5773 -83.141 0
      vertex -96.8192 -82.714 36
      vertex -96.8192 -82.714 0
    endloop
  endfacet
  facet normal -0.817611 -0.575771 0
    outer loop
      vertex -96.3147 -83.5557 36
      vertex -96.0321 -83.957 0
      vertex -96.0321 -83.957 36
    endloop
  endfacet
  facet normal -0.817611 -0.575771 0
    outer loop
      vertex -96.0321 -83.957 0
      vertex -96.3147 -83.5557 36
      vertex -96.3147 -83.5557 0
    endloop
  endfacet
  facet normal -0.689472 -0.724312 -0
    outer loop
      vertex -94.7156 -85.4095 36
      vertex -95.0711 -85.0711 0
      vertex -94.7156 -85.4095 0
    endloop
  endfacet
  facet normal -0.689472 -0.724312 0
    outer loop
      vertex -95.0711 -85.0711 0
      vertex -94.7156 -85.4095 36
      vertex -95.0711 -85.0711 36
    endloop
  endfacet
  facet normal -0.893201 0.449657 0
    outer loop
      vertex -96.8192 82.714 36
      vertex -97.0399 82.2756 0
      vertex -97.0399 82.2756 36
    endloop
  endfacet
  facet normal -0.893201 0.449657 0
    outer loop
      vertex -97.0399 82.2756 0
      vertex -96.8192 82.714 36
      vertex -96.8192 82.714 0
    endloop
  endfacet
  facet normal -0.844859 0.534989 0
    outer loop
      vertex -96.3147 83.5557 36
      vertex -96.5773 83.141 0
      vertex -96.5773 83.141 36
    endloop
  endfacet
  facet normal -0.844859 0.534989 0
    outer loop
      vertex -96.5773 83.141 0
      vertex -96.3147 83.5557 36
      vertex -96.3147 83.5557 0
    endloop
  endfacet
  facet normal -0.788287 0.615308 0
    outer loop
      vertex -95.7301 84.3439 36
      vertex -96.0321 83.957 0
      vertex -96.0321 83.957 36
    endloop
  endfacet
  facet normal -0.788287 0.615308 0
    outer loop
      vertex -96.0321 83.957 0
      vertex -95.7301 84.3439 36
      vertex -95.7301 84.3439 0
    endloop
  endfacet
  facet normal -0.689472 0.724312 0
    outer loop
      vertex -95.0711 85.0711 36
      vertex -94.7156 85.4095 0
      vertex -95.0711 85.0711 0
    endloop
  endfacet
  facet normal -0.689472 0.724312 0
    outer loop
      vertex -94.7156 85.4095 0
      vertex -95.0711 85.0711 36
      vertex -94.7156 85.4095 36
    endloop
  endfacet
  facet normal -0.575771 0.817611 0
    outer loop
      vertex -93.957 86.0321 36
      vertex -93.5557 86.3147 0
      vertex -93.957 86.0321 0
    endloop
  endfacet
  facet normal -0.575771 0.817611 0
    outer loop
      vertex -93.5557 86.3147 0
      vertex -93.957 86.0321 36
      vertex -93.5557 86.3147 36
    endloop
  endfacet
  facet normal 0.653137 0.75724 0
    outer loop
      vertex 94.3439 85.7301 36
      vertex 94.7156 85.4095 0
      vertex 94.3439 85.7301 0
    endloop
  endfacet
  facet normal 0.653137 0.75724 -0
    outer loop
      vertex 94.7156 85.4095 0
      vertex 94.3439 85.7301 36
      vertex 94.7156 85.4095 36
    endloop
  endfacet
  facet normal 0.615308 0.788287 0
    outer loop
      vertex 93.957 86.0321 36
      vertex 94.3439 85.7301 0
      vertex 93.957 86.0321 0
    endloop
  endfacet
  facet normal 0.615308 0.788287 -0
    outer loop
      vertex 94.3439 85.7301 0
      vertex 93.957 86.0321 36
      vertex 94.3439 85.7301 36
    endloop
  endfacet
  facet normal 0.49291 0.87008 0
    outer loop
      vertex 92.714 86.8192 36
      vertex 93.141 86.5773 0
      vertex 92.714 86.8192 0
    endloop
  endfacet
  facet normal 0.49291 0.87008 -0
    outer loop
      vertex 93.141 86.5773 0
      vertex 92.714 86.8192 36
      vertex 93.141 86.5773 36
    endloop
  endfacet
  facet normal -0.266719 0.963774 0
    outer loop
      vertex -90.9028 87.5694 36
      vertex -90.4298 87.7003 0
      vertex -90.9028 87.5694 0
    endloop
  endfacet
  facet normal -0.266719 0.963774 0
    outer loop
      vertex -90.4298 87.7003 0
      vertex -90.9028 87.5694 36
      vertex -90.4298 87.7003 36
    endloop
  endfacet
  facet normal -0.405174 0.914239 0
    outer loop
      vertex -92.2756 87.0399 36
      vertex -91.8268 87.2388 0
      vertex -92.2756 87.0399 0
    endloop
  endfacet
  facet normal -0.405174 0.914239 0
    outer loop
      vertex -91.8268 87.2388 0
      vertex -92.2756 87.0399 36
      vertex -91.8268 87.2388 36
    endloop
  endfacet
  facet normal 0.933014 0.359839 0
    outer loop
      vertex 97.2388 81.8268 0
      vertex 97.4154 81.3689 36
      vertex 97.4154 81.3689 0
    endloop
  endfacet
  facet normal 0.933014 0.359839 0
    outer loop
      vertex 97.4154 81.3689 36
      vertex 97.2388 81.8268 0
      vertex 97.2388 81.8268 36
    endloop
  endfacet
  facet normal 0.844859 0.534989 0
    outer loop
      vertex 96.3147 83.5557 0
      vertex 96.5773 83.141 36
      vertex 96.5773 83.141 0
    endloop
  endfacet
  facet normal 0.844859 0.534989 0
    outer loop
      vertex 96.5773 83.141 36
      vertex 96.3147 83.5557 0
      vertex 96.3147 83.5557 36
    endloop
  endfacet
  facet normal 0.992499 0.122254 0
    outer loop
      vertex 97.8918 79.4673 0
      vertex 97.9518 78.9802 36
      vertex 97.9518 78.9802 0
    endloop
  endfacet
  facet normal 0.992499 0.122254 0
    outer loop
      vertex 97.9518 78.9802 36
      vertex 97.8918 79.4673 0
      vertex 97.8918 79.4673 36
    endloop
  endfacet
  facet normal 0.963774 -0.266719 0
    outer loop
      vertex 97.7003 -80.4298 0
      vertex 97.5694 -80.9028 36
      vertex 97.5694 -80.9028 0
    endloop
  endfacet
  facet normal 0.963774 -0.266719 0
    outer loop
      vertex 97.5694 -80.9028 36
      vertex 97.7003 -80.4298 0
      vertex 97.7003 -80.4298 36
    endloop
  endfacet
  facet normal 0.949515 -0.313721 0
    outer loop
      vertex 97.5694 -80.9028 0
      vertex 97.4154 -81.3689 36
      vertex 97.4154 -81.3689 0
    endloop
  endfacet
  facet normal 0.949515 -0.313721 0
    outer loop
      vertex 97.4154 -81.3689 36
      vertex 97.5694 -80.9028 0
      vertex 97.5694 -80.9028 36
    endloop
  endfacet
  facet normal 0.914239 -0.405174 0
    outer loop
      vertex 97.2388 -81.8268 0
      vertex 97.0399 -82.2756 36
      vertex 97.0399 -82.2756 0
    endloop
  endfacet
  facet normal 0.914239 -0.405174 0
    outer loop
      vertex 97.0399 -82.2756 36
      vertex 97.2388 -81.8268 0
      vertex 97.2388 -81.8268 36
    endloop
  endfacet
  facet normal 0.997277 -0.0737516 0
    outer loop
      vertex 97.988 -78.4907 0
      vertex 97.9518 -78.9802 36
      vertex 97.9518 -78.9802 0
    endloop
  endfacet
  facet normal 0.997277 -0.0737516 0
    outer loop
      vertex 97.9518 -78.9802 36
      vertex 97.988 -78.4907 0
      vertex 97.988 -78.4907 36
    endloop
  endfacet
  facet normal 0.87008 -0.49291 0
    outer loop
      vertex 96.8192 -82.714 0
      vertex 96.5773 -83.141 36
      vertex 96.5773 -83.141 0
    endloop
  endfacet
  facet normal 0.87008 -0.49291 0
    outer loop
      vertex 96.5773 -83.141 36
      vertex 96.8192 -82.714 0
      vertex 96.8192 -82.714 36
    endloop
  endfacet
  facet normal 0.788287 -0.615308 0
    outer loop
      vertex 96.0321 -83.957 0
      vertex 95.7301 -84.3439 36
      vertex 95.7301 -84.3439 0
    endloop
  endfacet
  facet normal 0.788287 -0.615308 0
    outer loop
      vertex 95.7301 -84.3439 36
      vertex 96.0321 -83.957 0
      vertex 96.0321 -83.957 36
    endloop
  endfacet
  facet normal 0.689472 -0.724312 0
    outer loop
      vertex 95.0711 -85.0711 36
      vertex 94.7156 -85.4095 0
      vertex 95.0711 -85.0711 0
    endloop
  endfacet
  facet normal 0.689472 -0.724312 0
    outer loop
      vertex 94.7156 -85.4095 0
      vertex 95.0711 -85.0711 36
      vertex 94.7156 -85.4095 36
    endloop
  endfacet
  facet normal -0.997277 -0.0737516 0
    outer loop
      vertex -97.988 -78.4907 36
      vertex -97.9518 -78.9802 0
      vertex -97.9518 -78.9802 36
    endloop
  endfacet
  facet normal -0.997277 -0.0737516 0
    outer loop
      vertex -97.9518 -78.9802 0
      vertex -97.988 -78.4907 36
      vertex -97.988 -78.4907 0
    endloop
  endfacet
  facet normal -0.933014 -0.359839 0
    outer loop
      vertex -97.4154 -81.3689 36
      vertex -97.2388 -81.8268 0
      vertex -97.2388 -81.8268 36
    endloop
  endfacet
  facet normal -0.933014 -0.359839 0
    outer loop
      vertex -97.2388 -81.8268 0
      vertex -97.4154 -81.3689 36
      vertex -97.4154 -81.3689 0
    endloop
  endfacet
  facet normal -0.893201 -0.449657 0
    outer loop
      vertex -97.0399 -82.2756 36
      vertex -96.8192 -82.714 0
      vertex -96.8192 -82.714 36
    endloop
  endfacet
  facet normal -0.893201 -0.449657 0
    outer loop
      vertex -96.8192 -82.714 0
      vertex -97.0399 -82.2756 36
      vertex -97.0399 -82.2756 0
    endloop
  endfacet
  facet normal -0.724312 -0.689472 0
    outer loop
      vertex -95.4095 -84.7156 36
      vertex -95.0711 -85.0711 0
      vertex -95.0711 -85.0711 36
    endloop
  endfacet
  facet normal -0.724312 -0.689472 0
    outer loop
      vertex -95.0711 -85.0711 0
      vertex -95.4095 -84.7156 36
      vertex -95.4095 -84.7156 0
    endloop
  endfacet
  facet normal -0.724312 0.689472 0
    outer loop
      vertex -95.0711 85.0711 36
      vertex -95.4095 84.7156 0
      vertex -95.4095 84.7156 36
    endloop
  endfacet
  facet normal -0.724312 0.689472 0
    outer loop
      vertex -95.4095 84.7156 0
      vertex -95.0711 85.0711 36
      vertex -95.0711 85.0711 0
    endloop
  endfacet
  facet normal 0.575771 0.817611 0
    outer loop
      vertex 93.5557 86.3147 36
      vertex 93.957 86.0321 0
      vertex 93.5557 86.3147 0
    endloop
  endfacet
  facet normal 0.575771 0.817611 -0
    outer loop
      vertex 93.957 86.0321 0
      vertex 93.5557 86.3147 36
      vertex 93.957 86.0321 36
    endloop
  endfacet
  facet normal 0.219216 0.975676 0
    outer loop
      vertex 89.9509 87.8079 36
      vertex 90.4298 87.7003 0
      vertex 89.9509 87.8079 0
    endloop
  endfacet
  facet normal 0.219216 0.975676 -0
    outer loop
      vertex 90.4298 87.7003 0
      vertex 89.9509 87.8079 36
      vertex 90.4298 87.7003 36
    endloop
  endfacet
  facet normal 0.359839 0.933014 0
    outer loop
      vertex 91.3689 87.4154 36
      vertex 91.8268 87.2388 0
      vertex 91.3689 87.4154 0
    endloop
  endfacet
  facet normal 0.359839 0.933014 -0
    outer loop
      vertex 91.8268 87.2388 0
      vertex 91.3689 87.4154 36
      vertex 91.8268 87.2388 36
    endloop
  endfacet
  facet normal 0.313721 0.949515 0
    outer loop
      vertex 90.9028 87.5694 36
      vertex 91.3689 87.4154 0
      vertex 90.9028 87.5694 0
    endloop
  endfacet
  facet normal 0.313721 0.949515 -0
    outer loop
      vertex 91.3689 87.4154 0
      vertex 90.9028 87.5694 36
      vertex 91.3689 87.4154 36
    endloop
  endfacet
  facet normal 0.0244476 0.999701 0
    outer loop
      vertex 88 88 36
      vertex 88.4907 87.988 0
      vertex 88 88 0
    endloop
  endfacet
  facet normal 0.0244476 0.999701 -0
    outer loop
      vertex 88.4907 87.988 0
      vertex 88 88 36
      vertex 88.4907 87.988 36
    endloop
  endfacet
  facet normal 0.449657 0.893201 0
    outer loop
      vertex 92.2756 87.0399 36
      vertex 92.714 86.8192 0
      vertex 92.2756 87.0399 0
    endloop
  endfacet
  facet normal 0.449657 0.893201 -0
    outer loop
      vertex 92.714 86.8192 0
      vertex 92.2756 87.0399 36
      vertex 92.714 86.8192 36
    endloop
  endfacet
  facet normal -0.122254 0.992499 0
    outer loop
      vertex -89.4673 87.8918 36
      vertex -88.9802 87.9518 0
      vertex -89.4673 87.8918 0
    endloop
  endfacet
  facet normal -0.122254 0.992499 0
    outer loop
      vertex -88.9802 87.9518 0
      vertex -89.4673 87.8918 36
      vertex -88.9802 87.9518 36
    endloop
  endfacet
  facet normal -0.0737516 0.997277 0
    outer loop
      vertex -88.9802 87.9518 36
      vertex -88.4907 87.988 0
      vertex -88.9802 87.9518 0
    endloop
  endfacet
  facet normal -0.0737516 0.997277 0
    outer loop
      vertex -88.4907 87.988 0
      vertex -88.9802 87.9518 36
      vertex -88.4907 87.988 36
    endloop
  endfacet
  facet normal -0.359839 0.933014 0
    outer loop
      vertex -91.8268 87.2388 36
      vertex -91.3689 87.4154 0
      vertex -91.8268 87.2388 0
    endloop
  endfacet
  facet normal -0.359839 0.933014 0
    outer loop
      vertex -91.3689 87.4154 0
      vertex -91.8268 87.2388 36
      vertex -91.3689 87.4154 36
    endloop
  endfacet
  facet normal -0.449657 0.893201 0
    outer loop
      vertex -92.714 86.8192 36
      vertex -92.2756 87.0399 0
      vertex -92.714 86.8192 0
    endloop
  endfacet
  facet normal -0.449657 0.893201 0
    outer loop
      vertex -92.2756 87.0399 0
      vertex -92.714 86.8192 36
      vertex -92.2756 87.0399 36
    endloop
  endfacet
  facet normal -0.615308 0.788287 0
    outer loop
      vertex -94.3439 85.7301 36
      vertex -93.957 86.0321 0
      vertex -94.3439 85.7301 0
    endloop
  endfacet
  facet normal -0.615308 0.788287 0
    outer loop
      vertex -93.957 86.0321 0
      vertex -94.3439 85.7301 36
      vertex -93.957 86.0321 36
    endloop
  endfacet
  facet normal -0.653137 0.75724 0
    outer loop
      vertex -94.7156 85.4095 36
      vertex -94.3439 85.7301 0
      vertex -94.7156 85.4095 0
    endloop
  endfacet
  facet normal -0.653137 0.75724 0
    outer loop
      vertex -94.3439 85.7301 0
      vertex -94.7156 85.4095 36
      vertex -94.3439 85.7301 36
    endloop
  endfacet
  facet normal 0.963774 0.266719 0
    outer loop
      vertex 97.5694 80.9028 0
      vertex 97.7003 80.4298 36
      vertex 97.7003 80.4298 0
    endloop
  endfacet
  facet normal 0.963774 0.266719 0
    outer loop
      vertex 97.7003 80.4298 36
      vertex 97.5694 80.9028 0
      vertex 97.5694 80.9028 36
    endloop
  endfacet
  facet normal 0.933014 -0.359839 0
    outer loop
      vertex 97.4154 -81.3689 0
      vertex 97.2388 -81.8268 36
      vertex 97.2388 -81.8268 0
    endloop
  endfacet
  facet normal 0.933014 -0.359839 0
    outer loop
      vertex 97.2388 -81.8268 36
      vertex 97.4154 -81.3689 0
      vertex 97.4154 -81.3689 36
    endloop
  endfacet
  facet normal 0.817611 -0.575771 0
    outer loop
      vertex 96.3147 -83.5557 0
      vertex 96.0321 -83.957 36
      vertex 96.0321 -83.957 0
    endloop
  endfacet
  facet normal 0.817611 -0.575771 0
    outer loop
      vertex 96.0321 -83.957 36
      vertex 96.3147 -83.5557 0
      vertex 96.3147 -83.5557 36
    endloop
  endfacet
  facet normal 0.653137 -0.75724 0
    outer loop
      vertex 94.7156 -85.4095 36
      vertex 94.3439 -85.7301 0
      vertex 94.7156 -85.4095 0
    endloop
  endfacet
  facet normal 0.653137 -0.75724 0
    outer loop
      vertex 94.3439 -85.7301 0
      vertex 94.7156 -85.4095 36
      vertex 94.3439 -85.7301 36
    endloop
  endfacet
  facet normal 0.575771 -0.817611 0
    outer loop
      vertex 93.957 -86.0321 36
      vertex 93.5557 -86.3147 0
      vertex 93.957 -86.0321 0
    endloop
  endfacet
  facet normal 0.575771 -0.817611 0
    outer loop
      vertex 93.5557 -86.3147 0
      vertex 93.957 -86.0321 36
      vertex 93.5557 -86.3147 36
    endloop
  endfacet
  facet normal 0.170937 0.985282 0
    outer loop
      vertex 89.4673 87.8918 36
      vertex 89.9509 87.8079 0
      vertex 89.4673 87.8918 0
    endloop
  endfacet
  facet normal 0.170937 0.985282 -0
    outer loop
      vertex 89.9509 87.8079 0
      vertex 89.4673 87.8918 36
      vertex 89.9509 87.8079 36
    endloop
  endfacet
  facet normal 0.122254 0.992499 0
    outer loop
      vertex 88.9802 87.9518 36
      vertex 89.4673 87.8918 0
      vertex 88.9802 87.9518 0
    endloop
  endfacet
  facet normal 0.122254 0.992499 -0
    outer loop
      vertex 89.4673 87.8918 0
      vertex 88.9802 87.9518 36
      vertex 89.4673 87.8918 36
    endloop
  endfacet
  facet normal 0.534989 0.844859 0
    outer loop
      vertex 93.141 86.5773 36
      vertex 93.5557 86.3147 0
      vertex 93.141 86.5773 0
    endloop
  endfacet
  facet normal 0.534989 0.844859 -0
    outer loop
      vertex 93.5557 86.3147 0
      vertex 93.141 86.5773 36
      vertex 93.5557 86.3147 36
    endloop
  endfacet
  facet normal -0.0244476 0.999701 0
    outer loop
      vertex -88.4907 87.988 36
      vertex -88 88 0
      vertex -88.4907 87.988 0
    endloop
  endfacet
  facet normal -0.0244476 0.999701 0
    outer loop
      vertex -88 88 0
      vertex -88.4907 87.988 36
      vertex -88 88 36
    endloop
  endfacet
  facet normal 0.975676 0.219216 0
    outer loop
      vertex 97.7003 80.4298 0
      vertex 97.8079 79.9509 36
      vertex 97.8079 79.9509 0
    endloop
  endfacet
  facet normal 0.975676 0.219216 0
    outer loop
      vertex 97.8079 79.9509 36
      vertex 97.7003 80.4298 0
      vertex 97.7003 80.4298 36
    endloop
  endfacet
  facet normal 0.914239 0.405174 0
    outer loop
      vertex 97.0399 82.2756 0
      vertex 97.2388 81.8268 36
      vertex 97.2388 81.8268 0
    endloop
  endfacet
  facet normal 0.914239 0.405174 0
    outer loop
      vertex 97.2388 81.8268 36
      vertex 97.0399 82.2756 0
      vertex 97.0399 82.2756 36
    endloop
  endfacet
  facet normal 0.893201 0.449657 0
    outer loop
      vertex 96.8192 82.714 0
      vertex 97.0399 82.2756 36
      vertex 97.0399 82.2756 0
    endloop
  endfacet
  facet normal 0.893201 0.449657 0
    outer loop
      vertex 97.0399 82.2756 36
      vertex 96.8192 82.714 0
      vertex 96.8192 82.714 36
    endloop
  endfacet
  facet normal 0.817611 0.575771 0
    outer loop
      vertex 96.0321 83.957 0
      vertex 96.3147 83.5557 36
      vertex 96.3147 83.5557 0
    endloop
  endfacet
  facet normal 0.817611 0.575771 0
    outer loop
      vertex 96.3147 83.5557 36
      vertex 96.0321 83.957 0
      vertex 96.0321 83.957 36
    endloop
  endfacet
  facet normal 0.0737516 0.997277 0
    outer loop
      vertex 88.4907 87.988 36
      vertex 88.9802 87.9518 0
      vertex 88.4907 87.988 0
    endloop
  endfacet
  facet normal 0.0737516 0.997277 -0
    outer loop
      vertex 88.9802 87.9518 0
      vertex 88.4907 87.988 36
      vertex 88.9802 87.9518 36
    endloop
  endfacet
  facet normal 0.266719 0.963774 0
    outer loop
      vertex 90.4298 87.7003 36
      vertex 90.9028 87.5694 0
      vertex 90.4298 87.7003 0
    endloop
  endfacet
  facet normal 0.266719 0.963774 -0
    outer loop
      vertex 90.9028 87.5694 0
      vertex 90.4298 87.7003 36
      vertex 90.9028 87.5694 36
    endloop
  endfacet
  facet normal 0.75724 0.653137 0
    outer loop
      vertex 95.4095 84.7156 0
      vertex 95.7301 84.3439 36
      vertex 95.7301 84.3439 0
    endloop
  endfacet
  facet normal 0.75724 0.653137 0
    outer loop
      vertex 95.7301 84.3439 36
      vertex 95.4095 84.7156 0
      vertex 95.4095 84.7156 36
    endloop
  endfacet
  facet normal 0.724312 0.689472 0
    outer loop
      vertex 95.0711 85.0711 0
      vertex 95.4095 84.7156 36
      vertex 95.4095 84.7156 0
    endloop
  endfacet
  facet normal 0.724312 0.689472 0
    outer loop
      vertex 95.4095 84.7156 36
      vertex 95.0711 85.0711 0
      vertex 95.0711 85.0711 36
    endloop
  endfacet
  facet normal 0.534989 -0.844859 0
    outer loop
      vertex 93.5557 -86.3147 36
      vertex 93.141 -86.5773 0
      vertex 93.5557 -86.3147 0
    endloop
  endfacet
  facet normal 0.534989 -0.844859 0
    outer loop
      vertex 93.141 -86.5773 0
      vertex 93.5557 -86.3147 36
      vertex 93.141 -86.5773 36
    endloop
  endfacet
  facet normal 0.405174 -0.914239 0
    outer loop
      vertex 92.2756 -87.0399 36
      vertex 91.8268 -87.2388 0
      vertex 92.2756 -87.0399 0
    endloop
  endfacet
  facet normal 0.405174 -0.914239 0
    outer loop
      vertex 91.8268 -87.2388 0
      vertex 92.2756 -87.0399 36
      vertex 91.8268 -87.2388 36
    endloop
  endfacet
  facet normal 0.997285 -0.0736329 0
    outer loop
      vertex -96.7576 78.8625 1.2
      vertex -96.7894 78.4318 36
      vertex -96.7894 78.4318 1.2
    endloop
  endfacet
  facet normal 0.997285 -0.0736329 0
    outer loop
      vertex -96.7894 78.4318 36
      vertex -96.7576 78.8625 1.2
      vertex -96.7576 78.8625 36
    endloop
  endfacet
  facet normal -0.0736329 0.997285 0
    outer loop
      vertex 88.4318 -86.7894 36
      vertex 88.8625 -86.7576 1.2
      vertex 88.4318 -86.7894 1.2
    endloop
  endfacet
  facet normal -0.0736329 0.997285 0
    outer loop
      vertex 88.8625 -86.7576 1.2
      vertex 88.4318 -86.7894 36
      vertex 88.8625 -86.7576 36
    endloop
  endfacet
  facet normal 0.985258 -0.171077 0
    outer loop
      vertex -96.6309 79.7168 1.2
      vertex -96.7048 79.2912 36
      vertex -96.7048 79.2912 1.2
    endloop
  endfacet
  facet normal 0.985258 -0.171077 0
    outer loop
      vertex -96.7048 79.2912 36
      vertex -96.6309 79.7168 1.2
      vertex -96.6309 79.7168 36
    endloop
  endfacet
  facet normal -0.999699 0.024541 0
    outer loop
      vertex 96.8 -78 29.6
      vertex 96.7894 -78.4318 36
      vertex 96.8 -78 36
    endloop
  endfacet
  facet normal -0.999699 0.024541 0
    outer loop
      vertex 96.8 -78 26.4
      vertex 96.7894 -78.4318 36
      vertex 96.8 -78 29.6
    endloop
  endfacet
  facet normal -0.999699 0.024541 0
    outer loop
      vertex 96.7894 -78.4318 36
      vertex 96.8 -78 26.4
      vertex 96.7894 -78.4318 1.2
    endloop
  endfacet
  facet normal -0.999699 0.024541 0
    outer loop
      vertex 96.7894 -78.4318 1.2
      vertex 96.8 -78 26.4
      vertex 96.8 -78 1.2
    endloop
  endfacet
  facet normal 0 0 1
    outer loop
      vertex 88 86.8 1.2
      vertex 96.8 78 1.2
      vertex 96.7894 78.4318 1.2
    endloop
  endfacet
  facet normal 0 0 1
    outer loop
      vertex 96.8 78 1.2
      vertex 37.4 0 1.2
      vertex 96.8 -78 1.2
    endloop
  endfacet
  facet normal 0 0 1
    outer loop
      vertex 88 86.8 1.2
      vertex 96.7894 78.4318 1.2
      vertex 96.7576 78.8625 1.2
    endloop
  endfacet
  facet normal -0 0 1
    outer loop
      vertex 37.3971 -0.117762 1.2
      vertex 96.8 -78 1.2
      vertex 37.4 0 1.2
    endloop
  endfacet
  facet normal 0 0 1
    outer loop
      vertex 88 86.8 1.2
      vertex 96.7576 78.8625 1.2
      vertex 96.7048 79.2912 1.2
    endloop
  endfacet
  facet normal -0 0 1
    outer loop
      vertex 37.3884 -0.235241 1.2
      vertex 96.8 -78 1.2
      vertex 37.3971 -0.117762 1.2
    endloop
  endfacet
  facet normal 0 0 1
    outer loop
      vertex 88 86.8 1.2
      vertex 96.7048 79.2912 1.2
      vertex 96.6309 79.7168 1.2
    endloop
  endfacet
  facet normal -0 0 1
    outer loop
      vertex 37.374 -0.352153 1.2
      vertex 96.8 -78 1.2
      vertex 37.3884 -0.235241 1.2
    endloop
  endfacet
  facet normal 0 0 1
    outer loop
      vertex 88 86.8 1.2
      vertex 96.6309 79.7168 1.2
      vertex 96.5363 80.1382 1.2
    endloop
  endfacet
  facet normal -0 0 1
    outer loop
      vertex 37.3539 -0.468216 1.2
      vertex 96.8 -78 1.2
      vertex 37.374 -0.352153 1.2
    endloop
  endfacet
  facet normal 0 0 1
    outer loop
      vertex 88 86.8 1.2
      vertex 96.5363 80.1382 1.2
      vertex 96.4211 80.5545 1.2
    endloop
  endfacet
  facet normal -0 0 1
    outer loop
      vertex 37.3281 -0.583152 1.2
      vertex 96.8 -78 1.2
      vertex 37.3539 -0.468216 1.2
    endloop
  endfacet
  facet normal 0 0 1
    outer loop
      vertex 88 86.8 1.2
      vertex 96.4211 80.5545 1.2
      vertex 96.2856 80.9646 1.2
    endloop
  endfacet
  facet normal -0 0 1
    outer loop
      vertex 37.2967 -0.696683 1.2
      vertex 96.8 -78 1.2
      vertex 37.3281 -0.583152 1.2
    endloop
  endfacet
  facet normal 0 0 1
    outer loop
      vertex 88 86.8 1.2
      vertex 96.2856 80.9646 1.2
      vertex 96.1301 81.3676 1.2
    endloop
  endfacet
  facet normal -0 0 1
    outer loop
      vertex 37.2597 -0.808536 1.2
      vertex 96.8 -78 1.2
      vertex 37.2967 -0.696683 1.2
    endloop
  endfacet
  facet normal 0 0 1
    outer loop
      vertex 88 86.8 1.2
      vertex 96.1301 81.3676 1.2
      vertex 95.9551 81.7625 1.2
    endloop
  endfacet
  facet normal -0 0 1
    outer loop
      vertex 37.2173 -0.91844 1.2
      vertex 96.8 -78 1.2
      vertex 37.2597 -0.808536 1.2
    endloop
  endfacet
  facet normal 0 0 1
    outer loop
      vertex 88 86.8 1.2
      vertex 95.9551 81.7625 1.2
      vertex 95.7609 82.1483 1.2
    endloop
  endfacet
  facet normal -0 0 1
    outer loop
      vertex 37.1696 -1.02613 1.2
      vertex 96.8 -78 1.2
      vertex 37.2173 -0.91844 1.2
    endloop
  endfacet
  facet normal 0 0 1
    outer loop
      vertex 88 86.8 1.2
      vertex 95.7609 82.1483 1.2
      vertex 95.548 82.5241 1.2
    endloop
  endfacet
  facet normal -0 0 1
    outer loop
      vertex 37.1166 -1.13135 1.2
      vertex 96.8 -78 1.2
      vertex 37.1696 -1.02613 1.2
    endloop
  endfacet
  facet normal 0 0 1
    outer loop
      vertex 88 86.8 1.2
      vertex 95.548 82.5241 1.2
      vertex 95.3169 82.889 1.2
    endloop
  endfacet
  facet normal -0 0 1
    outer loop
      vertex 37.0585 -1.23385 1.2
      vertex 96.8 -78 1.2
      vertex 37.1166 -1.13135 1.2
    endloop
  endfacet
  facet normal 0 0 1
    outer loop
      vertex 88 86.8 1.2
      vertex 95.3169 82.889 1.2
      vertex 95.0682 83.2422 1.2
    endloop
  endfacet
  facet normal -0 0 1
    outer loop
      vertex 36.9955 -1.33337 1.2
      vertex 96.8 -78 1.2
      vertex 37.0585 -1.23385 1.2
    endloop
  endfacet
  facet normal 0 0 1
    outer loop
      vertex 88 86.8 1.2
      vertex 95.0682 83.2422 1.2
      vertex 94.8025 83.5827 1.2
    endloop
  endfacet
  facet normal -0 0 1
    outer loop
      vertex 36.9277 -1.42968 1.2
      vertex 96.8 -78 1.2
      vertex 36.9955 -1.33337 1.2
    endloop
  endfacet
  facet normal 0 0 1
    outer loop
      vertex 88 86.8 1.2
      vertex 94.8025 83.5827 1.2
      vertex 94.5204 83.9097 1.2
    endloop
  endfacet
  facet normal -0 0 1
    outer loop
      vertex 36.8552 -1.52254 1.2
      vertex 96.8 -78 1.2
      vertex 36.9277 -1.42968 1.2
    endloop
  endfacet
  facet normal 0 0 1
    outer loop
      vertex 88 86.8 1.2
      vertex 94.5204 83.9097 1.2
      vertex 94.2225 84.2225 1.2
    endloop
  endfacet
  facet normal -0 0 1
    outer loop
      vertex 36.7783 -1.61174 1.2
      vertex 96.8 -78 1.2
      vertex 36.8552 -1.52254 1.2
    endloop
  endfacet
  facet normal 0 0 1
    outer loop
      vertex 88 86.8 1.2
      vertex 94.2225 84.2225 1.2
      vertex 93.9097 84.5204 1.2
    endloop
  endfacet
  facet normal -0 0 1
    outer loop
      vertex 36.6971 -1.69706 1.2
      vertex 96.8 -78 1.2
      vertex 36.7783 -1.61174 1.2
    endloop
  endfacet
  facet normal 0 0 1
    outer loop
      vertex 88 86.8 1.2
      vertex 93.9097 84.5204 1.2
      vertex 93.5827 84.8025 1.2
    endloop
  endfacet
  facet normal -0 0 1
    outer loop
      vertex 36.6117 -1.77828 1.2
      vertex 96.8 -78 1.2
      vertex 36.6971 -1.69706 1.2
    endloop
  endfacet
  facet normal 0 0 1
    outer loop
      vertex 88 86.8 1.2
      vertex 93.5827 84.8025 1.2
      vertex 93.2422 85.0682 1.2
    endloop
  endfacet
  facet normal -0 0 1
    outer loop
      vertex 36.5225 -1.85522 1.2
      vertex 96.8 -78 1.2
      vertex 36.6117 -1.77828 1.2
    endloop
  endfacet
  facet normal 0 0 1
    outer loop
      vertex 88 86.8 1.2
      vertex 93.2422 85.0682 1.2
      vertex 92.889 85.3169 1.2
    endloop
  endfacet
  facet normal -0 0 1
    outer loop
      vertex 36.4297 -1.9277 1.2
      vertex 96.8 -78 1.2
      vertex 36.5225 -1.85522 1.2
    endloop
  endfacet
  facet normal 0 0 1
    outer loop
      vertex 88 86.8 1.2
      vertex 92.889 85.3169 1.2
      vertex 92.5241 85.548 1.2
    endloop
  endfacet
  facet normal -0 0 1
    outer loop
      vertex 36.3334 -1.99553 1.2
      vertex 96.8 -78 1.2
      vertex 36.4297 -1.9277 1.2
    endloop
  endfacet
  facet normal 0 0 1
    outer loop
      vertex 88 86.8 1.2
      vertex 92.5241 85.548 1.2
      vertex 92.1483 85.7609 1.2
    endloop
  endfacet
  facet normal -0 0 1
    outer loop
      vertex 36.2338 -2.05855 1.2
      vertex 96.8 -78 1.2
      vertex 36.3334 -1.99553 1.2
    endloop
  endfacet
  facet normal 0 0 1
    outer loop
      vertex 88 86.8 1.2
      vertex 92.1483 85.7609 1.2
      vertex 91.7625 85.9551 1.2
    endloop
  endfacet
  facet normal -0 0 1
    outer loop
      vertex 36.1314 -2.11661 1.2
      vertex 96.8 -78 1.2
      vertex 36.2338 -2.05855 1.2
    endloop
  endfacet
  facet normal 0 0 1
    outer loop
      vertex 88 86.8 1.2
      vertex 91.7625 85.9551 1.2
      vertex 91.3676 86.1301 1.2
    endloop
  endfacet
  facet normal -0 0 1
    outer loop
      vertex 36.0261 -2.16957 1.2
      vertex 96.8 -78 1.2
      vertex 36.1314 -2.11661 1.2
    endloop
  endfacet
  facet normal 0 0 1
    outer loop
      vertex 88 86.8 1.2
      vertex 91.3676 86.1301 1.2
      vertex 90.9646 86.2856 1.2
    endloop
  endfacet
  facet normal 0 0 1
    outer loop
      vertex 96.8 -78 1.2
      vertex 88 -86.8 1.2
      vertex 96.7894 -78.4318 1.2
    endloop
  endfacet
  facet normal 0 0 1
    outer loop
      vertex 88 86.8 1.2
      vertex 90.9646 86.2856 1.2
      vertex 90.5545 86.4211 1.2
    endloop
  endfacet
  facet normal 0 0 1
    outer loop
      vertex 96.7894 -78.4318 1.2
      vertex 88 -86.8 1.2
      vertex 96.7576 -78.8625 1.2
    endloop
  endfacet
  facet normal 0 0 1
    outer loop
      vertex 88 86.8 1.2
      vertex 90.5545 86.4211 1.2
      vertex 90.1382 86.5363 1.2
    endloop
  endfacet
  facet normal 0 0 1
    outer loop
      vertex 96.7048 -79.2912 1.2
      vertex 88 -86.8 1.2
      vertex 96.6309 -79.7168 1.2
    endloop
  endfacet
  facet normal 0 0 1
    outer loop
      vertex 88 86.8 1.2
      vertex 90.1382 86.5363 1.2
      vertex 89.7168 86.6309 1.2
    endloop
  endfacet
  facet normal 0 0 1
    outer loop
      vertex 96.5363 -80.1382 1.2
      vertex 88 -86.8 1.2
      vertex 96.4211 -80.5545 1.2
    endloop
  endfacet
  facet normal 0 0 1
    outer loop
      vertex 88 86.8 1.2
      vertex 89.7168 86.6309 1.2
      vertex 89.2912 86.7048 1.2
    endloop
  endfacet
  facet normal 0 0 1
    outer loop
      vertex 96.4211 -80.5545 1.2
      vertex 88 -86.8 1.2
      vertex 96.2856 -80.9646 1.2
    endloop
  endfacet
  facet normal 0 0 1
    outer loop
      vertex 88 86.8 1.2
      vertex 89.2912 86.7048 1.2
      vertex 88.8625 86.7576 1.2
    endloop
  endfacet
  facet normal 0 0 1
    outer loop
      vertex 96.1301 -81.3676 1.2
      vertex 88 -86.8 1.2
      vertex 95.9551 -81.7625 1.2
    endloop
  endfacet
  facet normal 0 0 1
    outer loop
      vertex 88 86.8 1.2
      vertex 88.8625 86.7576 1.2
      vertex 88.4318 86.7894 1.2
    endloop
  endfacet
  facet normal 0 0 1
    outer loop
      vertex 95.7609 -82.1483 1.2
      vertex 88 -86.8 1.2
      vertex 95.548 -82.5241 1.2
    endloop
  endfacet
  facet normal 0 0 1
    outer loop
      vertex 36.0261 2.16957 1.2
      vertex 96.8 78 1.2
      vertex 88 86.8 1.2
    endloop
  endfacet
  facet normal 0 0 1
    outer loop
      vertex 95.548 -82.5241 1.2
      vertex 88 -86.8 1.2
      vertex 95.3169 -82.889 1.2
    endloop
  endfacet
  facet normal 0 0 1
    outer loop
      vertex 95.0682 -83.2422 1.2
      vertex 88 -86.8 1.2
      vertex 94.8025 -83.5827 1.2
    endloop
  endfacet
  facet normal 0 0 1
    outer loop
      vertex 96.8 78 1.2
      vertex 37.3971 0.117762 1.2
      vertex 37.4 0 1.2
    endloop
  endfacet
  facet normal 0 0 1
    outer loop
      vertex 96.8 78 1.2
      vertex 37.3884 0.235241 1.2
      vertex 37.3971 0.117762 1.2
    endloop
  endfacet
  facet normal 0 0 1
    outer loop
      vertex 96.8 78 1.2
      vertex 37.374 0.352153 1.2
      vertex 37.3884 0.235241 1.2
    endloop
  endfacet
  facet normal 0 0 1
    outer loop
      vertex 96.8 78 1.2
      vertex 37.3539 0.468216 1.2
      vertex 37.374 0.352153 1.2
    endloop
  endfacet
  facet normal 0 0 1
    outer loop
      vertex 96.8 78 1.2
      vertex 37.3281 0.583152 1.2
      vertex 37.3539 0.468216 1.2
    endloop
  endfacet
  facet normal 0 0 1
    outer loop
      vertex 96.8 78 1.2
      vertex 37.2967 0.696683 1.2
      vertex 37.3281 0.583152 1.2
    endloop
  endfacet
  facet normal 0 0 1
    outer loop
      vertex 96.8 78 1.2
      vertex 37.2597 0.808536 1.2
      vertex 37.2967 0.696683 1.2
    endloop
  endfacet
  facet normal 0 0 1
    outer loop
      vertex 96.8 78 1.2
      vertex 37.2173 0.91844 1.2
      vertex 37.2597 0.808536 1.2
    endloop
  endfacet
  facet normal 0 0 1
    outer loop
      vertex 96.8 78 1.2
      vertex 37.1696 1.02613 1.2
      vertex 37.2173 0.91844 1.2
    endloop
  endfacet
  facet normal 0 0 1
    outer loop
      vertex 96.8 78 1.2
      vertex 37.1166 1.13135 1.2
      vertex 37.1696 1.02613 1.2
    endloop
  endfacet
  facet normal 0 0 1
    outer loop
      vertex 96.8 78 1.2
      vertex 37.0585 1.23385 1.2
      vertex 37.1166 1.13135 1.2
    endloop
  endfacet
  facet normal 0 0 1
    outer loop
      vertex 96.8 78 1.2
      vertex 36.9955 1.33337 1.2
      vertex 37.0585 1.23385 1.2
    endloop
  endfacet
  facet normal 0 0 1
    outer loop
      vertex 96.8 78 1.2
      vertex 36.9277 1.42968 1.2
      vertex 36.9955 1.33337 1.2
    endloop
  endfacet
  facet normal 0 0 1
    outer loop
      vertex 96.8 78 1.2
      vertex 36.8552 1.52254 1.2
      vertex 36.9277 1.42968 1.2
    endloop
  endfacet
  facet normal 0 0 1
    outer loop
      vertex 96.8 78 1.2
      vertex 36.7783 1.61174 1.2
      vertex 36.8552 1.52254 1.2
    endloop
  endfacet
  facet normal 0 0 1
    outer loop
      vertex 96.8 78 1.2
      vertex 36.6971 1.69706 1.2
      vertex 36.7783 1.61174 1.2
    endloop
  endfacet
  facet normal 0 0 1
    outer loop
      vertex 96.8 78 1.2
      vertex 36.6117 1.77828 1.2
      vertex 36.6971 1.69706 1.2
    endloop
  endfacet
  facet normal 0 0 1
    outer loop
      vertex 96.8 78 1.2
      vertex 36.5225 1.85522 1.2
      vertex 36.6117 1.77828 1.2
    endloop
  endfacet
  facet normal 0 0 1
    outer loop
      vertex 96.8 78 1.2
      vertex 36.4297 1.9277 1.2
      vertex 36.5225 1.85522 1.2
    endloop
  endfacet
  facet normal 0 0 1
    outer loop
      vertex 96.8 78 1.2
      vertex 36.3334 1.99553 1.2
      vertex 36.4297 1.9277 1.2
    endloop
  endfacet
  facet normal 0 0 1
    outer loop
      vertex 96.8 78 1.2
      vertex 36.2338 2.05855 1.2
      vertex 36.3334 1.99553 1.2
    endloop
  endfacet
  facet normal 0 0 1
    outer loop
      vertex 96.8 78 1.2
      vertex 36.1314 2.11661 1.2
      vertex 36.2338 2.05855 1.2
    endloop
  endfacet
  facet normal 0 0 1
    outer loop
      vertex 96.8 78 1.2
      vertex 36.0261 2.16957 1.2
      vertex 36.1314 2.11661 1.2
    endloop
  endfacet
  facet normal 0 0 1
    outer loop
      vertex 88 86.8 1.2
      vertex 35.9184 2.21731 1.2
      vertex 36.0261 2.16957 1.2
    endloop
  endfacet
  facet normal 0 0 1
    outer loop
      vertex 88 86.8 1.2
      vertex 35.8085 2.25971 1.2
      vertex 35.9184 2.21731 1.2
    endloop
  endfacet
  facet normal 0 0 1
    outer loop
      vertex 88 86.8 1.2
      vertex 35.6967 2.29666 1.2
      vertex 35.8085 2.25971 1.2
    endloop
  endfacet
  facet normal 0 0 1
    outer loop
      vertex 88 86.8 1.2
      vertex 35.5832 2.32807 1.2
      vertex 35.6967 2.29666 1.2
    endloop
  endfacet
  facet normal 0 0 1
    outer loop
      vertex 88 86.8 1.2
      vertex 35.4682 2.35388 1.2
      vertex 35.5832 2.32807 1.2
    endloop
  endfacet
  facet normal 0 0 1
    outer loop
      vertex 88 86.8 1.2
      vertex 35.3522 2.37402 1.2
      vertex 35.4682 2.35388 1.2
    endloop
  endfacet
  facet normal 0 0 1
    outer loop
      vertex 88 86.8 1.2
      vertex 35.2352 2.38844 1.2
      vertex 35.3522 2.37402 1.2
    endloop
  endfacet
  facet normal 0 0 1
    outer loop
      vertex 88 86.8 1.2
      vertex 35.1178 2.39711 1.2
      vertex 35.2352 2.38844 1.2
    endloop
  endfacet
  facet normal 0 0 1
    outer loop
      vertex 88 86.8 1.2
      vertex 35 2.4 1.2
      vertex 35.1178 2.39711 1.2
    endloop
  endfacet
  facet normal 0 0 1
    outer loop
      vertex 88 86.8 1.2
      vertex 34.8822 2.39711 1.2
      vertex 35 2.4 1.2
    endloop
  endfacet
  facet normal 0 0 1
    outer loop
      vertex 88 86.8 1.2
      vertex 34.7648 2.38844 1.2
      vertex 34.8822 2.39711 1.2
    endloop
  endfacet
  facet normal 0 0 1
    outer loop
      vertex 88 86.8 1.2
      vertex 34.6478 2.37402 1.2
      vertex 34.7648 2.38844 1.2
    endloop
  endfacet
  facet normal 0 0 1
    outer loop
      vertex 88 86.8 1.2
      vertex 34.5318 2.35388 1.2
      vertex 34.6478 2.37402 1.2
    endloop
  endfacet
  facet normal 0 0 1
    outer loop
      vertex 88 86.8 1.2
      vertex 34.4168 2.32807 1.2
      vertex 34.5318 2.35388 1.2
    endloop
  endfacet
  facet normal 0 0 1
    outer loop
      vertex 88 86.8 1.2
      vertex 34.3033 2.29666 1.2
      vertex 34.4168 2.32807 1.2
    endloop
  endfacet
  facet normal 0 0 1
    outer loop
      vertex 88 86.8 1.2
      vertex 34.1915 2.25971 1.2
      vertex 34.3033 2.29666 1.2
    endloop
  endfacet
  facet normal 0 0 1
    outer loop
      vertex 88 86.8 1.2
      vertex 34.0816 2.21731 1.2
      vertex 34.1915 2.25971 1.2
    endloop
  endfacet
  facet normal 0 0 1
    outer loop
      vertex -34.0816 2.21731 1.2
      vertex 34.0816 2.21731 1.2
      vertex 88 86.8 1.2
    endloop
  endfacet
  facet normal 0 0 1
    outer loop
      vertex 34.0816 2.21731 1.2
      vertex -34.0816 2.21731 1.2
      vertex 33.9739 2.16957 1.2
    endloop
  endfacet
  facet normal 0 -0 1
    outer loop
      vertex -33.9739 2.16957 1.2
      vertex 33.9739 2.16957 1.2
      vertex -34.0816 2.21731 1.2
    endloop
  endfacet
  facet normal 0 0 1
    outer loop
      vertex 33.9739 2.16957 1.2
      vertex -33.9739 2.16957 1.2
      vertex 33.8686 2.11661 1.2
    endloop
  endfacet
  facet normal 0 -0 1
    outer loop
      vertex -33.8686 2.11661 1.2
      vertex 33.8686 2.11661 1.2
      vertex -33.9739 2.16957 1.2
    endloop
  endfacet
  facet normal 0 0 1
    outer loop
      vertex 33.8686 2.11661 1.2
      vertex -33.8686 2.11661 1.2
      vertex 33.7662 2.05855 1.2
    endloop
  endfacet
  facet normal 0 -0 1
    outer loop
      vertex -33.7662 2.05855 1.2
      vertex 33.7662 2.05855 1.2
      vertex -33.8686 2.11661 1.2
    endloop
  endfacet
  facet normal 0 0 1
    outer loop
      vertex 33.7662 2.05855 1.2
      vertex -33.7662 2.05855 1.2
      vertex 33.6666 1.99553 1.2
    endloop
  endfacet
  facet normal 0 -0 1
    outer loop
      vertex -33.6666 1.99553 1.2
      vertex 33.6666 1.99553 1.2
      vertex -33.7662 2.05855 1.2
    endloop
  endfacet
  facet normal 0 0 1
    outer loop
      vertex 33.6666 1.99553 1.2
      vertex -33.6666 1.99553 1.2
      vertex 33.5703 1.9277 1.2
    endloop
  endfacet
  facet normal 0 -0 1
    outer loop
      vertex -33.5703 1.9277 1.2
      vertex 33.5703 1.9277 1.2
      vertex -33.6666 1.99553 1.2
    endloop
  endfacet
  facet normal 0 0 1
    outer loop
      vertex 33.5703 1.9277 1.2
      vertex -33.5703 1.9277 1.2
      vertex 33.4775 1.85522 1.2
    endloop
  endfacet
  facet normal 0 0 1
    outer loop
      vertex 32.6029 0.117762 1.2
      vertex -32.6 0 1.2
      vertex 32.6 0 1.2
    endloop
  endfacet
  facet normal 0 0 1
    outer loop
      vertex -32.6029 0.117762 1.2
      vertex 32.6029 0.117762 1.2
      vertex 32.6116 0.235241 1.2
    endloop
  endfacet
  facet normal 0 0 1
    outer loop
      vertex -32.6116 0.235241 1.2
      vertex 32.6116 0.235241 1.2
      vertex 32.626 0.352153 1.2
    endloop
  endfacet
  facet normal 0 0 1
    outer loop
      vertex -32.626 0.352153 1.2
      vertex 32.626 0.352153 1.2
      vertex 32.6461 0.468216 1.2
    endloop
  endfacet
  facet normal 0 0 1
    outer loop
      vertex -32.6461 0.468216 1.2
      vertex 32.6461 0.468216 1.2
      vertex 32.6719 0.583152 1.2
    endloop
  endfacet
  facet normal 0 0 1
    outer loop
      vertex -32.6719 0.583152 1.2
      vertex 32.6719 0.583152 1.2
      vertex 32.7033 0.696683 1.2
    endloop
  endfacet
  facet normal 0 0 1
    outer loop
      vertex -32.7033 0.696683 1.2
      vertex 32.7033 0.696683 1.2
      vertex 32.7403 0.808536 1.2
    endloop
  endfacet
  facet normal 0 0 1
    outer loop
      vertex -32.7403 0.808536 1.2
      vertex 32.7403 0.808536 1.2
      vertex 32.7827 0.91844 1.2
    endloop
  endfacet
  facet normal 0 0 1
    outer loop
      vertex -32.7827 0.91844 1.2
      vertex 32.7827 0.91844 1.2
      vertex 32.8304 1.02613 1.2
    endloop
  endfacet
  facet normal 0 0 1
    outer loop
      vertex -32.8304 1.02613 1.2
      vertex 32.8304 1.02613 1.2
      vertex 32.8834 1.13135 1.2
    endloop
  endfacet
  facet normal 0 0 1
    outer loop
      vertex -32.8834 1.13135 1.2
      vertex 32.8834 1.13135 1.2
      vertex 32.9415 1.23385 1.2
    endloop
  endfacet
  facet normal 0 0 1
    outer loop
      vertex -32.9415 1.23385 1.2
      vertex 32.9415 1.23385 1.2
      vertex 33.0045 1.33337 1.2
    endloop
  endfacet
  facet normal 0 -0 1
    outer loop
      vertex -33.4775 1.85522 1.2
      vertex 33.4775 1.85522 1.2
      vertex -33.5703 1.9277 1.2
    endloop
  endfacet
  facet normal 0 0 1
    outer loop
      vertex 32.6029 0.117762 1.2
      vertex -32.6029 0.117762 1.2
      vertex -32.6 0 1.2
    endloop
  endfacet
  facet normal 0 0 1
    outer loop
      vertex 32.6116 0.235241 1.2
      vertex -32.6116 0.235241 1.2
      vertex -32.6029 0.117762 1.2
    endloop
  endfacet
  facet normal 0 0 1
    outer loop
      vertex 32.626 0.352153 1.2
      vertex -32.626 0.352153 1.2
      vertex -32.6116 0.235241 1.2
    endloop
  endfacet
  facet normal 0 0 1
    outer loop
      vertex 32.6461 0.468216 1.2
      vertex -32.6461 0.468216 1.2
      vertex -32.626 0.352153 1.2
    endloop
  endfacet
  facet normal 0 0 1
    outer loop
      vertex 32.6719 0.583152 1.2
      vertex -32.6719 0.583152 1.2
      vertex -32.6461 0.468216 1.2
    endloop
  endfacet
  facet normal 0 0 1
    outer loop
      vertex 32.7033 0.696683 1.2
      vertex -32.7033 0.696683 1.2
      vertex -32.6719 0.583152 1.2
    endloop
  endfacet
  facet normal 0 0 1
    outer loop
      vertex 32.7403 0.808536 1.2
      vertex -32.7403 0.808536 1.2
      vertex -32.7033 0.696683 1.2
    endloop
  endfacet
  facet normal 0 0 1
    outer loop
      vertex 32.7827 0.91844 1.2
      vertex -32.7827 0.91844 1.2
      vertex -32.7403 0.808536 1.2
    endloop
  endfacet
  facet normal 0 0 1
    outer loop
      vertex 32.8304 1.02613 1.2
      vertex -32.8304 1.02613 1.2
      vertex -32.7827 0.91844 1.2
    endloop
  endfacet
  facet normal 0 0 1
    outer loop
      vertex 32.8834 1.13135 1.2
      vertex -32.8834 1.13135 1.2
      vertex -32.8304 1.02613 1.2
    endloop
  endfacet
  facet normal 0 0 1
    outer loop
      vertex 32.9415 1.23385 1.2
      vertex -32.9415 1.23385 1.2
      vertex -32.8834 1.13135 1.2
    endloop
  endfacet
  facet normal 0 0 1
    outer loop
      vertex 33.0045 1.33337 1.2
      vertex -33.0045 1.33337 1.2
      vertex -32.9415 1.23385 1.2
    endloop
  endfacet
  facet normal 0 0 1
    outer loop
      vertex 33.0045 1.33337 1.2
      vertex -33.0723 1.42968 1.2
      vertex -33.0045 1.33337 1.2
    endloop
  endfacet
  facet normal 0 0 1
    outer loop
      vertex 33.0723 1.42968 1.2
      vertex -33.0723 1.42968 1.2
      vertex 33.0045 1.33337 1.2
    endloop
  endfacet
  facet normal 0 -0 1
    outer loop
      vertex -33.0723 1.42968 1.2
      vertex 33.0723 1.42968 1.2
      vertex -33.1448 1.52254 1.2
    endloop
  endfacet
  facet normal 0 0 1
    outer loop
      vertex 33.1448 1.52254 1.2
      vertex -33.1448 1.52254 1.2
      vertex 33.0723 1.42968 1.2
    endloop
  endfacet
  facet normal 0 -0 1
    outer loop
      vertex -33.1448 1.52254 1.2
      vertex 33.1448 1.52254 1.2
      vertex -33.2217 1.61174 1.2
    endloop
  endfacet
  facet normal 0 0 1
    outer loop
      vertex 33.2217 1.61174 1.2
      vertex -33.2217 1.61174 1.2
      vertex 33.1448 1.52254 1.2
    endloop
  endfacet
  facet normal 0 -0 1
    outer loop
      vertex -33.2217 1.61174 1.2
      vertex 33.2217 1.61174 1.2
      vertex -33.3029 1.69706 1.2
    endloop
  endfacet
  facet normal 0 0 1
    outer loop
      vertex 33.3029 1.69706 1.2
      vertex -33.3029 1.69706 1.2
      vertex 33.2217 1.61174 1.2
    endloop
  endfacet
  facet normal 0 -0 1
    outer loop
      vertex -33.3029 1.69706 1.2
      vertex 33.3029 1.69706 1.2
      vertex -33.3883 1.77828 1.2
    endloop
  endfacet
  facet normal 0 0 1
    outer loop
      vertex 33.3883 1.77828 1.2
      vertex -33.3883 1.77828 1.2
      vertex 33.3029 1.69706 1.2
    endloop
  endfacet
  facet normal 0 -0 1
    outer loop
      vertex -33.3883 1.77828 1.2
      vertex 33.3883 1.77828 1.2
      vertex -33.4775 1.85522 1.2
    endloop
  endfacet
  facet normal 0 0 1
    outer loop
      vertex 33.4775 1.85522 1.2
      vertex -33.4775 1.85522 1.2
      vertex 33.3883 1.77828 1.2
    endloop
  endfacet
  facet normal -0 0 1
    outer loop
      vertex -88 86.8 1.2
      vertex -34.0816 2.21731 1.2
      vertex 88 86.8 1.2
    endloop
  endfacet
  facet normal 0 0 1
    outer loop
      vertex -34.0816 2.21731 1.2
      vertex -88 86.8 1.2
      vertex -34.1915 2.25971 1.2
    endloop
  endfacet
  facet normal 0 0 1
    outer loop
      vertex -34.1915 2.25971 1.2
      vertex -88 86.8 1.2
      vertex -34.3033 2.29666 1.2
    endloop
  endfacet
  facet normal 0 0 1
    outer loop
      vertex -34.3033 2.29666 1.2
      vertex -88 86.8 1.2
      vertex -34.4168 2.32807 1.2
    endloop
  endfacet
  facet normal 0 0 1
    outer loop
      vertex -34.4168 2.32807 1.2
      vertex -88 86.8 1.2
      vertex -34.5318 2.35388 1.2
    endloop
  endfacet
  facet normal 0 0 1
    outer loop
      vertex -34.5318 2.35388 1.2
      vertex -88 86.8 1.2
      vertex -34.6478 2.37402 1.2
    endloop
  endfacet
  facet normal 0 0 1
    outer loop
      vertex -34.6478 2.37402 1.2
      vertex -88 86.8 1.2
      vertex -34.7648 2.38844 1.2
    endloop
  endfacet
  facet normal 0 0 1
    outer loop
      vertex -34.7648 2.38844 1.2
      vertex -88 86.8 1.2
      vertex -34.8822 2.39711 1.2
    endloop
  endfacet
  facet normal 0 0 1
    outer loop
      vertex -34.8822 2.39711 1.2
      vertex -88 86.8 1.2
      vertex -35 2.4 1.2
    endloop
  endfacet
  facet normal 0 0 1
    outer loop
      vertex -35 2.4 1.2
      vertex -88 86.8 1.2
      vertex -35.1178 2.39711 1.2
    endloop
  endfacet
  facet normal 0 0 1
    outer loop
      vertex -35.1178 2.39711 1.2
      vertex -88 86.8 1.2
      vertex -35.2352 2.38844 1.2
    endloop
  endfacet
  facet normal 0 0 1
    outer loop
      vertex -35.2352 2.38844 1.2
      vertex -88 86.8 1.2
      vertex -35.3522 2.37402 1.2
    endloop
  endfacet
  facet normal 0 0 1
    outer loop
      vertex -35.3522 2.37402 1.2
      vertex -88 86.8 1.2
      vertex -35.4682 2.35388 1.2
    endloop
  endfacet
  facet normal 0 0 1
    outer loop
      vertex -35.4682 2.35388 1.2
      vertex -88 86.8 1.2
      vertex -35.5832 2.32807 1.2
    endloop
  endfacet
  facet normal 0 0 1
    outer loop
      vertex -35.5832 2.32807 1.2
      vertex -88 86.8 1.2
      vertex -35.6967 2.29666 1.2
    endloop
  endfacet
  facet normal 0 0 1
    outer loop
      vertex -35.6967 2.29666 1.2
      vertex -88 86.8 1.2
      vertex -35.8085 2.25971 1.2
    endloop
  endfacet
  facet normal 0 0 1
    outer loop
      vertex -35.8085 2.25971 1.2
      vertex -88 86.8 1.2
      vertex -35.9184 2.21731 1.2
    endloop
  endfacet
  facet normal 0 0 1
    outer loop
      vertex -35.9184 2.21731 1.2
      vertex -88 86.8 1.2
      vertex -36.0261 2.16957 1.2
    endloop
  endfacet
  facet normal -0 0 1
    outer loop
      vertex -96.8 78 1.2
      vertex -36.0261 2.16957 1.2
      vertex -88 86.8 1.2
    endloop
  endfacet
  facet normal 0 0 1
    outer loop
      vertex -36.0261 2.16957 1.2
      vertex -96.8 78 1.2
      vertex -36.1314 2.11661 1.2
    endloop
  endfacet
  facet normal 0 0 1
    outer loop
      vertex -37.3884 0.235241 1.2
      vertex -96.8 78 1.2
      vertex -37.3971 0.117762 1.2
    endloop
  endfacet
  facet normal 0 0 1
    outer loop
      vertex -37.374 0.352153 1.2
      vertex -96.8 78 1.2
      vertex -37.3884 0.235241 1.2
    endloop
  endfacet
  facet normal 0 0 1
    outer loop
      vertex -37.3539 0.468216 1.2
      vertex -96.8 78 1.2
      vertex -37.374 0.352153 1.2
    endloop
  endfacet
  facet normal 0 0 1
    outer loop
      vertex -37.3281 0.583152 1.2
      vertex -96.8 78 1.2
      vertex -37.3539 0.468216 1.2
    endloop
  endfacet
  facet normal 0 0 1
    outer loop
      vertex -37.2967 0.696683 1.2
      vertex -96.8 78 1.2
      vertex -37.3281 0.583152 1.2
    endloop
  endfacet
  facet normal 0 0 1
    outer loop
      vertex -37.2597 0.808536 1.2
      vertex -96.8 78 1.2
      vertex -37.2967 0.696683 1.2
    endloop
  endfacet
  facet normal 0 0 1
    outer loop
      vertex -37.2173 0.91844 1.2
      vertex -96.8 78 1.2
      vertex -37.2597 0.808536 1.2
    endloop
  endfacet
  facet normal 0 0 1
    outer loop
      vertex -37.1696 1.02613 1.2
      vertex -96.8 78 1.2
      vertex -37.2173 0.91844 1.2
    endloop
  endfacet
  facet normal 0 0 1
    outer loop
      vertex -37.1166 1.13135 1.2
      vertex -96.8 78 1.2
      vertex -37.1696 1.02613 1.2
    endloop
  endfacet
  facet normal 0 0 1
    outer loop
      vertex -37.0585 1.23385 1.2
      vertex -96.8 78 1.2
      vertex -37.1166 1.13135 1.2
    endloop
  endfacet
  facet normal 0 0 1
    outer loop
      vertex -36.9955 1.33337 1.2
      vertex -96.8 78 1.2
      vertex -37.0585 1.23385 1.2
    endloop
  endfacet
  facet normal 0 0 1
    outer loop
      vertex -36.9277 1.42968 1.2
      vertex -96.8 78 1.2
      vertex -36.9955 1.33337 1.2
    endloop
  endfacet
  facet normal 0 0 1
    outer loop
      vertex -36.8552 1.52254 1.2
      vertex -96.8 78 1.2
      vertex -36.9277 1.42968 1.2
    endloop
  endfacet
  facet normal 0 0 1
    outer loop
      vertex -36.7783 1.61174 1.2
      vertex -96.8 78 1.2
      vertex -36.8552 1.52254 1.2
    endloop
  endfacet
  facet normal 0 0 1
    outer loop
      vertex -36.6971 1.69706 1.2
      vertex -96.8 78 1.2
      vertex -36.7783 1.61174 1.2
    endloop
  endfacet
  facet normal 0 0 1
    outer loop
      vertex -36.6117 1.77828 1.2
      vertex -96.8 78 1.2
      vertex -36.6971 1.69706 1.2
    endloop
  endfacet
  facet normal 0 0 1
    outer loop
      vertex -36.5225 1.85522 1.2
      vertex -96.8 78 1.2
      vertex -36.6117 1.77828 1.2
    endloop
  endfacet
  facet normal 0 0 1
    outer loop
      vertex -36.4297 1.9277 1.2
      vertex -96.8 78 1.2
      vertex -36.5225 1.85522 1.2
    endloop
  endfacet
  facet normal 0 0 1
    outer loop
      vertex -36.3334 1.99553 1.2
      vertex -96.8 78 1.2
      vertex -36.4297 1.9277 1.2
    endloop
  endfacet
  facet normal 0 0 1
    outer loop
      vertex -36.2338 2.05855 1.2
      vertex -96.8 78 1.2
      vertex -36.3334 1.99553 1.2
    endloop
  endfacet
  facet normal 0 0 1
    outer loop
      vertex -36.1314 2.11661 1.2
      vertex -96.8 78 1.2
      vertex -36.2338 2.05855 1.2
    endloop
  endfacet
  facet normal 0 0 1
    outer loop
      vertex 94.5204 -83.9097 1.2
      vertex 88 -86.8 1.2
      vertex 94.2225 -84.2225 1.2
    endloop
  endfacet
  facet normal 0 0 1
    outer loop
      vertex 94.2225 -84.2225 1.2
      vertex 88 -86.8 1.2
      vertex 93.9097 -84.5204 1.2
    endloop
  endfacet
  facet normal 0 0 1
    outer loop
      vertex 93.5827 -84.8025 1.2
      vertex 88 -86.8 1.2
      vertex 93.2422 -85.0682 1.2
    endloop
  endfacet
  facet normal 0 0 1
    outer loop
      vertex 92.889 -85.3169 1.2
      vertex 88 -86.8 1.2
      vertex 92.5241 -85.548 1.2
    endloop
  endfacet
  facet normal 0 0 1
    outer loop
      vertex 92.5241 -85.548 1.2
      vertex 88 -86.8 1.2
      vertex 92.1483 -85.7609 1.2
    endloop
  endfacet
  facet normal 0 0 1
    outer loop
      vertex 91.7625 -85.9551 1.2
      vertex 88 -86.8 1.2
      vertex 91.3676 -86.1301 1.2
    endloop
  endfacet
  facet normal 0 0 1
    outer loop
      vertex 90.9646 -86.2856 1.2
      vertex 88 -86.8 1.2
      vertex 90.5545 -86.4211 1.2
    endloop
  endfacet
  facet normal 0 0 1
    outer loop
      vertex 90.5545 -86.4211 1.2
      vertex 88 -86.8 1.2
      vertex 90.1382 -86.5363 1.2
    endloop
  endfacet
  facet normal 0 0 1
    outer loop
      vertex 89.7168 -86.6309 1.2
      vertex 88 -86.8 1.2
      vertex 89.2912 -86.7048 1.2
    endloop
  endfacet
  facet normal 0 0 1
    outer loop
      vertex 88.8625 -86.7576 1.2
      vertex 88 -86.8 1.2
      vertex 88.4318 -86.7894 1.2
    endloop
  endfacet
  facet normal 0 0 1
    outer loop
      vertex 89.2912 -86.7048 1.2
      vertex 88 -86.8 1.2
      vertex 88.8625 -86.7576 1.2
    endloop
  endfacet
  facet normal 0 0 1
    outer loop
      vertex 90.1382 -86.5363 1.2
      vertex 88 -86.8 1.2
      vertex 89.7168 -86.6309 1.2
    endloop
  endfacet
  facet normal 0 0 1
    outer loop
      vertex 91.3676 -86.1301 1.2
      vertex 88 -86.8 1.2
      vertex 90.9646 -86.2856 1.2
    endloop
  endfacet
  facet normal 0 0 1
    outer loop
      vertex 92.1483 -85.7609 1.2
      vertex 88 -86.8 1.2
      vertex 91.7625 -85.9551 1.2
    endloop
  endfacet
  facet normal 0 0 1
    outer loop
      vertex 93.2422 -85.0682 1.2
      vertex 88 -86.8 1.2
      vertex 92.889 -85.3169 1.2
    endloop
  endfacet
  facet normal 0 0 1
    outer loop
      vertex 93.9097 -84.5204 1.2
      vertex 88 -86.8 1.2
      vertex 93.5827 -84.8025 1.2
    endloop
  endfacet
  facet normal 0 0 1
    outer loop
      vertex 94.8025 -83.5827 1.2
      vertex 88 -86.8 1.2
      vertex 94.5204 -83.9097 1.2
    endloop
  endfacet
  facet normal 0 0 1
    outer loop
      vertex 95.3169 -82.889 1.2
      vertex 88 -86.8 1.2
      vertex 95.0682 -83.2422 1.2
    endloop
  endfacet
  facet normal 0 0 1
    outer loop
      vertex 95.9551 -81.7625 1.2
      vertex 88 -86.8 1.2
      vertex 95.7609 -82.1483 1.2
    endloop
  endfacet
  facet normal 0 0 1
    outer loop
      vertex 96.2856 -80.9646 1.2
      vertex 88 -86.8 1.2
      vertex 96.1301 -81.3676 1.2
    endloop
  endfacet
  facet normal 0 0 1
    outer loop
      vertex 96.6309 -79.7168 1.2
      vertex 88 -86.8 1.2
      vertex 96.5363 -80.1382 1.2
    endloop
  endfacet
  facet normal 0 0 1
    outer loop
      vertex 96.7576 -78.8625 1.2
      vertex 88 -86.8 1.2
      vertex 96.7048 -79.2912 1.2
    endloop
  endfacet
  facet normal 0 0 1
    outer loop
      vertex 96.8 -78 1.2
      vertex 36.0261 -2.16957 1.2
      vertex 88 -86.8 1.2
    endloop
  endfacet
  facet normal -0 0 1
    outer loop
      vertex 35.9184 -2.21731 1.2
      vertex 88 -86.8 1.2
      vertex 36.0261 -2.16957 1.2
    endloop
  endfacet
  facet normal -0 0 1
    outer loop
      vertex 35.8085 -2.25971 1.2
      vertex 88 -86.8 1.2
      vertex 35.9184 -2.21731 1.2
    endloop
  endfacet
  facet normal -0 0 1
    outer loop
      vertex 35.6967 -2.29666 1.2
      vertex 88 -86.8 1.2
      vertex 35.8085 -2.25971 1.2
    endloop
  endfacet
  facet normal -0 0 1
    outer loop
      vertex 35.5832 -2.32807 1.2
      vertex 88 -86.8 1.2
      vertex 35.6967 -2.29666 1.2
    endloop
  endfacet
  facet normal -0 0 1
    outer loop
      vertex 35.4682 -2.35388 1.2
      vertex 88 -86.8 1.2
      vertex 35.5832 -2.32807 1.2
    endloop
  endfacet
  facet normal -0 0 1
    outer loop
      vertex 35.3522 -2.37402 1.2
      vertex 88 -86.8 1.2
      vertex 35.4682 -2.35388 1.2
    endloop
  endfacet
  facet normal -0 0 1
    outer loop
      vertex 35.2352 -2.38844 1.2
      vertex 88 -86.8 1.2
      vertex 35.3522 -2.37402 1.2
    endloop
  endfacet
  facet normal -0 0 1
    outer loop
      vertex 35.1178 -2.39711 1.2
      vertex 88 -86.8 1.2
      vertex 35.2352 -2.38844 1.2
    endloop
  endfacet
  facet normal -0 0 1
    outer loop
      vertex 35 -2.4 1.2
      vertex 88 -86.8 1.2
      vertex 35.1178 -2.39711 1.2
    endloop
  endfacet
  facet normal 0 0 1
    outer loop
      vertex 34.8822 -2.39711 1.2
      vertex 88 -86.8 1.2
      vertex 35 -2.4 1.2
    endloop
  endfacet
  facet normal 0 0 1
    outer loop
      vertex 34.7648 -2.38844 1.2
      vertex 88 -86.8 1.2
      vertex 34.8822 -2.39711 1.2
    endloop
  endfacet
  facet normal 0 0 1
    outer loop
      vertex 34.6478 -2.37402 1.2
      vertex 88 -86.8 1.2
      vertex 34.7648 -2.38844 1.2
    endloop
  endfacet
  facet normal 0 0 1
    outer loop
      vertex 34.5318 -2.35388 1.2
      vertex 88 -86.8 1.2
      vertex 34.6478 -2.37402 1.2
    endloop
  endfacet
  facet normal 0 0 1
    outer loop
      vertex 34.4168 -2.32807 1.2
      vertex 88 -86.8 1.2
      vertex 34.5318 -2.35388 1.2
    endloop
  endfacet
  facet normal 0 0 1
    outer loop
      vertex 34.3033 -2.29666 1.2
      vertex 88 -86.8 1.2
      vertex 34.4168 -2.32807 1.2
    endloop
  endfacet
  facet normal 0 0 1
    outer loop
      vertex 34.1915 -2.25971 1.2
      vertex 88 -86.8 1.2
      vertex 34.3033 -2.29666 1.2
    endloop
  endfacet
  facet normal 0 0 1
    outer loop
      vertex 34.0816 -2.21731 1.2
      vertex 88 -86.8 1.2
      vertex 34.1915 -2.25971 1.2
    endloop
  endfacet
  facet normal 0 0 1
    outer loop
      vertex -34.0816 -2.21731 1.2
      vertex 34.0816 -2.21731 1.2
      vertex 33.9739 -2.16957 1.2
    endloop
  endfacet
  facet normal 0 0 1
    outer loop
      vertex -33.9739 -2.16957 1.2
      vertex 33.9739 -2.16957 1.2
      vertex 33.8686 -2.11661 1.2
    endloop
  endfacet
  facet normal 0 0 1
    outer loop
      vertex -33.8686 -2.11661 1.2
      vertex 33.8686 -2.11661 1.2
      vertex 33.7662 -2.05855 1.2
    endloop
  endfacet
  facet normal 0 0 1
    outer loop
      vertex -33.7662 -2.05855 1.2
      vertex 33.7662 -2.05855 1.2
      vertex 33.6666 -1.99553 1.2
    endloop
  endfacet
  facet normal 0 0 1
    outer loop
      vertex -33.6666 -1.99553 1.2
      vertex 33.6666 -1.99553 1.2
      vertex 33.5703 -1.9277 1.2
    endloop
  endfacet
  facet normal 0 0 1
    outer loop
      vertex -33.5703 -1.9277 1.2
      vertex 33.5703 -1.9277 1.2
      vertex 33.4775 -1.85522 1.2
    endloop
  endfacet
  facet normal 0 0 1
    outer loop
      vertex -33.4775 -1.85522 1.2
      vertex 33.4775 -1.85522 1.2
      vertex 33.3883 -1.77828 1.2
    endloop
  endfacet
  facet normal 0 0 1
    outer loop
      vertex -33.3883 -1.77828 1.2
      vertex 33.3883 -1.77828 1.2
      vertex 33.3029 -1.69706 1.2
    endloop
  endfacet
  facet normal 0 0 1
    outer loop
      vertex -33.3029 -1.69706 1.2
      vertex 33.3029 -1.69706 1.2
      vertex 33.2217 -1.61174 1.2
    endloop
  endfacet
  facet normal 0 0 1
    outer loop
      vertex -33.2217 -1.61174 1.2
      vertex 33.2217 -1.61174 1.2
      vertex 33.1448 -1.52254 1.2
    endloop
  endfacet
  facet normal 0 0 1
    outer loop
      vertex -33.1448 -1.52254 1.2
      vertex 33.1448 -1.52254 1.2
      vertex 33.0723 -1.42968 1.2
    endloop
  endfacet
  facet normal 0 0 1
    outer loop
      vertex -33.0723 -1.42968 1.2
      vertex 33.0723 -1.42968 1.2
      vertex 33.0045 -1.33337 1.2
    endloop
  endfacet
  facet normal -0 0 1
    outer loop
      vertex -32.6 0 1.2
      vertex 32.6029 -0.117762 1.2
      vertex 32.6 0 1.2
    endloop
  endfacet
  facet normal 0 0 1
    outer loop
      vertex -32.6029 -0.117762 1.2
      vertex 32.6029 -0.117762 1.2
      vertex -32.6 0 1.2
    endloop
  endfacet
  facet normal 0 0 1
    outer loop
      vertex 32.6029 -0.117762 1.2
      vertex -32.6029 -0.117762 1.2
      vertex 32.6116 -0.235241 1.2
    endloop
  endfacet
  facet normal 0 0 1
    outer loop
      vertex -32.6116 -0.235241 1.2
      vertex 32.6116 -0.235241 1.2
      vertex -32.6029 -0.117762 1.2
    endloop
  endfacet
  facet normal 0 0 1
    outer loop
      vertex 32.6116 -0.235241 1.2
      vertex -32.6116 -0.235241 1.2
      vertex 32.626 -0.352153 1.2
    endloop
  endfacet
  facet normal 0 0 1
    outer loop
      vertex -32.626 -0.352153 1.2
      vertex 32.626 -0.352153 1.2
      vertex -32.6116 -0.235241 1.2
    endloop
  endfacet
  facet normal 0 0 1
    outer loop
      vertex 32.626 -0.352153 1.2
      vertex -32.626 -0.352153 1.2
      vertex 32.6461 -0.468216 1.2
    endloop
  endfacet
  facet normal 0 0 1
    outer loop
      vertex -32.6461 -0.468216 1.2
      vertex 32.6461 -0.468216 1.2
      vertex -32.626 -0.352153 1.2
    endloop
  endfacet
  facet normal 0 0 1
    outer loop
      vertex 32.6461 -0.468216 1.2
      vertex -32.6461 -0.468216 1.2
      vertex 32.6719 -0.583152 1.2
    endloop
  endfacet
  facet normal 0 0 1
    outer loop
      vertex -32.6719 -0.583152 1.2
      vertex 32.6719 -0.583152 1.2
      vertex -32.6461 -0.468216 1.2
    endloop
  endfacet
  facet normal 0 0 1
    outer loop
      vertex 32.6719 -0.583152 1.2
      vertex -32.6719 -0.583152 1.2
      vertex 32.7033 -0.696683 1.2
    endloop
  endfacet
  facet normal 0 0 1
    outer loop
      vertex -32.7033 -0.696683 1.2
      vertex 32.7033 -0.696683 1.2
      vertex -32.6719 -0.583152 1.2
    endloop
  endfacet
  facet normal 0 0 1
    outer loop
      vertex 32.7033 -0.696683 1.2
      vertex -32.7033 -0.696683 1.2
      vertex 32.7403 -0.808536 1.2
    endloop
  endfacet
  facet normal 0 0 1
    outer loop
      vertex -32.7403 -0.808536 1.2
      vertex 32.7403 -0.808536 1.2
      vertex -32.7033 -0.696683 1.2
    endloop
  endfacet
  facet normal 0 0 1
    outer loop
      vertex 32.7403 -0.808536 1.2
      vertex -32.7403 -0.808536 1.2
      vertex 32.7827 -0.91844 1.2
    endloop
  endfacet
  facet normal 0 0 1
    outer loop
      vertex -32.7827 -0.91844 1.2
      vertex 32.7827 -0.91844 1.2
      vertex -32.7403 -0.808536 1.2
    endloop
  endfacet
  facet normal 0 0 1
    outer loop
      vertex 32.7827 -0.91844 1.2
      vertex -32.7827 -0.91844 1.2
      vertex 32.8304 -1.02613 1.2
    endloop
  endfacet
  facet normal 0 0 1
    outer loop
      vertex -32.8304 -1.02613 1.2
      vertex 32.8304 -1.02613 1.2
      vertex -32.7827 -0.91844 1.2
    endloop
  endfacet
  facet normal 0 0 1
    outer loop
      vertex 32.8304 -1.02613 1.2
      vertex -32.8304 -1.02613 1.2
      vertex 32.8834 -1.13135 1.2
    endloop
  endfacet
  facet normal 0 0 1
    outer loop
      vertex -32.8834 -1.13135 1.2
      vertex 32.8834 -1.13135 1.2
      vertex -32.8304 -1.02613 1.2
    endloop
  endfacet
  facet normal 0 0 1
    outer loop
      vertex 32.8834 -1.13135 1.2
      vertex -32.8834 -1.13135 1.2
      vertex 32.9415 -1.23385 1.2
    endloop
  endfacet
  facet normal 0 0 1
    outer loop
      vertex -32.9415 -1.23385 1.2
      vertex 32.9415 -1.23385 1.2
      vertex -32.8834 -1.13135 1.2
    endloop
  endfacet
  facet normal 0 0 1
    outer loop
      vertex 32.9415 -1.23385 1.2
      vertex -32.9415 -1.23385 1.2
      vertex 33.0045 -1.33337 1.2
    endloop
  endfacet
  facet normal 0 0 1
    outer loop
      vertex -33.0045 -1.33337 1.2
      vertex 33.0045 -1.33337 1.2
      vertex -32.9415 -1.23385 1.2
    endloop
  endfacet
  facet normal 0 0 1
    outer loop
      vertex -33.0723 -1.42968 1.2
      vertex 33.0045 -1.33337 1.2
      vertex -33.0045 -1.33337 1.2
    endloop
  endfacet
  facet normal 0 0 1
    outer loop
      vertex 33.0723 -1.42968 1.2
      vertex -33.0723 -1.42968 1.2
      vertex -33.1448 -1.52254 1.2
    endloop
  endfacet
  facet normal 0 0 1
    outer loop
      vertex 33.1448 -1.52254 1.2
      vertex -33.1448 -1.52254 1.2
      vertex -33.2217 -1.61174 1.2
    endloop
  endfacet
  facet normal 0 0 1
    outer loop
      vertex 33.2217 -1.61174 1.2
      vertex -33.2217 -1.61174 1.2
      vertex -33.3029 -1.69706 1.2
    endloop
  endfacet
  facet normal 0 0 1
    outer loop
      vertex 33.3029 -1.69706 1.2
      vertex -33.3029 -1.69706 1.2
      vertex -33.3883 -1.77828 1.2
    endloop
  endfacet
  facet normal 0 0 1
    outer loop
      vertex 33.3883 -1.77828 1.2
      vertex -33.3883 -1.77828 1.2
      vertex -33.4775 -1.85522 1.2
    endloop
  endfacet
  facet normal 0 0 1
    outer loop
      vertex 33.4775 -1.85522 1.2
      vertex -33.4775 -1.85522 1.2
      vertex -33.5703 -1.9277 1.2
    endloop
  endfacet
  facet normal 0 0 1
    outer loop
      vertex 33.5703 -1.9277 1.2
      vertex -33.5703 -1.9277 1.2
      vertex -33.6666 -1.99553 1.2
    endloop
  endfacet
  facet normal 0 0 1
    outer loop
      vertex 33.6666 -1.99553 1.2
      vertex -33.6666 -1.99553 1.2
      vertex -33.7662 -2.05855 1.2
    endloop
  endfacet
  facet normal 0 0 1
    outer loop
      vertex 33.7662 -2.05855 1.2
      vertex -33.7662 -2.05855 1.2
      vertex -33.8686 -2.11661 1.2
    endloop
  endfacet
  facet normal 0 0 1
    outer loop
      vertex 33.8686 -2.11661 1.2
      vertex -33.8686 -2.11661 1.2
      vertex -33.9739 -2.16957 1.2
    endloop
  endfacet
  facet normal 0 0 1
    outer loop
      vertex 33.9739 -2.16957 1.2
      vertex -33.9739 -2.16957 1.2
      vertex -34.0816 -2.21731 1.2
    endloop
  endfacet
  facet normal 0 0 1
    outer loop
      vertex 34.0816 -2.21731 1.2
      vertex -34.0816 -2.21731 1.2
      vertex 88 -86.8 1.2
    endloop
  endfacet
  facet normal 0 0 1
    outer loop
      vertex -88 -86.8 1.2
      vertex -34.0816 -2.21731 1.2
      vertex -34.1915 -2.25971 1.2
    endloop
  endfacet
  facet normal 0 0 1
    outer loop
      vertex -88 -86.8 1.2
      vertex -34.1915 -2.25971 1.2
      vertex -34.3033 -2.29666 1.2
    endloop
  endfacet
  facet normal 0 0 1
    outer loop
      vertex -88 -86.8 1.2
      vertex -34.3033 -2.29666 1.2
      vertex -34.4168 -2.32807 1.2
    endloop
  endfacet
  facet normal 0 0 1
    outer loop
      vertex -88 -86.8 1.2
      vertex -34.4168 -2.32807 1.2
      vertex -34.5318 -2.35388 1.2
    endloop
  endfacet
  facet normal 0 0 1
    outer loop
      vertex -88 -86.8 1.2
      vertex -34.5318 -2.35388 1.2
      vertex -34.6478 -2.37402 1.2
    endloop
  endfacet
  facet normal 0 0 1
    outer loop
      vertex -88 -86.8 1.2
      vertex -34.6478 -2.37402 1.2
      vertex -34.7648 -2.38844 1.2
    endloop
  endfacet
  facet normal 0 0 1
    outer loop
      vertex -88 -86.8 1.2
      vertex -34.7648 -2.38844 1.2
      vertex -34.8822 -2.39711 1.2
    endloop
  endfacet
  facet normal 0 0 1
    outer loop
      vertex -88 -86.8 1.2
      vertex -34.8822 -2.39711 1.2
      vertex -35 -2.4 1.2
    endloop
  endfacet
  facet normal 0 0 1
    outer loop
      vertex -88 -86.8 1.2
      vertex -35 -2.4 1.2
      vertex -35.1178 -2.39711 1.2
    endloop
  endfacet
  facet normal 0 0 1
    outer loop
      vertex -88 -86.8 1.2
      vertex -35.1178 -2.39711 1.2
      vertex -35.2352 -2.38844 1.2
    endloop
  endfacet
  facet normal 0 0 1
    outer loop
      vertex -88 -86.8 1.2
      vertex -35.2352 -2.38844 1.2
      vertex -35.3522 -2.37402 1.2
    endloop
  endfacet
  facet normal 0 0 1
    outer loop
      vertex -88 -86.8 1.2
      vertex -35.3522 -2.37402 1.2
      vertex -35.4682 -2.35388 1.2
    endloop
  endfacet
  facet normal 0 0 1
    outer loop
      vertex -88 -86.8 1.2
      vertex -35.4682 -2.35388 1.2
      vertex -35.5832 -2.32807 1.2
    endloop
  endfacet
  facet normal 0 0 1
    outer loop
      vertex -88 -86.8 1.2
      vertex -35.5832 -2.32807 1.2
      vertex -35.6967 -2.29666 1.2
    endloop
  endfacet
  facet normal 0 0 1
    outer loop
      vertex -88 -86.8 1.2
      vertex -35.6967 -2.29666 1.2
      vertex -35.8085 -2.25971 1.2
    endloop
  endfacet
  facet normal 0 0 1
    outer loop
      vertex -88 -86.8 1.2
      vertex -35.8085 -2.25971 1.2
      vertex -35.9184 -2.21731 1.2
    endloop
  endfacet
  facet normal 0 0 1
    outer loop
      vertex -88 -86.8 1.2
      vertex -35.9184 -2.21731 1.2
      vertex -36.0261 -2.16957 1.2
    endloop
  endfacet
  facet normal 0 0 1
    outer loop
      vertex -96.8 -78 1.2
      vertex -36.0261 -2.16957 1.2
      vertex -36.1314 -2.11661 1.2
    endloop
  endfacet
  facet normal 0 0 1
    outer loop
      vertex -96.8 -78 1.2
      vertex -36.1314 -2.11661 1.2
      vertex -36.2338 -2.05855 1.2
    endloop
  endfacet
  facet normal 0 0 1
    outer loop
      vertex -96.8 -78 1.2
      vertex -36.2338 -2.05855 1.2
      vertex -36.3334 -1.99553 1.2
    endloop
  endfacet
  facet normal 0 0 1
    outer loop
      vertex -37.3971 0.117762 1.2
      vertex -96.8 78 1.2
      vertex -37.4 0 1.2
    endloop
  endfacet
  facet normal 0 0 1
    outer loop
      vertex -96.8 -78 1.2
      vertex -37.4 0 1.2
      vertex -96.8 78 1.2
    endloop
  endfacet
  facet normal 0 0 1
    outer loop
      vertex -37.4 0 1.2
      vertex -96.8 -78 1.2
      vertex -37.3971 -0.117762 1.2
    endloop
  endfacet
  facet normal 0 0 1
    outer loop
      vertex -37.3971 -0.117762 1.2
      vertex -96.8 -78 1.2
      vertex -37.3884 -0.235241 1.2
    endloop
  endfacet
  facet normal 0 0 1
    outer loop
      vertex -37.3884 -0.235241 1.2
      vertex -96.8 -78 1.2
      vertex -37.374 -0.352153 1.2
    endloop
  endfacet
  facet normal 0 0 1
    outer loop
      vertex -37.374 -0.352153 1.2
      vertex -96.8 -78 1.2
      vertex -37.3539 -0.468216 1.2
    endloop
  endfacet
  facet normal 0 0 1
    outer loop
      vertex -37.3539 -0.468216 1.2
      vertex -96.8 -78 1.2
      vertex -37.3281 -0.583152 1.2
    endloop
  endfacet
  facet normal 0 0 1
    outer loop
      vertex -37.3281 -0.583152 1.2
      vertex -96.8 -78 1.2
      vertex -37.2967 -0.696683 1.2
    endloop
  endfacet
  facet normal 0 0 1
    outer loop
      vertex -37.2967 -0.696683 1.2
      vertex -96.8 -78 1.2
      vertex -37.2597 -0.808536 1.2
    endloop
  endfacet
  facet normal 0 0 1
    outer loop
      vertex -37.2597 -0.808536 1.2
      vertex -96.8 -78 1.2
      vertex -37.2173 -0.91844 1.2
    endloop
  endfacet
  facet normal 0 0 1
    outer loop
      vertex -37.2173 -0.91844 1.2
      vertex -96.8 -78 1.2
      vertex -37.1696 -1.02613 1.2
    endloop
  endfacet
  facet normal 0 0 1
    outer loop
      vertex -34.0816 -2.21731 1.2
      vertex -88 -86.8 1.2
      vertex 88 -86.8 1.2
    endloop
  endfacet
  facet normal 0 0 1
    outer loop
      vertex -96.8 -78 1.2
      vertex -36.3334 -1.99553 1.2
      vertex -36.4297 -1.9277 1.2
    endloop
  endfacet
  facet normal 0 0 1
    outer loop
      vertex -96.8 -78 1.2
      vertex -36.4297 -1.9277 1.2
      vertex -36.5225 -1.85522 1.2
    endloop
  endfacet
  facet normal 0 0 1
    outer loop
      vertex -96.8 -78 1.2
      vertex -36.5225 -1.85522 1.2
      vertex -36.6117 -1.77828 1.2
    endloop
  endfacet
  facet normal 0 0 1
    outer loop
      vertex -96.8 -78 1.2
      vertex -36.6117 -1.77828 1.2
      vertex -36.6971 -1.69706 1.2
    endloop
  endfacet
  facet normal 0 0 1
    outer loop
      vertex -96.8 -78 1.2
      vertex -36.6971 -1.69706 1.2
      vertex -36.7783 -1.61174 1.2
    endloop
  endfacet
  facet normal 0 0 1
    outer loop
      vertex -96.8 -78 1.2
      vertex -36.7783 -1.61174 1.2
      vertex -36.8552 -1.52254 1.2
    endloop
  endfacet
  facet normal 0 0 1
    outer loop
      vertex -96.8 -78 1.2
      vertex -36.8552 -1.52254 1.2
      vertex -36.9277 -1.42968 1.2
    endloop
  endfacet
  facet normal 0 0 1
    outer loop
      vertex -96.8 -78 1.2
      vertex -36.9277 -1.42968 1.2
      vertex -36.9955 -1.33337 1.2
    endloop
  endfacet
  facet normal 0 0 1
    outer loop
      vertex -96.8 -78 1.2
      vertex -36.9955 -1.33337 1.2
      vertex -37.0585 -1.23385 1.2
    endloop
  endfacet
  facet normal 0 0 1
    outer loop
      vertex -37.1696 -1.02613 1.2
      vertex -96.8 -78 1.2
      vertex -37.1166 -1.13135 1.2
    endloop
  endfacet
  facet normal 0 0 1
    outer loop
      vertex -96.8 78 1.2
      vertex -88 86.8 1.2
      vertex -88.4318 86.7894 1.2
    endloop
  endfacet
  facet normal 0 0 1
    outer loop
      vertex -37.1166 -1.13135 1.2
      vertex -96.8 -78 1.2
      vertex -37.0585 -1.23385 1.2
    endloop
  endfacet
  facet normal 0 0 1
    outer loop
      vertex -96.8 78 1.2
      vertex -88.4318 86.7894 1.2
      vertex -88.8625 86.7576 1.2
    endloop
  endfacet
  facet normal 0 0 1
    outer loop
      vertex -36.0261 -2.16957 1.2
      vertex -96.8 -78 1.2
      vertex -88 -86.8 1.2
    endloop
  endfacet
  facet normal 0 0 1
    outer loop
      vertex -96.8 78 1.2
      vertex -88.8625 86.7576 1.2
      vertex -89.2912 86.7048 1.2
    endloop
  endfacet
  facet normal 0 0 1
    outer loop
      vertex -88 -86.8 1.2
      vertex -96.8 -78 1.2
      vertex -88.4318 -86.7894 1.2
    endloop
  endfacet
  facet normal 0 0 1
    outer loop
      vertex -96.8 78 1.2
      vertex -89.2912 86.7048 1.2
      vertex -89.7168 86.6309 1.2
    endloop
  endfacet
  facet normal 0 0 1
    outer loop
      vertex -88.4318 -86.7894 1.2
      vertex -96.8 -78 1.2
      vertex -88.8625 -86.7576 1.2
    endloop
  endfacet
  facet normal 0 0 1
    outer loop
      vertex -96.8 78 1.2
      vertex -89.7168 86.6309 1.2
      vertex -90.1382 86.5363 1.2
    endloop
  endfacet
  facet normal 0 0 1
    outer loop
      vertex -88.8625 -86.7576 1.2
      vertex -96.8 -78 1.2
      vertex -89.2912 -86.7048 1.2
    endloop
  endfacet
  facet normal 0 0 1
    outer loop
      vertex -96.8 78 1.2
      vertex -90.1382 86.5363 1.2
      vertex -90.5545 86.4211 1.2
    endloop
  endfacet
  facet normal 0 0 1
    outer loop
      vertex -89.2912 -86.7048 1.2
      vertex -96.8 -78 1.2
      vertex -89.7168 -86.6309 1.2
    endloop
  endfacet
  facet normal 0 0 1
    outer loop
      vertex -96.8 78 1.2
      vertex -90.5545 86.4211 1.2
      vertex -90.9646 86.2856 1.2
    endloop
  endfacet
  facet normal 0 0 1
    outer loop
      vertex -89.7168 -86.6309 1.2
      vertex -96.8 -78 1.2
      vertex -90.1382 -86.5363 1.2
    endloop
  endfacet
  facet normal 0 0 1
    outer loop
      vertex -96.8 78 1.2
      vertex -90.9646 86.2856 1.2
      vertex -91.3676 86.1301 1.2
    endloop
  endfacet
  facet normal 0 0 1
    outer loop
      vertex -90.1382 -86.5363 1.2
      vertex -96.8 -78 1.2
      vertex -90.5545 -86.4211 1.2
    endloop
  endfacet
  facet normal 0 0 1
    outer loop
      vertex -96.8 78 1.2
      vertex -91.3676 86.1301 1.2
      vertex -91.7625 85.9551 1.2
    endloop
  endfacet
  facet normal 0 0 1
    outer loop
      vertex -90.5545 -86.4211 1.2
      vertex -96.8 -78 1.2
      vertex -90.9646 -86.2856 1.2
    endloop
  endfacet
  facet normal 0 0 1
    outer loop
      vertex -96.8 78 1.2
      vertex -91.7625 85.9551 1.2
      vertex -92.1483 85.7609 1.2
    endloop
  endfacet
  facet normal 0 0 1
    outer loop
      vertex -90.9646 -86.2856 1.2
      vertex -96.8 -78 1.2
      vertex -91.3676 -86.1301 1.2
    endloop
  endfacet
  facet normal 0 0 1
    outer loop
      vertex -96.8 78 1.2
      vertex -92.1483 85.7609 1.2
      vertex -92.5241 85.548 1.2
    endloop
  endfacet
  facet normal 0 0 1
    outer loop
      vertex -91.3676 -86.1301 1.2
      vertex -96.8 -78 1.2
      vertex -91.7625 -85.9551 1.2
    endloop
  endfacet
  facet normal 0 0 1
    outer loop
      vertex -96.8 78 1.2
      vertex -92.5241 85.548 1.2
      vertex -92.889 85.3169 1.2
    endloop
  endfacet
  facet normal 0 0 1
    outer loop
      vertex -91.7625 -85.9551 1.2
      vertex -96.8 -78 1.2
      vertex -92.1483 -85.7609 1.2
    endloop
  endfacet
  facet normal 0 0 1
    outer loop
      vertex -96.8 78 1.2
      vertex -92.889 85.3169 1.2
      vertex -93.2422 85.0682 1.2
    endloop
  endfacet
  facet normal 0 0 1
    outer loop
      vertex -92.1483 -85.7609 1.2
      vertex -96.8 -78 1.2
      vertex -92.5241 -85.548 1.2
    endloop
  endfacet
  facet normal 0 0 1
    outer loop
      vertex -96.8 78 1.2
      vertex -93.2422 85.0682 1.2
      vertex -93.5827 84.8025 1.2
    endloop
  endfacet
  facet normal 0 0 1
    outer loop
      vertex -92.5241 -85.548 1.2
      vertex -96.8 -78 1.2
      vertex -92.889 -85.3169 1.2
    endloop
  endfacet
  facet normal 0 0 1
    outer loop
      vertex -96.8 78 1.2
      vertex -93.5827 84.8025 1.2
      vertex -93.9097 84.5204 1.2
    endloop
  endfacet
  facet normal 0 0 1
    outer loop
      vertex -92.889 -85.3169 1.2
      vertex -96.8 -78 1.2
      vertex -93.2422 -85.0682 1.2
    endloop
  endfacet
  facet normal 0 0 1
    outer loop
      vertex -96.8 78 1.2
      vertex -93.9097 84.5204 1.2
      vertex -94.2225 84.2225 1.2
    endloop
  endfacet
  facet normal 0 0 1
    outer loop
      vertex -93.2422 -85.0682 1.2
      vertex -96.8 -78 1.2
      vertex -93.5827 -84.8025 1.2
    endloop
  endfacet
  facet normal 0 0 1
    outer loop
      vertex -96.8 78 1.2
      vertex -94.2225 84.2225 1.2
      vertex -94.5204 83.9097 1.2
    endloop
  endfacet
  facet normal 0 0 1
    outer loop
      vertex -93.5827 -84.8025 1.2
      vertex -96.8 -78 1.2
      vertex -93.9097 -84.5204 1.2
    endloop
  endfacet
  facet normal 0 0 1
    outer loop
      vertex -96.8 78 1.2
      vertex -94.5204 83.9097 1.2
      vertex -94.8025 83.5827 1.2
    endloop
  endfacet
  facet normal 0 0 1
    outer loop
      vertex -93.9097 -84.5204 1.2
      vertex -96.8 -78 1.2
      vertex -94.2225 -84.2225 1.2
    endloop
  endfacet
  facet normal 0 0 1
    outer loop
      vertex -96.8 78 1.2
      vertex -94.8025 83.5827 1.2
      vertex -95.0682 83.2422 1.2
    endloop
  endfacet
  facet normal 0 0 1
    outer loop
      vertex -94.2225 -84.2225 1.2
      vertex -96.8 -78 1.2
      vertex -94.5204 -83.9097 1.2
    endloop
  endfacet
  facet normal 0 0 1
    outer loop
      vertex -96.8 78 1.2
      vertex -95.0682 83.2422 1.2
      vertex -95.3169 82.889 1.2
    endloop
  endfacet
  facet normal 0 0 1
    outer loop
      vertex -94.5204 -83.9097 1.2
      vertex -96.8 -78 1.2
      vertex -94.8025 -83.5827 1.2
    endloop
  endfacet
  facet normal 0 0 1
    outer loop
      vertex -96.8 78 1.2
      vertex -95.3169 82.889 1.2
      vertex -95.548 82.5241 1.2
    endloop
  endfacet
  facet normal 0 0 1
    outer loop
      vertex -94.8025 -83.5827 1.2
      vertex -96.8 -78 1.2
      vertex -95.0682 -83.2422 1.2
    endloop
  endfacet
  facet normal 0 0 1
    outer loop
      vertex -96.8 78 1.2
      vertex -95.548 82.5241 1.2
      vertex -95.7609 82.1483 1.2
    endloop
  endfacet
  facet normal 0 0 1
    outer loop
      vertex -95.0682 -83.2422 1.2
      vertex -96.8 -78 1.2
      vertex -95.3169 -82.889 1.2
    endloop
  endfacet
  facet normal 0 0 1
    outer loop
      vertex -96.8 78 1.2
      vertex -95.7609 82.1483 1.2
      vertex -95.9551 81.7625 1.2
    endloop
  endfacet
  facet normal 0 0 1
    outer loop
      vertex -95.3169 -82.889 1.2
      vertex -96.8 -78 1.2
      vertex -95.548 -82.5241 1.2
    endloop
  endfacet
  facet normal 0 0 1
    outer loop
      vertex -96.8 78 1.2
      vertex -95.9551 81.7625 1.2
      vertex -96.1301 81.3676 1.2
    endloop
  endfacet
  facet normal 0 0 1
    outer loop
      vertex -95.548 -82.5241 1.2
      vertex -96.8 -78 1.2
      vertex -95.7609 -82.1483 1.2
    endloop
  endfacet
  facet normal 0 0 1
    outer loop
      vertex -96.8 78 1.2
      vertex -96.1301 81.3676 1.2
      vertex -96.2856 80.9646 1.2
    endloop
  endfacet
  facet normal 0 0 1
    outer loop
      vertex -95.7609 -82.1483 1.2
      vertex -96.8 -78 1.2
      vertex -95.9551 -81.7625 1.2
    endloop
  endfacet
  facet normal 0 0 1
    outer loop
      vertex -96.8 78 1.2
      vertex -96.2856 80.9646 1.2
      vertex -96.4211 80.5545 1.2
    endloop
  endfacet
  facet normal 0 0 1
    outer loop
      vertex -95.9551 -81.7625 1.2
      vertex -96.8 -78 1.2
      vertex -96.1301 -81.3676 1.2
    endloop
  endfacet
  facet normal 0 0 1
    outer loop
      vertex -96.8 78 1.2
      vertex -96.4211 80.5545 1.2
      vertex -96.5363 80.1382 1.2
    endloop
  endfacet
  facet normal 0 0 1
    outer loop
      vertex -96.1301 -81.3676 1.2
      vertex -96.8 -78 1.2
      vertex -96.2856 -80.9646 1.2
    endloop
  endfacet
  facet normal 0 0 1
    outer loop
      vertex -96.8 78 1.2
      vertex -96.5363 80.1382 1.2
      vertex -96.6309 79.7168 1.2
    endloop
  endfacet
  facet normal 0 0 1
    outer loop
      vertex -96.2856 -80.9646 1.2
      vertex -96.8 -78 1.2
      vertex -96.4211 -80.5545 1.2
    endloop
  endfacet
  facet normal 0 0 1
    outer loop
      vertex -96.8 78 1.2
      vertex -96.6309 79.7168 1.2
      vertex -96.7048 79.2912 1.2
    endloop
  endfacet
  facet normal 0 0 1
    outer loop
      vertex -96.4211 -80.5545 1.2
      vertex -96.8 -78 1.2
      vertex -96.5363 -80.1382 1.2
    endloop
  endfacet
  facet normal 0 0 1
    outer loop
      vertex -96.8 78 1.2
      vertex -96.7048 79.2912 1.2
      vertex -96.7576 78.8625 1.2
    endloop
  endfacet
  facet normal 0 0 1
    outer loop
      vertex -96.5363 -80.1382 1.2
      vertex -96.8 -78 1.2
      vertex -96.6309 -79.7168 1.2
    endloop
  endfacet
  facet normal 0 0 1
    outer loop
      vertex -96.8 78 1.2
      vertex -96.7576 78.8625 1.2
      vertex -96.7894 78.4318 1.2
    endloop
  endfacet
  facet normal 0 0 1
    outer loop
      vertex -96.6309 -79.7168 1.2
      vertex -96.8 -78 1.2
      vertex -96.7048 -79.2912 1.2
    endloop
  endfacet
  facet normal 0 0 1
    outer loop
      vertex -96.7048 -79.2912 1.2
      vertex -96.8 -78 1.2
      vertex -96.7576 -78.8625 1.2
    endloop
  endfacet
  facet normal 0 0 1
    outer loop
      vertex -96.7576 -78.8625 1.2
      vertex -96.8 -78 1.2
      vertex -96.7894 -78.4318 1.2
    endloop
  endfacet
  facet normal 0.999699 -0.024541 0
    outer loop
      vertex -96.7894 78.4318 1.2
      vertex -96.8 78 26.4
      vertex -96.8 78 1.2
    endloop
  endfacet
  facet normal 0.999699 -0.024541 0
    outer loop
      vertex -96.7894 78.4318 36
      vertex -96.8 78 26.4
      vertex -96.7894 78.4318 1.2
    endloop
  endfacet
  facet normal 0.999699 -0.024541 0
    outer loop
      vertex -96.8 78 26.4
      vertex -96.7894 78.4318 36
      vertex -96.8 78 29.6
    endloop
  endfacet
  facet normal 0.999699 -0.024541 0
    outer loop
      vertex -96.8 78 29.6
      vertex -96.7894 78.4318 36
      vertex -96.8 78 36
    endloop
  endfacet
  facet normal 0.024541 0.999699 0
    outer loop
      vertex -88.4318 -86.7894 36
      vertex -88 -86.8 1.2
      vertex -88.4318 -86.7894 1.2
    endloop
  endfacet
  facet normal 0.024541 0.999699 -0
    outer loop
      vertex -88 -86.8 1.2
      vertex -88.4318 -86.7894 36
      vertex -88 -86.8 36
    endloop
  endfacet
  facet normal -0.724143 0.689649 0
    outer loop
      vertex 94.5204 -83.9097 36
      vertex 94.2225 -84.2225 1.2
      vertex 94.2225 -84.2225 36
    endloop
  endfacet
  facet normal -0.724143 0.689649 0
    outer loop
      vertex 94.2225 -84.2225 1.2
      vertex 94.5204 -83.9097 36
      vertex 94.5204 -83.9097 1.2
    endloop
  endfacet
  facet normal 0.024541 -0.999699 0
    outer loop
      vertex -88 86.8 36
      vertex -88.4318 86.7894 1.2
      vertex -88 86.8 1.2
    endloop
  endfacet
  facet normal 0.024541 -0.999699 0
    outer loop
      vertex -88.4318 86.7894 1.2
      vertex -88 86.8 36
      vertex -88.4318 86.7894 36
    endloop
  endfacet
  facet normal -0.91425 -0.40515 0
    outer loop
      vertex 95.9551 81.7625 36
      vertex 96.1301 81.3676 1.2
      vertex 96.1301 81.3676 36
    endloop
  endfacet
  facet normal -0.91425 -0.40515 0
    outer loop
      vertex 96.1301 81.3676 1.2
      vertex 95.9551 81.7625 36
      vertex 95.9551 81.7625 1.2
    endloop
  endfacet
  facet normal 0 -1 -0
    outer loop
      vertex 88 86.8 36
      vertex -88 86.8 1.2
      vertex 88 86.8 1.2
    endloop
  endfacet
  facet normal 0 -1 0
    outer loop
      vertex -88 86.8 1.2
      vertex 88 86.8 36
      vertex -88 86.8 36
    endloop
  endfacet
  facet normal -0.89322 -0.44962 0
    outer loop
      vertex 95.7609 82.1483 36
      vertex 95.9551 81.7625 1.2
      vertex 95.9551 81.7625 36
    endloop
  endfacet
  facet normal -0.89322 -0.44962 0
    outer loop
      vertex 95.9551 81.7625 1.2
      vertex 95.7609 82.1483 36
      vertex 95.7609 82.1483 1.2
    endloop
  endfacet
  facet normal -0.997285 -0.0736329 0
    outer loop
      vertex 96.7576 78.8625 36
      vertex 96.7894 78.4318 1.2
      vertex 96.7894 78.4318 36
    endloop
  endfacet
  facet normal -0.997285 -0.0736329 0
    outer loop
      vertex 96.7894 78.4318 1.2
      vertex 96.7576 78.8625 36
      vertex 96.7576 78.8625 1.2
    endloop
  endfacet
  facet normal 0.949514 -0.313726 0
    outer loop
      vertex -96.2856 80.9646 1.2
      vertex -96.4211 80.5545 36
      vertex -96.4211 80.5545 1.2
    endloop
  endfacet
  facet normal 0.949514 -0.313726 0
    outer loop
      vertex -96.4211 80.5545 36
      vertex -96.2856 80.9646 1.2
      vertex -96.2856 80.9646 36
    endloop
  endfacet
  facet normal 0.89322 0.44962 0
    outer loop
      vertex -95.9551 -81.7625 1.2
      vertex -95.7609 -82.1483 36
      vertex -95.7609 -82.1483 1.2
    endloop
  endfacet
  facet normal 0.89322 0.44962 0
    outer loop
      vertex -95.7609 -82.1483 36
      vertex -95.9551 -81.7625 1.2
      vertex -95.9551 -81.7625 36
    endloop
  endfacet
  facet normal 0.65321 0.757177 0
    outer loop
      vertex -93.9097 -84.5204 36
      vertex -93.5827 -84.8025 1.2
      vertex -93.9097 -84.5204 1.2
    endloop
  endfacet
  facet normal 0.65321 0.757177 -0
    outer loop
      vertex -93.5827 -84.8025 1.2
      vertex -93.9097 -84.5204 36
      vertex -93.5827 -84.8025 36
    endloop
  endfacet
  facet normal -0.40515 0.91425 0
    outer loop
      vertex 91.3676 -86.1301 36
      vertex 91.7625 -85.9551 1.2
      vertex 91.3676 -86.1301 1.2
    endloop
  endfacet
  facet normal -0.40515 0.91425 0
    outer loop
      vertex 91.7625 -85.9551 1.2
      vertex 91.3676 -86.1301 36
      vertex 91.7625 -85.9551 36
    endloop
  endfacet
  facet normal -0.65321 0.757177 0
    outer loop
      vertex 93.5827 -84.8025 36
      vertex 93.9097 -84.5204 1.2
      vertex 93.5827 -84.8025 1.2
    endloop
  endfacet
  facet normal -0.65321 0.757177 0
    outer loop
      vertex 93.9097 -84.5204 1.2
      vertex 93.5827 -84.8025 36
      vertex 93.9097 -84.5204 36
    endloop
  endfacet
  facet normal -0.949514 0.313726 0
    outer loop
      vertex 96.4211 -80.5545 36
      vertex 96.2856 -80.9646 1.2
      vertex 96.2856 -80.9646 36
    endloop
  endfacet
  facet normal -0.949514 0.313726 0
    outer loop
      vertex 96.2856 -80.9646 1.2
      vertex 96.4211 -80.5545 36
      vertex 96.4211 -80.5545 1.2
    endloop
  endfacet
  facet normal -0.44962 -0.89322 -0
    outer loop
      vertex 92.1483 85.7609 36
      vertex 91.7625 85.9551 1.2
      vertex 92.1483 85.7609 1.2
    endloop
  endfacet
  facet normal -0.44962 -0.89322 0
    outer loop
      vertex 91.7625 85.9551 1.2
      vertex 92.1483 85.7609 36
      vertex 91.7625 85.9551 36
    endloop
  endfacet
  facet normal -0.313726 -0.949514 -0
    outer loop
      vertex 90.9646 86.2856 36
      vertex 90.5545 86.4211 1.2
      vertex 90.9646 86.2856 1.2
    endloop
  endfacet
  facet normal -0.313726 -0.949514 0
    outer loop
      vertex 90.5545 86.4211 1.2
      vertex 90.9646 86.2856 36
      vertex 90.5545 86.4211 36
    endloop
  endfacet
  facet normal 0.992501 -0.122239 0
    outer loop
      vertex -96.7048 79.2912 1.2
      vertex -96.7576 78.8625 36
      vertex -96.7576 78.8625 1.2
    endloop
  endfacet
  facet normal 0.992501 -0.122239 0
    outer loop
      vertex -96.7576 78.8625 36
      vertex -96.7048 79.2912 1.2
      vertex -96.7048 79.2912 36
    endloop
  endfacet
  facet normal 0.949514 0.313726 0
    outer loop
      vertex -96.4211 -80.5545 1.2
      vertex -96.2856 -80.9646 36
      vertex -96.2856 -80.9646 1.2
    endloop
  endfacet
  facet normal 0.949514 0.313726 0
    outer loop
      vertex -96.2856 -80.9646 36
      vertex -96.4211 -80.5545 1.2
      vertex -96.4211 -80.5545 36
    endloop
  endfacet
  facet normal 0.91425 0.40515 0
    outer loop
      vertex -96.1301 -81.3676 1.2
      vertex -95.9551 -81.7625 36
      vertex -95.9551 -81.7625 1.2
    endloop
  endfacet
  facet normal 0.91425 0.40515 0
    outer loop
      vertex -95.9551 -81.7625 36
      vertex -96.1301 -81.3676 1.2
      vertex -96.1301 -81.3676 36
    endloop
  endfacet
  facet normal -0.2667 0.963779 0
    outer loop
      vertex 90.1382 -86.5363 36
      vertex 90.5545 -86.4211 1.2
      vertex 90.1382 -86.5363 1.2
    endloop
  endfacet
  facet normal -0.2667 0.963779 0
    outer loop
      vertex 90.5545 -86.4211 1.2
      vertex 90.1382 -86.5363 36
      vertex 90.5545 -86.4211 36
    endloop
  endfacet
  facet normal -0.61519 0.788379 0
    outer loop
      vertex 93.2422 -85.0682 36
      vertex 93.5827 -84.8025 1.2
      vertex 93.2422 -85.0682 1.2
    endloop
  endfacet
  facet normal -0.61519 0.788379 0
    outer loop
      vertex 93.5827 -84.8025 1.2
      vertex 93.2422 -85.0682 36
      vertex 93.5827 -84.8025 36
    endloop
  endfacet
  facet normal -0.313726 0.949514 0
    outer loop
      vertex 90.5545 -86.4211 36
      vertex 90.9646 -86.2856 1.2
      vertex 90.5545 -86.4211 1.2
    endloop
  endfacet
  facet normal -0.313726 0.949514 0
    outer loop
      vertex 90.9646 -86.2856 1.2
      vertex 90.5545 -86.4211 36
      vertex 90.9646 -86.2856 36
    endloop
  endfacet
  facet normal -0.870075 0.492919 0
    outer loop
      vertex 95.7609 -82.1483 36
      vertex 95.548 -82.5241 1.2
      vertex 95.548 -82.5241 36
    endloop
  endfacet
  facet normal -0.870075 0.492919 0
    outer loop
      vertex 95.548 -82.5241 1.2
      vertex 95.7609 -82.1483 36
      vertex 95.7609 -82.1483 1.2
    endloop
  endfacet
  facet normal -0.89322 0.44962 0
    outer loop
      vertex 95.9551 -81.7625 36
      vertex 95.7609 -82.1483 1.2
      vertex 95.7609 -82.1483 36
    endloop
  endfacet
  facet normal -0.89322 0.44962 0
    outer loop
      vertex 95.7609 -82.1483 1.2
      vertex 95.9551 -81.7625 36
      vertex 95.9551 -81.7625 1.2
    endloop
  endfacet
  facet normal -0.992501 0.122239 0
    outer loop
      vertex 96.7576 -78.8625 36
      vertex 96.7048 -79.2912 1.2
      vertex 96.7048 -79.2912 36
    endloop
  endfacet
  facet normal -0.992501 0.122239 0
    outer loop
      vertex 96.7048 -79.2912 1.2
      vertex 96.7576 -78.8625 36
      vertex 96.7576 -78.8625 1.2
    endloop
  endfacet
  facet normal 0.963779 -0.2667 0
    outer loop
      vertex -96.4211 80.5545 1.2
      vertex -96.5363 80.1382 36
      vertex -96.5363 80.1382 1.2
    endloop
  endfacet
  facet normal 0.963779 -0.2667 0
    outer loop
      vertex -96.5363 80.1382 36
      vertex -96.4211 80.5545 1.2
      vertex -96.4211 80.5545 36
    endloop
  endfacet
  facet normal 0.817641 -0.575728 0
    outer loop
      vertex -95.0682 83.2422 1.2
      vertex -95.3169 82.889 36
      vertex -95.3169 82.889 1.2
    endloop
  endfacet
  facet normal 0.817641 -0.575728 0
    outer loop
      vertex -95.3169 82.889 36
      vertex -95.0682 83.2422 1.2
      vertex -95.0682 83.2422 36
    endloop
  endfacet
  facet normal 0.870075 -0.492919 0
    outer loop
      vertex -95.548 82.5241 1.2
      vertex -95.7609 82.1483 36
      vertex -95.7609 82.1483 1.2
    endloop
  endfacet
  facet normal 0.870075 -0.492919 0
    outer loop
      vertex -95.7609 82.1483 36
      vertex -95.548 82.5241 1.2
      vertex -95.548 82.5241 36
    endloop
  endfacet
  facet normal 0.89322 -0.44962 0
    outer loop
      vertex -95.7609 82.1483 1.2
      vertex -95.9551 81.7625 36
      vertex -95.9551 81.7625 1.2
    endloop
  endfacet
  facet normal 0.89322 -0.44962 0
    outer loop
      vertex -95.9551 81.7625 36
      vertex -95.7609 82.1483 1.2
      vertex -95.7609 82.1483 36
    endloop
  endfacet
  facet normal 0.61519 -0.788379 0
    outer loop
      vertex -93.2422 85.0682 36
      vertex -93.5827 84.8025 1.2
      vertex -93.2422 85.0682 1.2
    endloop
  endfacet
  facet normal 0.61519 -0.788379 0
    outer loop
      vertex -93.5827 84.8025 1.2
      vertex -93.2422 85.0682 36
      vertex -93.5827 84.8025 36
    endloop
  endfacet
  facet normal 0.65321 -0.757177 0
    outer loop
      vertex -93.5827 84.8025 36
      vertex -93.9097 84.5204 1.2
      vertex -93.5827 84.8025 1.2
    endloop
  endfacet
  facet normal 0.65321 -0.757177 0
    outer loop
      vertex -93.9097 84.5204 1.2
      vertex -93.5827 84.8025 36
      vertex -93.9097 84.5204 36
    endloop
  endfacet
  facet normal -0.122239 -0.992501 -0
    outer loop
      vertex 89.2912 86.7048 36
      vertex 88.8625 86.7576 1.2
      vertex 89.2912 86.7048 1.2
    endloop
  endfacet
  facet normal -0.122239 -0.992501 0
    outer loop
      vertex 88.8625 86.7576 1.2
      vertex 89.2912 86.7048 36
      vertex 88.8625 86.7576 36
    endloop
  endfacet
  facet normal -0.024541 -0.999699 -0
    outer loop
      vertex 88.4318 86.7894 36
      vertex 88 86.8 1.2
      vertex 88.4318 86.7894 1.2
    endloop
  endfacet
  facet normal -0.024541 -0.999699 0
    outer loop
      vertex 88 86.8 1.2
      vertex 88.4318 86.7894 36
      vertex 88 86.8 36
    endloop
  endfacet
  facet normal -0.0736329 -0.997285 -0
    outer loop
      vertex 88.8625 86.7576 36
      vertex 88.4318 86.7894 1.2
      vertex 88.8625 86.7576 1.2
    endloop
  endfacet
  facet normal -0.0736329 -0.997285 0
    outer loop
      vertex 88.4318 86.7894 1.2
      vertex 88.8625 86.7576 36
      vertex 88.4318 86.7894 36
    endloop
  endfacet
  facet normal -0.171077 -0.985258 -0
    outer loop
      vertex 89.7168 86.6309 36
      vertex 89.2912 86.7048 1.2
      vertex 89.7168 86.6309 1.2
    endloop
  endfacet
  facet normal -0.171077 -0.985258 0
    outer loop
      vertex 89.2912 86.7048 1.2
      vertex 89.7168 86.6309 36
      vertex 89.2912 86.7048 36
    endloop
  endfacet
  facet normal -0.2667 -0.963779 -0
    outer loop
      vertex 90.5545 86.4211 36
      vertex 90.1382 86.5363 1.2
      vertex 90.5545 86.4211 1.2
    endloop
  endfacet
  facet normal -0.2667 -0.963779 0
    outer loop
      vertex 90.1382 86.5363 1.2
      vertex 90.5545 86.4211 36
      vertex 90.1382 86.5363 36
    endloop
  endfacet
  facet normal -0.359987 -0.932957 -0
    outer loop
      vertex 91.3676 86.1301 36
      vertex 90.9646 86.2856 1.2
      vertex 91.3676 86.1301 1.2
    endloop
  endfacet
  facet normal -0.359987 -0.932957 0
    outer loop
      vertex 90.9646 86.2856 1.2
      vertex 91.3676 86.1301 36
      vertex 90.9646 86.2856 36
    endloop
  endfacet
  facet normal -0.40515 -0.91425 -0
    outer loop
      vertex 91.7625 85.9551 36
      vertex 91.3676 86.1301 1.2
      vertex 91.7625 85.9551 1.2
    endloop
  endfacet
  facet normal -0.40515 -0.91425 0
    outer loop
      vertex 91.3676 86.1301 1.2
      vertex 91.7625 85.9551 36
      vertex 91.3676 86.1301 36
    endloop
  endfacet
  facet normal -0.61519 -0.788379 -0
    outer loop
      vertex 93.5827 84.8025 36
      vertex 93.2422 85.0682 1.2
      vertex 93.5827 84.8025 1.2
    endloop
  endfacet
  facet normal -0.61519 -0.788379 0
    outer loop
      vertex 93.2422 85.0682 1.2
      vertex 93.5827 84.8025 36
      vertex 93.2422 85.0682 36
    endloop
  endfacet
  facet normal -0.535047 -0.844823 -0
    outer loop
      vertex 92.889 85.3169 36
      vertex 92.5241 85.548 1.2
      vertex 92.889 85.3169 1.2
    endloop
  endfacet
  facet normal -0.535047 -0.844823 0
    outer loop
      vertex 92.5241 85.548 1.2
      vertex 92.889 85.3169 36
      vertex 92.5241 85.548 36
    endloop
  endfacet
  facet normal -0.575728 -0.817641 -0
    outer loop
      vertex 93.2422 85.0682 36
      vertex 92.889 85.3169 1.2
      vertex 93.2422 85.0682 1.2
    endloop
  endfacet
  facet normal -0.575728 -0.817641 0
    outer loop
      vertex 92.889 85.3169 1.2
      vertex 93.2422 85.0682 36
      vertex 92.889 85.3169 36
    endloop
  endfacet
  facet normal -0.65321 -0.757177 -0
    outer loop
      vertex 93.9097 84.5204 36
      vertex 93.5827 84.8025 1.2
      vertex 93.9097 84.5204 1.2
    endloop
  endfacet
  facet normal -0.65321 -0.757177 0
    outer loop
      vertex 93.5827 84.8025 1.2
      vertex 93.9097 84.5204 36
      vertex 93.5827 84.8025 36
    endloop
  endfacet
  facet normal -0.992501 -0.122239 0
    outer loop
      vertex 96.7048 79.2912 36
      vertex 96.7576 78.8625 1.2
      vertex 96.7576 78.8625 36
    endloop
  endfacet
  facet normal -0.992501 -0.122239 0
    outer loop
      vertex 96.7576 78.8625 1.2
      vertex 96.7048 79.2912 36
      vertex 96.7048 79.2912 1.2
    endloop
  endfacet
  facet normal -0.870075 -0.492919 0
    outer loop
      vertex 95.548 82.5241 36
      vertex 95.7609 82.1483 1.2
      vertex 95.7609 82.1483 36
    endloop
  endfacet
  facet normal -0.870075 -0.492919 0
    outer loop
      vertex 95.7609 82.1483 1.2
      vertex 95.548 82.5241 36
      vertex 95.548 82.5241 1.2
    endloop
  endfacet
  facet normal -0.788379 -0.61519 0
    outer loop
      vertex 94.8025 83.5827 36
      vertex 95.0682 83.2422 1.2
      vertex 95.0682 83.2422 36
    endloop
  endfacet
  facet normal -0.788379 -0.61519 0
    outer loop
      vertex 95.0682 83.2422 1.2
      vertex 94.8025 83.5827 36
      vertex 94.8025 83.5827 1.2
    endloop
  endfacet
  facet normal 0.844823 0.535047 0
    outer loop
      vertex -95.548 -82.5241 1.2
      vertex -95.3169 -82.889 36
      vertex -95.3169 -82.889 1.2
    endloop
  endfacet
  facet normal 0.844823 0.535047 0
    outer loop
      vertex -95.3169 -82.889 36
      vertex -95.548 -82.5241 1.2
      vertex -95.548 -82.5241 36
    endloop
  endfacet
  facet normal 0.932957 0.359987 0
    outer loop
      vertex -96.2856 -80.9646 1.2
      vertex -96.1301 -81.3676 36
      vertex -96.1301 -81.3676 1.2
    endloop
  endfacet
  facet normal 0.932957 0.359987 0
    outer loop
      vertex -96.1301 -81.3676 36
      vertex -96.2856 -80.9646 1.2
      vertex -96.2856 -80.9646 36
    endloop
  endfacet
  facet normal 0.992501 0.122239 0
    outer loop
      vertex -96.7576 -78.8625 1.2
      vertex -96.7048 -79.2912 36
      vertex -96.7048 -79.2912 1.2
    endloop
  endfacet
  facet normal 0.992501 0.122239 0
    outer loop
      vertex -96.7048 -79.2912 36
      vertex -96.7576 -78.8625 1.2
      vertex -96.7576 -78.8625 36
    endloop
  endfacet
  facet normal 0 1 0
    outer loop
      vertex -88 -86.8 36
      vertex 88 -86.8 1.2
      vertex -88 -86.8 1.2
    endloop
  endfacet
  facet normal 0 1 -0
    outer loop
      vertex 88 -86.8 1.2
      vertex -88 -86.8 36
      vertex 88 -86.8 36
    endloop
  endfacet
  facet normal -0.024541 0.999699 0
    outer loop
      vertex 88 -86.8 36
      vertex 88.4318 -86.7894 1.2
      vertex 88 -86.8 1.2
    endloop
  endfacet
  facet normal -0.024541 0.999699 0
    outer loop
      vertex 88.4318 -86.7894 1.2
      vertex 88 -86.8 36
      vertex 88.4318 -86.7894 36
    endloop
  endfacet
  facet normal 0.0736329 0.997285 0
    outer loop
      vertex -88.8625 -86.7576 36
      vertex -88.4318 -86.7894 1.2
      vertex -88.8625 -86.7576 1.2
    endloop
  endfacet
  facet normal 0.0736329 0.997285 -0
    outer loop
      vertex -88.4318 -86.7894 1.2
      vertex -88.8625 -86.7576 36
      vertex -88.4318 -86.7894 36
    endloop
  endfacet
  facet normal 0.817641 0.575728 0
    outer loop
      vertex -95.3169 -82.889 1.2
      vertex -95.0682 -83.2422 36
      vertex -95.0682 -83.2422 1.2
    endloop
  endfacet
  facet normal 0.817641 0.575728 0
    outer loop
      vertex -95.0682 -83.2422 36
      vertex -95.3169 -82.889 1.2
      vertex -95.3169 -82.889 36
    endloop
  endfacet
  facet normal -0.689649 0.724143 0
    outer loop
      vertex 93.9097 -84.5204 36
      vertex 94.2225 -84.2225 1.2
      vertex 93.9097 -84.5204 1.2
    endloop
  endfacet
  facet normal -0.689649 0.724143 0
    outer loop
      vertex 94.2225 -84.2225 1.2
      vertex 93.9097 -84.5204 36
      vertex 94.2225 -84.2225 36
    endloop
  endfacet
  facet normal -0.575728 0.817641 0
    outer loop
      vertex 92.889 -85.3169 36
      vertex 93.2422 -85.0682 1.2
      vertex 92.889 -85.3169 1.2
    endloop
  endfacet
  facet normal -0.575728 0.817641 0
    outer loop
      vertex 93.2422 -85.0682 1.2
      vertex 92.889 -85.3169 36
      vertex 93.2422 -85.0682 36
    endloop
  endfacet
  facet normal -0.535047 0.844823 0
    outer loop
      vertex 92.5241 -85.548 36
      vertex 92.889 -85.3169 1.2
      vertex 92.5241 -85.548 1.2
    endloop
  endfacet
  facet normal -0.535047 0.844823 0
    outer loop
      vertex 92.889 -85.3169 1.2
      vertex 92.5241 -85.548 36
      vertex 92.889 -85.3169 36
    endloop
  endfacet
  facet normal -0.44962 0.89322 0
    outer loop
      vertex 91.7625 -85.9551 36
      vertex 92.1483 -85.7609 1.2
      vertex 91.7625 -85.9551 1.2
    endloop
  endfacet
  facet normal -0.44962 0.89322 0
    outer loop
      vertex 92.1483 -85.7609 1.2
      vertex 91.7625 -85.9551 36
      vertex 92.1483 -85.7609 36
    endloop
  endfacet
  facet normal -0.492919 0.870075 0
    outer loop
      vertex 92.1483 -85.7609 36
      vertex 92.5241 -85.548 1.2
      vertex 92.1483 -85.7609 1.2
    endloop
  endfacet
  facet normal -0.492919 0.870075 0
    outer loop
      vertex 92.5241 -85.548 1.2
      vertex 92.1483 -85.7609 36
      vertex 92.5241 -85.548 36
    endloop
  endfacet
  facet normal -0.359987 0.932957 0
    outer loop
      vertex 90.9646 -86.2856 36
      vertex 91.3676 -86.1301 1.2
      vertex 90.9646 -86.2856 1.2
    endloop
  endfacet
  facet normal -0.359987 0.932957 0
    outer loop
      vertex 91.3676 -86.1301 1.2
      vertex 90.9646 -86.2856 36
      vertex 91.3676 -86.1301 36
    endloop
  endfacet
  facet normal -0.171077 0.985258 0
    outer loop
      vertex 89.2912 -86.7048 36
      vertex 89.7168 -86.6309 1.2
      vertex 89.2912 -86.7048 1.2
    endloop
  endfacet
  facet normal -0.171077 0.985258 0
    outer loop
      vertex 89.7168 -86.6309 1.2
      vertex 89.2912 -86.7048 36
      vertex 89.7168 -86.6309 36
    endloop
  endfacet
  facet normal -0.122239 0.992501 0
    outer loop
      vertex 88.8625 -86.7576 36
      vertex 89.2912 -86.7048 1.2
      vertex 88.8625 -86.7576 1.2
    endloop
  endfacet
  facet normal -0.122239 0.992501 0
    outer loop
      vertex 89.2912 -86.7048 1.2
      vertex 88.8625 -86.7576 36
      vertex 89.2912 -86.7048 36
    endloop
  endfacet
  facet normal -0.91425 0.40515 0
    outer loop
      vertex 96.1301 -81.3676 36
      vertex 95.9551 -81.7625 1.2
      vertex 95.9551 -81.7625 36
    endloop
  endfacet
  facet normal -0.91425 0.40515 0
    outer loop
      vertex 95.9551 -81.7625 1.2
      vertex 96.1301 -81.3676 36
      vertex 96.1301 -81.3676 1.2
    endloop
  endfacet
  facet normal -0.844823 0.535047 0
    outer loop
      vertex 95.548 -82.5241 36
      vertex 95.3169 -82.889 1.2
      vertex 95.3169 -82.889 36
    endloop
  endfacet
  facet normal -0.844823 0.535047 0
    outer loop
      vertex 95.3169 -82.889 1.2
      vertex 95.548 -82.5241 36
      vertex 95.548 -82.5241 1.2
    endloop
  endfacet
  facet normal -0.817641 0.575728 0
    outer loop
      vertex 95.3169 -82.889 36
      vertex 95.0682 -83.2422 1.2
      vertex 95.0682 -83.2422 36
    endloop
  endfacet
  facet normal -0.817641 0.575728 0
    outer loop
      vertex 95.0682 -83.2422 1.2
      vertex 95.3169 -82.889 36
      vertex 95.3169 -82.889 1.2
    endloop
  endfacet
  facet normal -0.788379 0.61519 0
    outer loop
      vertex 95.0682 -83.2422 36
      vertex 94.8025 -83.5827 1.2
      vertex 94.8025 -83.5827 36
    endloop
  endfacet
  facet normal -0.788379 0.61519 0
    outer loop
      vertex 94.8025 -83.5827 1.2
      vertex 95.0682 -83.2422 36
      vertex 95.0682 -83.2422 1.2
    endloop
  endfacet
  facet normal -0.757177 0.65321 0
    outer loop
      vertex 94.8025 -83.5827 36
      vertex 94.5204 -83.9097 1.2
      vertex 94.5204 -83.9097 36
    endloop
  endfacet
  facet normal -0.757177 0.65321 0
    outer loop
      vertex 94.5204 -83.9097 1.2
      vertex 94.8025 -83.5827 36
      vertex 94.8025 -83.5827 1.2
    endloop
  endfacet
  facet normal -0.932957 0.359987 0
    outer loop
      vertex 96.2856 -80.9646 36
      vertex 96.1301 -81.3676 1.2
      vertex 96.1301 -81.3676 36
    endloop
  endfacet
  facet normal -0.932957 0.359987 0
    outer loop
      vertex 96.1301 -81.3676 1.2
      vertex 96.2856 -80.9646 36
      vertex 96.2856 -80.9646 1.2
    endloop
  endfacet
  facet normal -0.963779 0.2667 0
    outer loop
      vertex 96.5363 -80.1382 36
      vertex 96.4211 -80.5545 1.2
      vertex 96.4211 -80.5545 36
    endloop
  endfacet
  facet normal -0.963779 0.2667 0
    outer loop
      vertex 96.4211 -80.5545 1.2
      vertex 96.5363 -80.1382 36
      vertex 96.5363 -80.1382 1.2
    endloop
  endfacet
  facet normal -0.985258 0.171077 0
    outer loop
      vertex 96.7048 -79.2912 36
      vertex 96.6309 -79.7168 1.2
      vertex 96.6309 -79.7168 36
    endloop
  endfacet
  facet normal -0.985258 0.171077 0
    outer loop
      vertex 96.6309 -79.7168 1.2
      vertex 96.7048 -79.2912 36
      vertex 96.7048 -79.2912 1.2
    endloop
  endfacet
  facet normal -0.997285 0.0736329 0
    outer loop
      vertex 96.7894 -78.4318 36
      vertex 96.7576 -78.8625 1.2
      vertex 96.7576 -78.8625 36
    endloop
  endfacet
  facet normal -0.997285 0.0736329 0
    outer loop
      vertex 96.7576 -78.8625 1.2
      vertex 96.7894 -78.4318 36
      vertex 96.7894 -78.4318 1.2
    endloop
  endfacet
  facet normal -0.975716 0.219038 0
    outer loop
      vertex 96.6309 -79.7168 36
      vertex 96.5363 -80.1382 1.2
      vertex 96.5363 -80.1382 36
    endloop
  endfacet
  facet normal -0.975716 0.219038 0
    outer loop
      vertex 96.5363 -80.1382 1.2
      vertex 96.6309 -79.7168 36
      vertex 96.6309 -79.7168 1.2
    endloop
  endfacet
  facet normal 0.975716 -0.219038 0
    outer loop
      vertex -96.5363 80.1382 1.2
      vertex -96.6309 79.7168 36
      vertex -96.6309 79.7168 1.2
    endloop
  endfacet
  facet normal 0.975716 -0.219038 0
    outer loop
      vertex -96.6309 79.7168 36
      vertex -96.5363 80.1382 1.2
      vertex -96.5363 80.1382 36
    endloop
  endfacet
  facet normal 0.91425 -0.40515 0
    outer loop
      vertex -95.9551 81.7625 1.2
      vertex -96.1301 81.3676 36
      vertex -96.1301 81.3676 1.2
    endloop
  endfacet
  facet normal 0.91425 -0.40515 0
    outer loop
      vertex -96.1301 81.3676 36
      vertex -95.9551 81.7625 1.2
      vertex -95.9551 81.7625 36
    endloop
  endfacet
  facet normal 0.932957 -0.359987 0
    outer loop
      vertex -96.1301 81.3676 1.2
      vertex -96.2856 80.9646 36
      vertex -96.2856 80.9646 1.2
    endloop
  endfacet
  facet normal 0.932957 -0.359987 0
    outer loop
      vertex -96.2856 80.9646 36
      vertex -96.1301 81.3676 1.2
      vertex -96.1301 81.3676 36
    endloop
  endfacet
  facet normal 0.689649 -0.724143 0
    outer loop
      vertex -93.9097 84.5204 36
      vertex -94.2225 84.2225 1.2
      vertex -93.9097 84.5204 1.2
    endloop
  endfacet
  facet normal 0.689649 -0.724143 0
    outer loop
      vertex -94.2225 84.2225 1.2
      vertex -93.9097 84.5204 36
      vertex -94.2225 84.2225 36
    endloop
  endfacet
  facet normal 0.724143 -0.689649 0
    outer loop
      vertex -94.2225 84.2225 1.2
      vertex -94.5204 83.9097 36
      vertex -94.5204 83.9097 1.2
    endloop
  endfacet
  facet normal 0.724143 -0.689649 0
    outer loop
      vertex -94.5204 83.9097 36
      vertex -94.2225 84.2225 1.2
      vertex -94.2225 84.2225 36
    endloop
  endfacet
  facet normal 0.757177 -0.65321 0
    outer loop
      vertex -94.5204 83.9097 1.2
      vertex -94.8025 83.5827 36
      vertex -94.8025 83.5827 1.2
    endloop
  endfacet
  facet normal 0.757177 -0.65321 0
    outer loop
      vertex -94.8025 83.5827 36
      vertex -94.5204 83.9097 1.2
      vertex -94.5204 83.9097 36
    endloop
  endfacet
  facet normal 0.44962 -0.89322 0
    outer loop
      vertex -91.7625 85.9551 36
      vertex -92.1483 85.7609 1.2
      vertex -91.7625 85.9551 1.2
    endloop
  endfacet
  facet normal 0.44962 -0.89322 0
    outer loop
      vertex -92.1483 85.7609 1.2
      vertex -91.7625 85.9551 36
      vertex -92.1483 85.7609 36
    endloop
  endfacet
  facet normal 0.219038 -0.975716 0
    outer loop
      vertex -89.7168 86.6309 36
      vertex -90.1382 86.5363 1.2
      vertex -89.7168 86.6309 1.2
    endloop
  endfacet
  facet normal 0.219038 -0.975716 0
    outer loop
      vertex -90.1382 86.5363 1.2
      vertex -89.7168 86.6309 36
      vertex -90.1382 86.5363 36
    endloop
  endfacet
  facet normal 0.0736329 -0.997285 0
    outer loop
      vertex -88.4318 86.7894 36
      vertex -88.8625 86.7576 1.2
      vertex -88.4318 86.7894 1.2
    endloop
  endfacet
  facet normal 0.0736329 -0.997285 0
    outer loop
      vertex -88.8625 86.7576 1.2
      vertex -88.4318 86.7894 36
      vertex -88.8625 86.7576 36
    endloop
  endfacet
  facet normal 0.122239 -0.992501 0
    outer loop
      vertex -88.8625 86.7576 36
      vertex -89.2912 86.7048 1.2
      vertex -88.8625 86.7576 1.2
    endloop
  endfacet
  facet normal 0.122239 -0.992501 0
    outer loop
      vertex -89.2912 86.7048 1.2
      vertex -88.8625 86.7576 36
      vertex -89.2912 86.7048 36
    endloop
  endfacet
  facet normal -0.219038 -0.975716 -0
    outer loop
      vertex 90.1382 86.5363 36
      vertex 89.7168 86.6309 1.2
      vertex 90.1382 86.5363 1.2
    endloop
  endfacet
  facet normal -0.219038 -0.975716 0
    outer loop
      vertex 89.7168 86.6309 1.2
      vertex 90.1382 86.5363 36
      vertex 89.7168 86.6309 36
    endloop
  endfacet
  facet normal -0.492919 -0.870075 -0
    outer loop
      vertex 92.5241 85.548 36
      vertex 92.1483 85.7609 1.2
      vertex 92.5241 85.548 1.2
    endloop
  endfacet
  facet normal -0.492919 -0.870075 0
    outer loop
      vertex 92.1483 85.7609 1.2
      vertex 92.5241 85.548 36
      vertex 92.1483 85.7609 36
    endloop
  endfacet
  facet normal -0.757177 -0.65321 0
    outer loop
      vertex 94.5204 83.9097 36
      vertex 94.8025 83.5827 1.2
      vertex 94.8025 83.5827 36
    endloop
  endfacet
  facet normal -0.757177 -0.65321 0
    outer loop
      vertex 94.8025 83.5827 1.2
      vertex 94.5204 83.9097 36
      vertex 94.5204 83.9097 1.2
    endloop
  endfacet
  facet normal -0.999699 -0.024541 0
    outer loop
      vertex 96.7894 78.4318 36
      vertex 96.8 78 29.6
      vertex 96.8 78 36
    endloop
  endfacet
  facet normal -0.999699 -0.024541 -0
    outer loop
      vertex 96.8 78 29.6
      vertex 96.7894 78.4318 36
      vertex 96.8 78 26.4
    endloop
  endfacet
  facet normal -0.999699 -0.024541 0
    outer loop
      vertex 96.7894 78.4318 1.2
      vertex 96.8 78 26.4
      vertex 96.7894 78.4318 36
    endloop
  endfacet
  facet normal -0.999699 -0.024541 -0
    outer loop
      vertex 96.8 78 26.4
      vertex 96.7894 78.4318 1.2
      vertex 96.8 78 1.2
    endloop
  endfacet
  facet normal -0.932957 -0.359987 0
    outer loop
      vertex 96.1301 81.3676 36
      vertex 96.2856 80.9646 1.2
      vertex 96.2856 80.9646 36
    endloop
  endfacet
  facet normal -0.932957 -0.359987 0
    outer loop
      vertex 96.2856 80.9646 1.2
      vertex 96.1301 81.3676 36
      vertex 96.1301 81.3676 1.2
    endloop
  endfacet
  facet normal -0.963779 -0.2667 0
    outer loop
      vertex 96.4211 80.5545 36
      vertex 96.5363 80.1382 1.2
      vertex 96.5363 80.1382 36
    endloop
  endfacet
  facet normal -0.963779 -0.2667 0
    outer loop
      vertex 96.5363 80.1382 1.2
      vertex 96.4211 80.5545 36
      vertex 96.4211 80.5545 1.2
    endloop
  endfacet
  facet normal -0.949514 -0.313726 0
    outer loop
      vertex 96.2856 80.9646 36
      vertex 96.4211 80.5545 1.2
      vertex 96.4211 80.5545 36
    endloop
  endfacet
  facet normal -0.949514 -0.313726 0
    outer loop
      vertex 96.4211 80.5545 1.2
      vertex 96.2856 80.9646 36
      vertex 96.2856 80.9646 1.2
    endloop
  endfacet
  facet normal -0.844823 -0.535047 0
    outer loop
      vertex 95.3169 82.889 36
      vertex 95.548 82.5241 1.2
      vertex 95.548 82.5241 36
    endloop
  endfacet
  facet normal -0.844823 -0.535047 0
    outer loop
      vertex 95.548 82.5241 1.2
      vertex 95.3169 82.889 36
      vertex 95.3169 82.889 1.2
    endloop
  endfacet
  facet normal -0.817641 -0.575728 0
    outer loop
      vertex 95.0682 83.2422 36
      vertex 95.3169 82.889 1.2
      vertex 95.3169 82.889 36
    endloop
  endfacet
  facet normal -0.817641 -0.575728 0
    outer loop
      vertex 95.3169 82.889 1.2
      vertex 95.0682 83.2422 36
      vertex 95.0682 83.2422 1.2
    endloop
  endfacet
  facet normal 0.963779 0.2667 0
    outer loop
      vertex -96.5363 -80.1382 1.2
      vertex -96.4211 -80.5545 36
      vertex -96.4211 -80.5545 1.2
    endloop
  endfacet
  facet normal 0.963779 0.2667 0
    outer loop
      vertex -96.4211 -80.5545 36
      vertex -96.5363 -80.1382 1.2
      vertex -96.5363 -80.1382 36
    endloop
  endfacet
  facet normal 0.999699 0.024541 0
    outer loop
      vertex -96.8 -78 26.4
      vertex -96.7894 -78.4318 1.2
      vertex -96.8 -78 1.2
    endloop
  endfacet
  facet normal 0.999699 0.024541 -0
    outer loop
      vertex -96.7894 -78.4318 1.2
      vertex -96.8 -78 26.4
      vertex -96.7894 -78.4318 36
    endloop
  endfacet
  facet normal 0.999699 0.024541 0
    outer loop
      vertex -96.8 -78 29.6
      vertex -96.7894 -78.4318 36
      vertex -96.8 -78 26.4
    endloop
  endfacet
  facet normal 0.999699 0.024541 0
    outer loop
      vertex -96.7894 -78.4318 36
      vertex -96.8 -78 29.6
      vertex -96.8 -78 36
    endloop
  endfacet
  facet normal 0.997285 0.0736329 0
    outer loop
      vertex -96.7894 -78.4318 1.2
      vertex -96.7576 -78.8625 36
      vertex -96.7576 -78.8625 1.2
    endloop
  endfacet
  facet normal 0.997285 0.0736329 0
    outer loop
      vertex -96.7576 -78.8625 36
      vertex -96.7894 -78.4318 1.2
      vertex -96.7894 -78.4318 36
    endloop
  endfacet
  facet normal 0.870075 0.492919 0
    outer loop
      vertex -95.7609 -82.1483 1.2
      vertex -95.548 -82.5241 36
      vertex -95.548 -82.5241 1.2
    endloop
  endfacet
  facet normal 0.870075 0.492919 0
    outer loop
      vertex -95.548 -82.5241 36
      vertex -95.7609 -82.1483 1.2
      vertex -95.7609 -82.1483 36
    endloop
  endfacet
  facet normal -0.219038 0.975716 0
    outer loop
      vertex 89.7168 -86.6309 36
      vertex 90.1382 -86.5363 1.2
      vertex 89.7168 -86.6309 1.2
    endloop
  endfacet
  facet normal -0.219038 0.975716 0
    outer loop
      vertex 90.1382 -86.5363 1.2
      vertex 89.7168 -86.6309 36
      vertex 90.1382 -86.5363 36
    endloop
  endfacet
  facet normal 0.844823 -0.535047 0
    outer loop
      vertex -95.3169 82.889 1.2
      vertex -95.548 82.5241 36
      vertex -95.548 82.5241 1.2
    endloop
  endfacet
  facet normal 0.844823 -0.535047 0
    outer loop
      vertex -95.548 82.5241 36
      vertex -95.3169 82.889 1.2
      vertex -95.3169 82.889 36
    endloop
  endfacet
  facet normal 0.575728 -0.817641 0
    outer loop
      vertex -92.889 85.3169 36
      vertex -93.2422 85.0682 1.2
      vertex -92.889 85.3169 1.2
    endloop
  endfacet
  facet normal 0.575728 -0.817641 0
    outer loop
      vertex -93.2422 85.0682 1.2
      vertex -92.889 85.3169 36
      vertex -93.2422 85.0682 36
    endloop
  endfacet
  facet normal 0.2667 -0.963779 0
    outer loop
      vertex -90.1382 86.5363 36
      vertex -90.5545 86.4211 1.2
      vertex -90.1382 86.5363 1.2
    endloop
  endfacet
  facet normal 0.2667 -0.963779 0
    outer loop
      vertex -90.5545 86.4211 1.2
      vertex -90.1382 86.5363 36
      vertex -90.5545 86.4211 36
    endloop
  endfacet
  facet normal 0.359987 -0.932957 0
    outer loop
      vertex -90.9646 86.2856 36
      vertex -91.3676 86.1301 1.2
      vertex -90.9646 86.2856 1.2
    endloop
  endfacet
  facet normal 0.359987 -0.932957 0
    outer loop
      vertex -91.3676 86.1301 1.2
      vertex -90.9646 86.2856 36
      vertex -91.3676 86.1301 36
    endloop
  endfacet
  facet normal 0.171077 -0.985258 0
    outer loop
      vertex -89.2912 86.7048 36
      vertex -89.7168 86.6309 1.2
      vertex -89.2912 86.7048 1.2
    endloop
  endfacet
  facet normal 0.171077 -0.985258 0
    outer loop
      vertex -89.7168 86.6309 1.2
      vertex -89.2912 86.7048 36
      vertex -89.7168 86.6309 36
    endloop
  endfacet
  facet normal -0.724143 -0.689649 0
    outer loop
      vertex 94.2225 84.2225 36
      vertex 94.5204 83.9097 1.2
      vertex 94.5204 83.9097 36
    endloop
  endfacet
  facet normal -0.724143 -0.689649 0
    outer loop
      vertex 94.5204 83.9097 1.2
      vertex 94.2225 84.2225 36
      vertex 94.2225 84.2225 1.2
    endloop
  endfacet
  facet normal -0.985258 -0.171077 0
    outer loop
      vertex 96.6309 79.7168 36
      vertex 96.7048 79.2912 1.2
      vertex 96.7048 79.2912 36
    endloop
  endfacet
  facet normal -0.985258 -0.171077 0
    outer loop
      vertex 96.7048 79.2912 1.2
      vertex 96.6309 79.7168 36
      vertex 96.6309 79.7168 1.2
    endloop
  endfacet
  facet normal -0.975716 -0.219038 0
    outer loop
      vertex 96.5363 80.1382 36
      vertex 96.6309 79.7168 1.2
      vertex 96.6309 79.7168 36
    endloop
  endfacet
  facet normal -0.975716 -0.219038 0
    outer loop
      vertex 96.6309 79.7168 1.2
      vertex 96.5363 80.1382 36
      vertex 96.5363 80.1382 1.2
    endloop
  endfacet
  facet normal 0.985258 0.171077 0
    outer loop
      vertex -96.7048 -79.2912 1.2
      vertex -96.6309 -79.7168 36
      vertex -96.6309 -79.7168 1.2
    endloop
  endfacet
  facet normal 0.985258 0.171077 0
    outer loop
      vertex -96.6309 -79.7168 36
      vertex -96.7048 -79.2912 1.2
      vertex -96.7048 -79.2912 36
    endloop
  endfacet
  facet normal 0.975716 0.219038 0
    outer loop
      vertex -96.6309 -79.7168 1.2
      vertex -96.5363 -80.1382 36
      vertex -96.5363 -80.1382 1.2
    endloop
  endfacet
  facet normal 0.975716 0.219038 0
    outer loop
      vertex -96.5363 -80.1382 36
      vertex -96.6309 -79.7168 1.2
      vertex -96.6309 -79.7168 36
    endloop
  endfacet
  facet normal 0.122239 0.992501 0
    outer loop
      vertex -89.2912 -86.7048 36
      vertex -88.8625 -86.7576 1.2
      vertex -89.2912 -86.7048 1.2
    endloop
  endfacet
  facet normal 0.122239 0.992501 -0
    outer loop
      vertex -88.8625 -86.7576 1.2
      vertex -89.2912 -86.7048 36
      vertex -88.8625 -86.7576 36
    endloop
  endfacet
  facet normal 0.313726 0.949514 0
    outer loop
      vertex -90.9646 -86.2856 36
      vertex -90.5545 -86.4211 1.2
      vertex -90.9646 -86.2856 1.2
    endloop
  endfacet
  facet normal 0.313726 0.949514 -0
    outer loop
      vertex -90.5545 -86.4211 1.2
      vertex -90.9646 -86.2856 36
      vertex -90.5545 -86.4211 36
    endloop
  endfacet
  facet normal 0.219038 0.975716 0
    outer loop
      vertex -90.1382 -86.5363 36
      vertex -89.7168 -86.6309 1.2
      vertex -90.1382 -86.5363 1.2
    endloop
  endfacet
  facet normal 0.219038 0.975716 -0
    outer loop
      vertex -89.7168 -86.6309 1.2
      vertex -90.1382 -86.5363 36
      vertex -89.7168 -86.6309 36
    endloop
  endfacet
  facet normal 0.535047 0.844823 0
    outer loop
      vertex -92.889 -85.3169 36
      vertex -92.5241 -85.548 1.2
      vertex -92.889 -85.3169 1.2
    endloop
  endfacet
  facet normal 0.535047 0.844823 -0
    outer loop
      vertex -92.5241 -85.548 1.2
      vertex -92.889 -85.3169 36
      vertex -92.5241 -85.548 36
    endloop
  endfacet
  facet normal 0.40515 0.91425 0
    outer loop
      vertex -91.7625 -85.9551 36
      vertex -91.3676 -86.1301 1.2
      vertex -91.7625 -85.9551 1.2
    endloop
  endfacet
  facet normal 0.40515 0.91425 -0
    outer loop
      vertex -91.3676 -86.1301 1.2
      vertex -91.7625 -85.9551 36
      vertex -91.3676 -86.1301 36
    endloop
  endfacet
  facet normal 0.44962 0.89322 0
    outer loop
      vertex -92.1483 -85.7609 36
      vertex -91.7625 -85.9551 1.2
      vertex -92.1483 -85.7609 1.2
    endloop
  endfacet
  facet normal 0.44962 0.89322 -0
    outer loop
      vertex -91.7625 -85.9551 1.2
      vertex -92.1483 -85.7609 36
      vertex -91.7625 -85.9551 36
    endloop
  endfacet
  facet normal 0.359987 0.932957 0
    outer loop
      vertex -91.3676 -86.1301 36
      vertex -90.9646 -86.2856 1.2
      vertex -91.3676 -86.1301 1.2
    endloop
  endfacet
  facet normal 0.359987 0.932957 -0
    outer loop
      vertex -90.9646 -86.2856 1.2
      vertex -91.3676 -86.1301 36
      vertex -90.9646 -86.2856 36
    endloop
  endfacet
  facet normal 0.575728 0.817641 0
    outer loop
      vertex -93.2422 -85.0682 36
      vertex -92.889 -85.3169 1.2
      vertex -93.2422 -85.0682 1.2
    endloop
  endfacet
  facet normal 0.575728 0.817641 -0
    outer loop
      vertex -92.889 -85.3169 1.2
      vertex -93.2422 -85.0682 36
      vertex -92.889 -85.3169 36
    endloop
  endfacet
  facet normal 0.724143 0.689649 0
    outer loop
      vertex -94.5204 -83.9097 1.2
      vertex -94.2225 -84.2225 36
      vertex -94.2225 -84.2225 1.2
    endloop
  endfacet
  facet normal 0.724143 0.689649 0
    outer loop
      vertex -94.2225 -84.2225 36
      vertex -94.5204 -83.9097 1.2
      vertex -94.5204 -83.9097 36
    endloop
  endfacet
  facet normal 0.689649 0.724143 0
    outer loop
      vertex -94.2225 -84.2225 36
      vertex -93.9097 -84.5204 1.2
      vertex -94.2225 -84.2225 1.2
    endloop
  endfacet
  facet normal 0.689649 0.724143 -0
    outer loop
      vertex -93.9097 -84.5204 1.2
      vertex -94.2225 -84.2225 36
      vertex -93.9097 -84.5204 36
    endloop
  endfacet
  facet normal 0.788379 0.61519 0
    outer loop
      vertex -95.0682 -83.2422 1.2
      vertex -94.8025 -83.5827 36
      vertex -94.8025 -83.5827 1.2
    endloop
  endfacet
  facet normal 0.788379 0.61519 0
    outer loop
      vertex -94.8025 -83.5827 36
      vertex -95.0682 -83.2422 1.2
      vertex -95.0682 -83.2422 36
    endloop
  endfacet
  facet normal 0.757177 0.65321 0
    outer loop
      vertex -94.8025 -83.5827 1.2
      vertex -94.5204 -83.9097 36
      vertex -94.5204 -83.9097 1.2
    endloop
  endfacet
  facet normal 0.757177 0.65321 0
    outer loop
      vertex -94.5204 -83.9097 36
      vertex -94.8025 -83.5827 1.2
      vertex -94.8025 -83.5827 36
    endloop
  endfacet
  facet normal 0.788379 -0.61519 0
    outer loop
      vertex -94.8025 83.5827 1.2
      vertex -95.0682 83.2422 36
      vertex -95.0682 83.2422 1.2
    endloop
  endfacet
  facet normal 0.788379 -0.61519 0
    outer loop
      vertex -95.0682 83.2422 36
      vertex -94.8025 83.5827 1.2
      vertex -94.8025 83.5827 36
    endloop
  endfacet
  facet normal 0.492919 -0.870075 0
    outer loop
      vertex -92.1483 85.7609 36
      vertex -92.5241 85.548 1.2
      vertex -92.1483 85.7609 1.2
    endloop
  endfacet
  facet normal 0.492919 -0.870075 0
    outer loop
      vertex -92.5241 85.548 1.2
      vertex -92.1483 85.7609 36
      vertex -92.5241 85.548 36
    endloop
  endfacet
  facet normal 0.535047 -0.844823 0
    outer loop
      vertex -92.5241 85.548 36
      vertex -92.889 85.3169 1.2
      vertex -92.5241 85.548 1.2
    endloop
  endfacet
  facet normal 0.535047 -0.844823 0
    outer loop
      vertex -92.889 85.3169 1.2
      vertex -92.5241 85.548 36
      vertex -92.889 85.3169 36
    endloop
  endfacet
  facet normal 0.40515 -0.91425 0
    outer loop
      vertex -91.3676 86.1301 36
      vertex -91.7625 85.9551 1.2
      vertex -91.3676 86.1301 1.2
    endloop
  endfacet
  facet normal 0.40515 -0.91425 0
    outer loop
      vertex -91.7625 85.9551 1.2
      vertex -91.3676 86.1301 36
      vertex -91.7625 85.9551 36
    endloop
  endfacet
  facet normal 0.313726 -0.949514 0
    outer loop
      vertex -90.5545 86.4211 36
      vertex -90.9646 86.2856 1.2
      vertex -90.5545 86.4211 1.2
    endloop
  endfacet
  facet normal 0.313726 -0.949514 0
    outer loop
      vertex -90.9646 86.2856 1.2
      vertex -90.5545 86.4211 36
      vertex -90.9646 86.2856 36
    endloop
  endfacet
  facet normal -0.689649 -0.724143 -0
    outer loop
      vertex 94.2225 84.2225 36
      vertex 93.9097 84.5204 1.2
      vertex 94.2225 84.2225 1.2
    endloop
  endfacet
  facet normal -0.689649 -0.724143 0
    outer loop
      vertex 93.9097 84.5204 1.2
      vertex 94.2225 84.2225 36
      vertex 93.9097 84.5204 36
    endloop
  endfacet
  facet normal 0.171077 0.985258 0
    outer loop
      vertex -89.7168 -86.6309 36
      vertex -89.2912 -86.7048 1.2
      vertex -89.7168 -86.6309 1.2
    endloop
  endfacet
  facet normal 0.171077 0.985258 -0
    outer loop
      vertex -89.2912 -86.7048 1.2
      vertex -89.7168 -86.6309 36
      vertex -89.2912 -86.7048 36
    endloop
  endfacet
  facet normal 0.2667 0.963779 0
    outer loop
      vertex -90.5545 -86.4211 36
      vertex -90.1382 -86.5363 1.2
      vertex -90.5545 -86.4211 1.2
    endloop
  endfacet
  facet normal 0.2667 0.963779 -0
    outer loop
      vertex -90.1382 -86.5363 1.2
      vertex -90.5545 -86.4211 36
      vertex -90.1382 -86.5363 36
    endloop
  endfacet
  facet normal 0.492919 0.870075 0
    outer loop
      vertex -92.5241 -85.548 36
      vertex -92.1483 -85.7609 1.2
      vertex -92.5241 -85.548 1.2
    endloop
  endfacet
  facet normal 0.492919 0.870075 -0
    outer loop
      vertex -92.1483 -85.7609 1.2
      vertex -92.5241 -85.548 36
      vertex -92.1483 -85.7609 36
    endloop
  endfacet
  facet normal 0.61519 0.788379 0
    outer loop
      vertex -93.5827 -84.8025 36
      vertex -93.2422 -85.0682 1.2
      vertex -93.5827 -84.8025 1.2
    endloop
  endfacet
  facet normal 0.61519 0.788379 -0
    outer loop
      vertex -93.2422 -85.0682 1.2
      vertex -93.5827 -84.8025 36
      vertex -93.2422 -85.0682 36
    endloop
  endfacet
endsolid OpenSCAD_Model
